=== Endpoint probe at 2026-03-01 20:52:34 ===

--- docket=16408805 call#2 ---
URL: https://www.courtlistener.com/api/rest/v4/docket-entries/?docket=16408805&format=json&page_size=1
Status: 403
Body: {"detail":"You do not have permission to perform this action."}

--- docket=16408805 call#3 ---
URL: https://www.courtlistener.com/api/rest/v4/recap-documents/?docket_entry__docket=16408805&format=json&page_size=1
Status: 403
Body: {"detail":"You do not have permission to perform this action."}

=== Docket detail structure ===
Keys: ['resource_uri', 'id', 'court', 'court_id', 'original_court_info', 'idb_data', 'clusters', 'audio_files', 'assigned_to', 'referred_to', 'bankruptcy_information', 'absolute_url', 'date_created', 'date_modified', 'source', 'appeal_from_str', 'assigned_to_str', 'referred_to_str', 'panel_str', 'date_last_index', 'date_cert_granted', 'date_cert_denied', 'date_argued', 'date_reargued', 'date_reargument_denied', 'date_filed', 'date_terminated', 'date_last_filing', 'case_name_short', 'case_name', 'case_name_full', 'slug', 'docket_number', 'docket_number_core', 'docket_number_raw', 'docket_number_source', 'federal_dn_office_code', 'federal_dn_case_type', 'federal_dn_judge_initials_assigned', 'federal_dn_judge_initials_referred', 'federal_defendant_number', 'pacer_case_id', 'cause', 'nature_of_suit', 'jury_demand', 'jurisdiction_type', 'appellate_fee_status', 'appellate_case_type_information', 'mdl_status', 'filepath_ia', 'filepath_ia_json', 'ia_upload_failure_count', 'ia_needs_upload', 'ia_date_first_change', 'date_blocked', 'blocked', 'appeal_from', 'parent_docket', 'tags', 'panel']
List fields: {'clusters': 1, 'audio_files': 0, 'tags': 0, 'panel': 0}
  resource_uri: str = https://www.courtlistener.com/api/rest/v4/dockets/16408805/?format=json
  id: int = 16408805
  court: str = https://www.courtlistener.com/api/rest/v4/courts/idd/?format=json
  court_id: str = idd
  original_court_info: NoneType = None
  idb_data: dict keys=['resource_uri', 'date_created', 'date_modified', 'dataset_source', 'office', 'docket_number', 'origin', 'date_filed', 'jurisdiction', 'nature_of_suit']
  clusters: list[1] sample=['https://www.courtlistener.com/api/rest/v4/clusters/9666625/?format=json']
  audio_files: list[0] sample=[]
  assigned_to: str = https://www.courtlistener.com/api/rest/v4/people/3514/?format=json
  referred_to: NoneType = None
  bankruptcy_information: NoneType = None
  absolute_url: str = /docket/16408805/hugunin-v-jp-morgan-chase-bank-na/
  date_created: str = 2019-10-31T10:21:51.913813-07:00
  date_modified: str = 2024-11-12T15:19:50.998100-08:00
  source: int = 9
  appeal_from_str: str = 
  assigned_to_str: str = B Lynn Winmill
  referred_to_str: str = 
  panel_str: str = 
  date_last_index: str = 2021-11-06T02:26:41.603894-07:00
  date_cert_granted: NoneType = None
  date_cert_denied: NoneType = None
  date_argued: NoneType = None
  date_reargued: NoneType = None
  date_reargument_denied: NoneType = None
  date_filed: str = 2019-10-31
  date_terminated: str = 2019-12-06
  date_last_filing: str = 2021-02-08
  case_name_short: str = Hugunin
  case_name: str = Hugunin v. J.P. Morgan Chase Bank, N.A.
  case_name_full: str = 
  slug: str = hugunin-v-jp-morgan-chase-bank-na
  docket_number: str = 1:19-cv-00423
  docket_number_core: str = 1900423
  docket_number_raw: str = 1:19-cv-00423
  docket_number_source: int = 0
  federal_dn_office_code: str = 
  federal_dn_case_type: str = 
  federal_dn_judge_initials_assigned: str = 
  federal_dn_judge_initials_referred: str = 
  federal_defendant_number: NoneType = None
  pacer_case_id: str = 44658
  cause: str = 28:1983 Civil Rights
  nature_of_suit: str = Banks and Banking
  jury_demand: str = 
  jurisdiction_type: str = Federal question
  appellate_fee_status: str = 
  appellate_case_type_information: str = 
  mdl_status: str = 
  filepath_ia: str = 
  filepath_ia_json: str = 
  ia_upload_failure_count: NoneType = None
  ia_needs_upload: bool = True
  ia_date_first_change: str = 2019-10-31T10:21:51.909502-07:00
  date_blocked: NoneType = None
  blocked: bool = False
  appeal_from: NoneType = None
  parent_docket: NoneType = None
  tags: list[0] sample=[]
  panel: list[0] sample=[]

--- docket=17265306 call#4727 ---
URL: https://www.courtlistener.com/api/rest/v4/dockets/17265306/?format=json
Status: 200
Body: {"resource_uri":"https://www.courtlistener.com/api/rest/v4/dockets/17265306/?format=json","id":17265306,"court":"https://www.courtlistener.com/api/rest/v4/courts/vaed/?format=json","court_id":"vaed","original_court_info":null,"idb_data":null,"clusters":["https://www.courtlistener.com/api/rest/v4/clusters/10221947/?format=json"],"audio_files":[],"assigned_to":"https://www.courtlistener.com/api/rest/v4/people/9622/?format=json","referred_to":null,"bankruptcy_information":null,"absolute_url":"/dock

--- docket=14527386 call#4728 ---
URL: https://www.courtlistener.com/api/rest/v4/dockets/14527386/?format=json
Status: 200
Body: {"resource_uri":"https://www.courtlistener.com/api/rest/v4/dockets/14527386/?format=json","id":14527386,"court":"https://www.courtlistener.com/api/rest/v4/courts/cand/?format=json","court_id":"cand","original_court_info":null,"idb_data":{"resource_uri":"https://www.courtlistener.com/api/rest/v4/fjc-integrated-database/25591813/?format=json","date_created":"2020-08-27T02:00:45.210652-07:00","date_modified":"2022-01-28T13:43:07.956716-08:00","dataset_source":9,"office":"5","docket_number":"1900372

--- docket=15661943 call#4729 ---
URL: https://www.courtlistener.com/api/rest/v4/dockets/15661943/?format=json
Status: 200
Body: {"resource_uri":"https://www.courtlistener.com/api/rest/v4/dockets/15661943/?format=json","id":15661943,"court":"https://www.courtlistener.com/api/rest/v4/courts/paed/?format=json","court_id":"paed","original_court_info":null,"idb_data":{"resource_uri":"https://www.courtlistener.com/api/rest/v4/fjc-integrated-database/25784860/?format=json","date_created":"2020-08-27T03:52:38.616970-07:00","date_modified":"2022-01-28T12:07:57.027826-08:00","dataset_source":9,"office":"2","docket_number":"1902218

--- docket=16204325 call#4730 ---
URL: https://www.courtlistener.com/api/rest/v4/dockets/16204325/?format=json
Status: 200
Body: {"resource_uri":"https://www.courtlistener.com/api/rest/v4/dockets/16204325/?format=json","id":16204325,"court":"https://www.courtlistener.com/api/rest/v4/courts/cand/?format=json","court_id":"cand","original_court_info":null,"idb_data":{"resource_uri":"https://www.courtlistener.com/api/rest/v4/fjc-integrated-database/25591317/?format=json","date_created":"2020-08-27T02:00:36.044445-07:00","date_modified":"2022-01-28T13:43:10.795530-08:00","dataset_source":9,"office":"5","docket_number":"1905794

--- docket=16503388 call#4731 ---
URL: https://www.courtlistener.com/api/rest/v4/dockets/16503388/?format=json
Status: 200
Body: {"resource_uri":"https://www.courtlistener.com/api/rest/v4/dockets/16503388/?format=json","id":16503388,"court":"https://www.courtlistener.com/api/rest/v4/courts/njd/?format=json","court_id":"njd","original_court_info":null,"idb_data":{"resource_uri":"https://www.courtlistener.com/api/rest/v4/fjc-integrated-database/25803559/?format=json","date_created":"2020-08-27T04:04:24.329193-07:00","date_modified":"2022-01-28T11:50:58.327674-08:00","dataset_source":9,"office":"2","docket_number":"1920588",

--- docket=15687275 call#4732 ---
URL: https://www.courtlistener.com/api/rest/v4/dockets/15687275/?format=json
Status: 200
Body: {"resource_uri":"https://www.courtlistener.com/api/rest/v4/dockets/15687275/?format=json","id":15687275,"court":"https://www.courtlistener.com/api/rest/v4/courts/cand/?format=json","court_id":"cand","original_court_info":null,"idb_data":{"resource_uri":"https://www.courtlistener.com/api/rest/v4/fjc-integrated-database/25593875/?format=json","date_created":"2020-08-27T02:01:42.319762-07:00","date_modified":"2022-01-28T13:42:05.822306-08:00","dataset_source":9,"office":"4","docket_number":"1902935

--- docket=16024481 call#4733 ---
URL: https://www.courtlistener.com/api/rest/v4/dockets/16024481/?format=json
Status: 200
Body: {"resource_uri":"https://www.courtlistener.com/api/rest/v4/dockets/16024481/?format=json","id":16024481,"court":"https://www.courtlistener.com/api/rest/v4/courts/ksd/?format=json","court_id":"ksd","original_court_info":null,"idb_data":{"resource_uri":"https://www.courtlistener.com/api/rest/v4/fjc-integrated-database/25539736/?format=json","date_created":"2020-08-27T01:36:52.374894-07:00","date_modified":"2022-01-28T14:04:52.197090-08:00","dataset_source":9,"office":"2","docket_number":"1902449",

--- docket=15675527 call#4734 ---
URL: https://www.courtlistener.com/api/rest/v4/dockets/15675527/?format=json
Status: 200
Body: {"resource_uri":"https://www.courtlistener.com/api/rest/v4/dockets/15675527/?format=json","id":15675527,"court":"https://www.courtlistener.com/api/rest/v4/courts/nysd/?format=json","court_id":"nysd","original_court_info":null,"idb_data":{"resource_uri":"https://www.courtlistener.com/api/rest/v4/fjc-integrated-database/25840130/?format=json","date_created":"2020-08-27T04:21:37.829206-07:00","date_modified":"2022-01-28T11:35:44.027914-08:00","dataset_source":9,"office":"1","docket_number":"1904883

--- docket=15659384 call#4735 ---
URL: https://www.courtlistener.com/api/rest/v4/dockets/15659384/?format=json
Status: 200
Body: {"resource_uri":"https://www.courtlistener.com/api/rest/v4/dockets/15659384/?format=json","id":15659384,"court":"https://www.courtlistener.com/api/rest/v4/courts/nywd/?format=json","court_id":"nywd","original_court_info":null,"idb_data":{"resource_uri":"https://www.courtlistener.com/api/rest/v4/fjc-integrated-database/25827186/?format=json","date_created":"2020-08-27T04:15:35.563323-07:00","date_modified":"2022-01-28T11:41:44.504221-08:00","dataset_source":9,"office":"1","docket_number":"1900661

--- docket=59993422 call#4736 ---
URL: https://www.courtlistener.com/api/rest/v4/dockets/59993422/?format=json
Status: 200
Body: {"resource_uri":"https://www.courtlistener.com/api/rest/v4/dockets/59993422/?format=json","id":59993422,"court":"https://www.courtlistener.com/api/rest/v4/courts/cand/?format=json","court_id":"cand","original_court_info":null,"idb_data":null,"clusters":["https://www.courtlistener.com/api/rest/v4/clusters/9601948/?format=json"],"audio_files":[],"assigned_to":"https://www.courtlistener.com/api/rest/v4/people/2899/?format=json","referred_to":null,"bankruptcy_information":null,"absolute_url":"/docke

--- docket=4521152 call#4737 ---
URL: https://www.courtlistener.com/api/rest/v4/dockets/4521152/?format=json
Status: 200
Body: {"resource_uri":"https://www.courtlistener.com/api/rest/v4/dockets/4521152/?format=json","id":4521152,"court":"https://www.courtlistener.com/api/rest/v4/courts/nyed/?format=json","court_id":"nyed","original_court_info":null,"idb_data":{"resource_uri":"https://www.courtlistener.com/api/rest/v4/fjc-integrated-database/24512689/?format=json","date_created":"2018-11-21T09:51:04.623409-08:00","date_modified":"2022-01-28T09:54:05.435829-08:00","dataset_source":9,"office":"2","docket_number":"1604581",

--- docket=4517980 call#4738 ---
URL: https://www.courtlistener.com/api/rest/v4/dockets/4517980/?format=json
Status: 200
Body: {"resource_uri":"https://www.courtlistener.com/api/rest/v4/dockets/4517980/?format=json","id":4517980,"court":"https://www.courtlistener.com/api/rest/v4/courts/njd/?format=json","court_id":"njd","original_court_info":null,"idb_data":{"resource_uri":"https://www.courtlistener.com/api/rest/v4/fjc-integrated-database/24558406/?format=json","date_created":"2018-11-21T09:56:19.500622-08:00","date_modified":"2022-01-28T06:42:50.449196-08:00","dataset_source":9,"office":"2","docket_number":"1601619","o

--- docket=67937221 call#4739 ---
URL: https://www.courtlistener.com/api/rest/v4/dockets/67937221/?format=json
Status: 200
Body: {"resource_uri":"https://www.courtlistener.com/api/rest/v4/dockets/67937221/?format=json","id":67937221,"court":"https://www.courtlistener.com/api/rest/v4/courts/cacd/?format=json","court_id":"cacd","original_court_info":null,"idb_data":null,"clusters":["https://www.courtlistener.com/api/rest/v4/clusters/10617355/?format=json","https://www.courtlistener.com/api/rest/v4/clusters/10627105/?format=json"],"audio_files":[],"assigned_to":null,"referred_to":"https://www.courtlistener.com/api/rest/v4/pe

--- docket=6173913 call#4740 ---
URL: https://www.courtlistener.com/api/rest/v4/dockets/6173913/?format=json
Status: 200
Body: {"resource_uri":"https://www.courtlistener.com/api/rest/v4/dockets/6173913/?format=json","id":6173913,"court":"https://www.courtlistener.com/api/rest/v4/courts/nysd/?format=json","court_id":"nysd","original_court_info":null,"idb_data":{"resource_uri":"https://www.courtlistener.com/api/rest/v4/fjc-integrated-database/24527402/?format=json","date_created":"2018-11-21T09:52:26.102054-08:00","date_modified":"2022-01-28T11:34:45.066220-08:00","dataset_source":9,"office":"1","docket_number":"1708118",

--- docket=71933500 call#4741 ---
URL: https://www.courtlistener.com/api/rest/v4/dockets/71933500/?format=json
Status: 200
Body: {"resource_uri":"https://www.courtlistener.com/api/rest/v4/dockets/71933500/?format=json","id":71933500,"court":"https://www.courtlistener.com/api/rest/v4/courts/mnd/?format=json","court_id":"mnd","original_court_info":null,"idb_data":null,"clusters":["https://www.courtlistener.com/api/rest/v4/clusters/10740179/?format=json"],"audio_files":[],"assigned_to":"https://www.courtlistener.com/api/rest/v4/people/8659/?format=json","referred_to":null,"bankruptcy_information":null,"absolute_url":"/docket

--- docket=15921203 call#4742 ---
URL: https://www.courtlistener.com/api/rest/v4/dockets/15921203/?format=json
Status: 200
Body: {"resource_uri":"https://www.courtlistener.com/api/rest/v4/dockets/15921203/?format=json","id":15921203,"court":"https://www.courtlistener.com/api/rest/v4/courts/njd/?format=json","court_id":"njd","original_court_info":null,"idb_data":{"resource_uri":"https://www.courtlistener.com/api/rest/v4/fjc-integrated-database/25805477/?format=json","date_created":"2020-08-27T04:05:00.279751-07:00","date_modified":"2022-01-28T11:50:32.874752-08:00","dataset_source":9,"office":"2","docket_number":"1915382",

--- docket=8220927 call#4743 ---
URL: https://www.courtlistener.com/api/rest/v4/dockets/8220927/?format=json
Status: 200
Body: {"resource_uri":"https://www.courtlistener.com/api/rest/v4/dockets/8220927/?format=json","id":8220927,"court":"https://www.courtlistener.com/api/rest/v4/courts/njd/?format=json","court_id":"njd","original_court_info":null,"idb_data":{"resource_uri":"https://www.courtlistener.com/api/rest/v4/fjc-integrated-database/25815903/?format=json","date_created":"2020-08-27T04:08:51.383767-07:00","date_modified":"2022-01-28T11:47:45.211291-08:00","dataset_source":9,"office":"2","docket_number":"1815530","o

--- docket=67000660 call#4744 ---
URL: https://www.courtlistener.com/api/rest/v4/dockets/67000660/?format=json
Status: 200
Body: {"resource_uri":"https://www.courtlistener.com/api/rest/v4/dockets/67000660/?format=json","id":67000660,"court":"https://www.courtlistener.com/api/rest/v4/courts/nysd/?format=json","court_id":"nysd","original_court_info":null,"idb_data":null,"clusters":["https://www.courtlistener.com/api/rest/v4/clusters/9885779/?format=json","https://www.courtlistener.com/api/rest/v4/clusters/10196335/?format=json","https://www.courtlistener.com/api/rest/v4/clusters/9888943/?format=json"],"audio_files":[],"assi

--- docket=69183700 call#4745 ---
URL: https://www.courtlistener.com/api/rest/v4/dockets/69183700/?format=json
Status: 200
Body: {"resource_uri":"https://www.courtlistener.com/api/rest/v4/dockets/69183700/?format=json","id":69183700,"court":"https://www.courtlistener.com/api/rest/v4/courts/njd/?format=json","court_id":"njd","original_court_info":null,"idb_data":null,"clusters":["https://www.courtlistener.com/api/rest/v4/clusters/10743841/?format=json"],"audio_files":[],"assigned_to":"https://www.courtlistener.com/api/rest/v4/people/9386/?format=json","referred_to":"https://www.courtlistener.com/api/rest/v4/people/9376/?fo

--- docket=66613198 call#4746 ---
URL: https://www.courtlistener.com/api/rest/v4/dockets/66613198/?format=json
Status: 200
Body: {"resource_uri":"https://www.courtlistener.com/api/rest/v4/dockets/66613198/?format=json","id":66613198,"court":"https://www.courtlistener.com/api/rest/v4/courts/nysd/?format=json","court_id":"nysd","original_court_info":null,"idb_data":null,"clusters":["https://www.courtlistener.com/api/rest/v4/clusters/10673961/?format=json","https://www.courtlistener.com/api/rest/v4/clusters/9883009/?format=json","https://www.courtlistener.com/api/rest/v4/clusters/10647718/?format=json"],"audio_files":[],"ass

--- docket=63241859 call#4747 ---
URL: https://www.courtlistener.com/api/rest/v4/dockets/63241859/?format=json
Status: 200
Body: {"resource_uri":"https://www.courtlistener.com/api/rest/v4/dockets/63241859/?format=json","id":63241859,"court":"https://www.courtlistener.com/api/rest/v4/courts/nysd/?format=json","court_id":"nysd","original_court_info":null,"idb_data":null,"clusters":["https://www.courtlistener.com/api/rest/v4/clusters/9876071/?format=json"],"audio_files":[],"assigned_to":"https://www.courtlistener.com/api/rest/v4/people/733/?format=json","referred_to":null,"bankruptcy_information":null,"absolute_url":"/docket

--- docket=69593359 call#4748 ---
URL: https://www.courtlistener.com/api/rest/v4/dockets/69593359/?format=json
Status: 200
Body: {"resource_uri":"https://www.courtlistener.com/api/rest/v4/dockets/69593359/?format=json","id":69593359,"court":"https://www.courtlistener.com/api/rest/v4/courts/nysd/?format=json","court_id":"nysd","original_court_info":null,"idb_data":null,"clusters":["https://www.courtlistener.com/api/rest/v4/clusters/10377722/?format=json"],"audio_files":[],"assigned_to":"https://www.courtlistener.com/api/rest/v4/people/2174/?format=json","referred_to":null,"bankruptcy_information":null,"absolute_url":"/dock

--- docket=60694299 call#4749 ---
URL: https://www.courtlistener.com/api/rest/v4/dockets/60694299/?format=json
Status: 200
Body: {"resource_uri":"https://www.courtlistener.com/api/rest/v4/dockets/60694299/?format=json","id":60694299,"court":"https://www.courtlistener.com/api/rest/v4/courts/innd/?format=json","court_id":"innd","original_court_info":null,"idb_data":null,"clusters":["https://www.courtlistener.com/api/rest/v4/clusters/10320095/?format=json","https://www.courtlistener.com/api/rest/v4/clusters/10747865/?format=json","https://www.courtlistener.com/api/rest/v4/clusters/9698361/?format=json","https://www.courtlist

--- docket=17407335 call#4750 ---
URL: https://www.courtlistener.com/api/rest/v4/dockets/17407335/?format=json
Status: 200
Body: {"resource_uri":"https://www.courtlistener.com/api/rest/v4/dockets/17407335/?format=json","id":17407335,"court":"https://www.courtlistener.com/api/rest/v4/courts/nysd/?format=json","court_id":"nysd","original_court_info":null,"idb_data":null,"clusters":["https://www.courtlistener.com/api/rest/v4/clusters/9859350/?format=json"],"audio_files":[],"assigned_to":"https://www.courtlistener.com/api/rest/v4/people/1152/?format=json","referred_to":null,"bankruptcy_information":null,"absolute_url":"/docke

--- docket=67409549 call#4751 ---
URL: https://www.courtlistener.com/api/rest/v4/dockets/67409549/?format=json
Status: 200
Body: {"resource_uri":"https://www.courtlistener.com/api/rest/v4/dockets/67409549/?format=json","id":67409549,"court":"https://www.courtlistener.com/api/rest/v4/courts/mad/?format=json","court_id":"mad","original_court_info":null,"idb_data":null,"clusters":["https://www.courtlistener.com/api/rest/v4/clusters/10365913/?format=json"],"audio_files":[],"assigned_to":"https://www.courtlistener.com/api/rest/v4/people/3164/?format=json","referred_to":null,"bankruptcy_information":null,"absolute_url":"/docket

--- docket=16453544 call#4752 ---
URL: https://www.courtlistener.com/api/rest/v4/dockets/16453544/?format=json
Status: 200
Body: {"resource_uri":"https://www.courtlistener.com/api/rest/v4/dockets/16453544/?format=json","id":16453544,"court":"https://www.courtlistener.com/api/rest/v4/courts/nysd/?format=json","court_id":"nysd","original_court_info":null,"idb_data":{"resource_uri":"https://www.courtlistener.com/api/rest/v4/fjc-integrated-database/25835797/?format=json","date_created":"2020-08-27T04:20:00.646054-07:00","date_modified":"2022-01-28T11:36:13.853819-08:00","dataset_source":9,"office":"1","docket_number":"1910460

--- docket=18507991 call#4753 ---
URL: https://www.courtlistener.com/api/rest/v4/dockets/18507991/?format=json
Status: 200
Body: {"resource_uri":"https://www.courtlistener.com/api/rest/v4/dockets/18507991/?format=json","id":18507991,"court":"https://www.courtlistener.com/api/rest/v4/courts/pamd/?format=json","court_id":"pamd","original_court_info":null,"idb_data":null,"clusters":["https://www.courtlistener.com/api/rest/v4/clusters/9942793/?format=json","https://www.courtlistener.com/api/rest/v4/clusters/9943147/?format=json"],"audio_files":[],"assigned_to":"https://www.courtlistener.com/api/rest/v4/people/701/?format=json

--- docket=63000461 call#4754 ---
URL: https://www.courtlistener.com/api/rest/v4/dockets/63000461/?format=json
Status: 200
Body: {"resource_uri":"https://www.courtlistener.com/api/rest/v4/dockets/63000461/?format=json","id":63000461,"court":"https://www.courtlistener.com/api/rest/v4/courts/nysd/?format=json","court_id":"nysd","original_court_info":null,"idb_data":null,"clusters":["https://www.courtlistener.com/api/rest/v4/clusters/9884279/?format=json","https://www.courtlistener.com/api/rest/v4/clusters/10194592/?format=json","https://www.courtlistener.com/api/rest/v4/clusters/10196044/?format=json","https://www.courtlist

--- docket=4524484 call#4755 ---
URL: https://www.courtlistener.com/api/rest/v4/dockets/4524484/?format=json
Status: 200
Body: {"resource_uri":"https://www.courtlistener.com/api/rest/v4/dockets/4524484/?format=json","id":4524484,"court":"https://www.courtlistener.com/api/rest/v4/courts/nysd/?format=json","court_id":"nysd","original_court_info":null,"idb_data":{"resource_uri":"https://www.courtlistener.com/api/rest/v4/fjc-integrated-database/24521376/?format=json","date_created":"2018-11-21T09:51:51.993670-08:00","date_modified":"2022-01-28T11:34:33.992788-08:00","dataset_source":9,"office":"1","docket_number":"1607203",

--- docket=59709856 call#4756 ---
URL: https://www.courtlistener.com/api/rest/v4/dockets/59709856/?format=json
Status: 200
Body: {"resource_uri":"https://www.courtlistener.com/api/rest/v4/dockets/59709856/?format=json","id":59709856,"court":"https://www.courtlistener.com/api/rest/v4/courts/nysd/?format=json","court_id":"nysd","original_court_info":null,"idb_data":null,"clusters":["https://www.courtlistener.com/api/rest/v4/clusters/10193711/?format=json","https://www.courtlistener.com/api/rest/v4/clusters/9875392/?format=json","https://www.courtlistener.com/api/rest/v4/clusters/9875702/?format=json"],"audio_files":[],"assi

--- docket=65748377 call#4757 ---
URL: https://www.courtlistener.com/api/rest/v4/dockets/65748377/?format=json
Status: 200
Body: {"resource_uri":"https://www.courtlistener.com/api/rest/v4/dockets/65748377/?format=json","id":65748377,"court":"https://www.courtlistener.com/api/rest/v4/courts/nysd/?format=json","court_id":"nysd","original_court_info":null,"idb_data":null,"clusters":["https://www.courtlistener.com/api/rest/v4/clusters/9881903/?format=json"],"audio_files":[],"assigned_to":"https://www.courtlistener.com/api/rest/v4/people/1421/?format=json","referred_to":null,"bankruptcy_information":null,"absolute_url":"/docke

--- docket=16934105 call#4758 ---
URL: https://www.courtlistener.com/api/rest/v4/dockets/16934105/?format=json
Status: 200
Body: {"resource_uri":"https://www.courtlistener.com/api/rest/v4/dockets/16934105/?format=json","id":16934105,"court":"https://www.courtlistener.com/api/rest/v4/courts/mowd/?format=json","court_id":"mowd","original_court_info":null,"idb_data":{"resource_uri":"https://www.courtlistener.com/api/rest/v4/fjc-integrated-database/25615095/?format=json","date_created":"2020-08-27T02:13:18.758017-07:00","date_modified":"2022-01-28T13:33:21.961472-08:00","dataset_source":9,"office":"4","docket_number":"2000166

--- docket=67803732 call#4759 ---
URL: https://www.courtlistener.com/api/rest/v4/dockets/67803732/?format=json
Status: 200
Body: {"resource_uri":"https://www.courtlistener.com/api/rest/v4/dockets/67803732/?format=json","id":67803732,"court":"https://www.courtlistener.com/api/rest/v4/courts/mdd/?format=json","court_id":"mdd","original_court_info":null,"idb_data":null,"clusters":["https://www.courtlistener.com/api/rest/v4/clusters/9743039/?format=json"],"audio_files":[],"assigned_to":null,"referred_to":null,"bankruptcy_information":null,"absolute_url":"/docket/67803732/davis-v-keppler/","date_created":"2023-09-17T20:53:32.2

--- docket=14714003 call#4760 ---
URL: https://www.courtlistener.com/api/rest/v4/dockets/14714003/?format=json
Status: 200
Body: {"resource_uri":"https://www.courtlistener.com/api/rest/v4/dockets/14714003/?format=json","id":14714003,"court":"https://www.courtlistener.com/api/rest/v4/courts/txsd/?format=json","court_id":"txsd","original_court_info":null,"idb_data":{"resource_uri":"https://www.courtlistener.com/api/rest/v4/fjc-integrated-database/25705580/?format=json","date_created":"2020-08-27T02:58:21.854082-07:00","date_modified":"2022-01-28T12:49:26.525404-08:00","dataset_source":9,"office":"4","docket_number":"1900957

--- docket=67356058 call#4761 ---
URL: https://www.courtlistener.com/api/rest/v4/dockets/67356058/?format=json
Status: 200
Body: {"resource_uri":"https://www.courtlistener.com/api/rest/v4/dockets/67356058/?format=json","id":67356058,"court":"https://www.courtlistener.com/api/rest/v4/courts/nysd/?format=json","court_id":"nysd","original_court_info":null,"idb_data":null,"clusters":["https://www.courtlistener.com/api/rest/v4/clusters/9884494/?format=json"],"audio_files":[],"assigned_to":"https://www.courtlistener.com/api/rest/v4/people/3549/?format=json","referred_to":null,"bankruptcy_information":null,"absolute_url":"/docke

--- docket=6175876 call#4762 ---
URL: https://www.courtlistener.com/api/rest/v4/dockets/6175876/?format=json
Status: 200
Body: {"resource_uri":"https://www.courtlistener.com/api/rest/v4/dockets/6175876/?format=json","id":6175876,"court":"https://www.courtlistener.com/api/rest/v4/courts/nysd/?format=json","court_id":"nysd","original_court_info":null,"idb_data":{"resource_uri":"https://www.courtlistener.com/api/rest/v4/fjc-integrated-database/24527448/?format=json","date_created":"2018-11-21T09:52:26.108169-08:00","date_modified":"2022-01-28T08:11:49.083411-08:00","dataset_source":9,"office":"1","docket_number":"1708169",

--- docket=67493732 call#4763 ---
URL: https://www.courtlistener.com/api/rest/v4/dockets/67493732/?format=json
Status: 200
Body: {"resource_uri":"https://www.courtlistener.com/api/rest/v4/dockets/67493732/?format=json","id":67493732,"court":"https://www.courtlistener.com/api/rest/v4/courts/wawd/?format=json","court_id":"wawd","original_court_info":null,"idb_data":null,"clusters":["https://www.courtlistener.com/api/rest/v4/clusters/10242528/?format=json"],"audio_files":[],"assigned_to":null,"referred_to":null,"bankruptcy_information":null,"absolute_url":"/docket/67493732/cupceanu-v-zelan/","date_created":"2023-06-12T11:20:

--- docket=67502541 call#4764 ---
URL: https://www.courtlistener.com/api/rest/v4/dockets/67502541/?format=json
Status: 200
Body: {"resource_uri":"https://www.courtlistener.com/api/rest/v4/dockets/67502541/?format=json","id":67502541,"court":"https://www.courtlistener.com/api/rest/v4/courts/cand/?format=json","court_id":"cand","original_court_info":null,"idb_data":null,"clusters":["https://www.courtlistener.com/api/rest/v4/clusters/9610642/?format=json","https://www.courtlistener.com/api/rest/v4/clusters/10602019/?format=json"],"audio_files":[],"assigned_to":null,"referred_to":null,"bankruptcy_information":null,"absolute_u

--- docket=67538124 call#4765 ---
URL: https://www.courtlistener.com/api/rest/v4/dockets/67538124/?format=json
Status: 200
Body: {"resource_uri":"https://www.courtlistener.com/api/rest/v4/dockets/67538124/?format=json","id":67538124,"court":"https://www.courtlistener.com/api/rest/v4/courts/nysd/?format=json","court_id":"nysd","original_court_info":null,"idb_data":null,"clusters":["https://www.courtlistener.com/api/rest/v4/clusters/9888582/?format=json"],"audio_files":[],"assigned_to":"https://www.courtlistener.com/api/rest/v4/people/450/?format=json","referred_to":null,"bankruptcy_information":null,"absolute_url":"/docket

--- docket=59943762 call#4766 ---
URL: https://www.courtlistener.com/api/rest/v4/dockets/59943762/?format=json
Status: 200
Body: {"resource_uri":"https://www.courtlistener.com/api/rest/v4/dockets/59943762/?format=json","id":59943762,"court":"https://www.courtlistener.com/api/rest/v4/courts/nysd/?format=json","court_id":"nysd","original_court_info":null,"idb_data":null,"clusters":["https://www.courtlistener.com/api/rest/v4/clusters/10194347/?format=json","https://www.courtlistener.com/api/rest/v4/clusters/9869344/?format=json","https://www.courtlistener.com/api/rest/v4/clusters/9874212/?format=json"],"audio_files":[],"assi

--- docket=69247682 call#4767 ---
URL: https://www.courtlistener.com/api/rest/v4/dockets/69247682/?format=json
Status: 200
Body: {"resource_uri":"https://www.courtlistener.com/api/rest/v4/dockets/69247682/?format=json","id":69247682,"court":"https://www.courtlistener.com/api/rest/v4/courts/txwd/?format=json","court_id":"txwd","original_court_info":null,"idb_data":null,"clusters":["https://www.courtlistener.com/api/rest/v4/clusters/10297522/?format=json","https://www.courtlistener.com/api/rest/v4/clusters/10300925/?format=json"],"audio_files":[],"assigned_to":"https://www.courtlistener.com/api/rest/v4/people/2573/?format=j

--- docket=18486887 call#4768 ---
URL: https://www.courtlistener.com/api/rest/v4/dockets/18486887/?format=json
Status: 200
Body: {"resource_uri":"https://www.courtlistener.com/api/rest/v4/dockets/18486887/?format=json","id":18486887,"court":"https://www.courtlistener.com/api/rest/v4/courts/txed/?format=json","court_id":"txed","original_court_info":null,"idb_data":null,"clusters":["https://www.courtlistener.com/api/rest/v4/clusters/9978188/?format=json","https://www.courtlistener.com/api/rest/v4/clusters/9978803/?format=json"],"audio_files":[],"assigned_to":"https://www.courtlistener.com/api/rest/v4/people/14410/?format=js

--- docket=67561695 call#4769 ---
URL: https://www.courtlistener.com/api/rest/v4/dockets/67561695/?format=json
Status: 200
Body: {"resource_uri":"https://www.courtlistener.com/api/rest/v4/dockets/67561695/?format=json","id":67561695,"court":"https://www.courtlistener.com/api/rest/v4/courts/njd/?format=json","court_id":"njd","original_court_info":null,"idb_data":null,"clusters":["https://www.courtlistener.com/api/rest/v4/clusters/10189116/?format=json","https://www.courtlistener.com/api/rest/v4/clusters/10190012/?format=json"],"audio_files":[],"assigned_to":"https://www.courtlistener.com/api/rest/v4/people/459/?format=json

--- docket=67527513 call#4770 ---
URL: https://www.courtlistener.com/api/rest/v4/dockets/67527513/?format=json
Status: 200
Body: {"resource_uri":"https://www.courtlistener.com/api/rest/v4/dockets/67527513/?format=json","id":67527513,"court":"https://www.courtlistener.com/api/rest/v4/courts/ded/?format=json","court_id":"ded","original_court_info":null,"idb_data":null,"clusters":["https://www.courtlistener.com/api/rest/v4/clusters/10276812/?format=json","https://www.courtlistener.com/api/rest/v4/clusters/9636151/?format=json"],"audio_files":[],"assigned_to":"https://www.courtlistener.com/api/rest/v4/people/9138/?format=json

--- docket=67539664 call#4771 ---
URL: https://www.courtlistener.com/api/rest/v4/dockets/67539664/?format=json
Status: 200
Body: {"resource_uri":"https://www.courtlistener.com/api/rest/v4/dockets/67539664/?format=json","id":67539664,"court":"https://www.courtlistener.com/api/rest/v4/courts/nysd/?format=json","court_id":"nysd","original_court_info":null,"idb_data":null,"clusters":["https://www.courtlistener.com/api/rest/v4/clusters/9890466/?format=json"],"audio_files":[],"assigned_to":"https://www.courtlistener.com/api/rest/v4/people/2652/?format=json","referred_to":null,"bankruptcy_information":null,"absolute_url":"/docke

--- docket=67594559 call#4772 ---
URL: https://www.courtlistener.com/api/rest/v4/dockets/67594559/?format=json
Status: 200
Body: {"resource_uri":"https://www.courtlistener.com/api/rest/v4/dockets/67594559/?format=json","id":67594559,"court":"https://www.courtlistener.com/api/rest/v4/courts/ded/?format=json","court_id":"ded","original_court_info":null,"idb_data":null,"clusters":["https://www.courtlistener.com/api/rest/v4/clusters/10762105/?format=json"],"audio_files":[],"assigned_to":"https://www.courtlistener.com/api/rest/v4/people/9138/?format=json","referred_to":null,"bankruptcy_information":null,"absolute_url":"/docket

--- docket=67533579 call#4773 ---
URL: https://www.courtlistener.com/api/rest/v4/dockets/67533579/?format=json
Status: 200
Body: {"resource_uri":"https://www.courtlistener.com/api/rest/v4/dockets/67533579/?format=json","id":67533579,"court":"https://www.courtlistener.com/api/rest/v4/courts/cacd/?format=json","court_id":"cacd","original_court_info":null,"idb_data":null,"clusters":["https://www.courtlistener.com/api/rest/v4/clusters/9518975/?format=json"],"audio_files":[],"assigned_to":"https://www.courtlistener.com/api/rest/v4/people/14468/?format=json","referred_to":"https://www.courtlistener.com/api/rest/v4/people/9048/?

--- docket=67619766 call#4774 ---
URL: https://www.courtlistener.com/api/rest/v4/dockets/67619766/?format=json
Status: 200
Body: {"resource_uri":"https://www.courtlistener.com/api/rest/v4/dockets/67619766/?format=json","id":67619766,"court":"https://www.courtlistener.com/api/rest/v4/courts/njd/?format=json","court_id":"njd","original_court_info":null,"idb_data":null,"clusters":["https://www.courtlistener.com/api/rest/v4/clusters/9811933/?format=json"],"audio_files":[],"assigned_to":"https://www.courtlistener.com/api/rest/v4/people/2955/?format=json","referred_to":null,"bankruptcy_information":null,"absolute_url":"/docket/

--- docket=67899082 call#4775 ---
URL: https://www.courtlistener.com/api/rest/v4/dockets/67899082/?format=json
Status: 200
Body: {"resource_uri":"https://www.courtlistener.com/api/rest/v4/dockets/67899082/?format=json","id":67899082,"court":"https://www.courtlistener.com/api/rest/v4/courts/ohsd/?format=json","court_id":"ohsd","original_court_info":null,"idb_data":null,"clusters":["https://www.courtlistener.com/api/rest/v4/clusters/9916751/?format=json","https://www.courtlistener.com/api/rest/v4/clusters/9918183/?format=json"],"audio_files":[],"assigned_to":"https://www.courtlistener.com/api/rest/v4/people/2034/?format=jso

--- docket=67707349 call#4776 ---
URL: https://www.courtlistener.com/api/rest/v4/dockets/67707349/?format=json
Status: 200
Body: {"resource_uri":"https://www.courtlistener.com/api/rest/v4/dockets/67707349/?format=json","id":67707349,"court":"https://www.courtlistener.com/api/rest/v4/courts/paed/?format=json","court_id":"paed","original_court_info":null,"idb_data":null,"clusters":["https://www.courtlistener.com/api/rest/v4/clusters/10319400/?format=json","https://www.courtlistener.com/api/rest/v4/clusters/10200433/?format=json","https://www.courtlistener.com/api/rest/v4/clusters/9939583/?format=json","https://www.courtlist

--- docket=67631083 call#4777 ---
URL: https://www.courtlistener.com/api/rest/v4/dockets/67631083/?format=json
Status: 200
Body: {"resource_uri":"https://www.courtlistener.com/api/rest/v4/dockets/67631083/?format=json","id":67631083,"court":"https://www.courtlistener.com/api/rest/v4/courts/nced/?format=json","court_id":"nced","original_court_info":null,"idb_data":null,"clusters":["https://www.courtlistener.com/api/rest/v4/clusters/10584577/?format=json"],"audio_files":[],"assigned_to":"https://www.courtlistener.com/api/rest/v4/people/861/?format=json","referred_to":"https://www.courtlistener.com/api/rest/v4/people/14475/?

--- docket=67659844 call#4778 ---
URL: https://www.courtlistener.com/api/rest/v4/dockets/67659844/?format=json
Status: 200
Body: {"resource_uri":"https://www.courtlistener.com/api/rest/v4/dockets/67659844/?format=json","id":67659844,"court":"https://www.courtlistener.com/api/rest/v4/courts/insd/?format=json","court_id":"insd","original_court_info":null,"idb_data":null,"clusters":["https://www.courtlistener.com/api/rest/v4/clusters/9703818/?format=json"],"audio_files":[],"assigned_to":"https://www.courtlistener.com/api/rest/v4/people/8640/?format=json","referred_to":"https://www.courtlistener.com/api/rest/v4/people/9249/?f

--- docket=67717083 call#4779 ---
URL: https://www.courtlistener.com/api/rest/v4/dockets/67717083/?format=json
Status: 200
Body: {"resource_uri":"https://www.courtlistener.com/api/rest/v4/dockets/67717083/?format=json","id":67717083,"court":"https://www.courtlistener.com/api/rest/v4/courts/nysd/?format=json","court_id":"nysd","original_court_info":null,"idb_data":null,"clusters":["https://www.courtlistener.com/api/rest/v4/clusters/10196619/?format=json"],"audio_files":[],"assigned_to":"https://www.courtlistener.com/api/rest/v4/people/401/?format=json","referred_to":null,"bankruptcy_information":null,"absolute_url":"/docke

--- docket=67631886 call#4780 ---
URL: https://www.courtlistener.com/api/rest/v4/dockets/67631886/?format=json
Status: 200
Body: {"resource_uri":"https://www.courtlistener.com/api/rest/v4/dockets/67631886/?format=json","id":67631886,"court":"https://www.courtlistener.com/api/rest/v4/courts/nysd/?format=json","court_id":"nysd","original_court_info":null,"idb_data":null,"clusters":["https://www.courtlistener.com/api/rest/v4/clusters/10194932/?format=json","https://www.courtlistener.com/api/rest/v4/clusters/10282002/?format=json"],"audio_files":[],"assigned_to":"https://www.courtlistener.com/api/rest/v4/people/3243/?format=j

--- docket=67628503 call#4781 ---
URL: https://www.courtlistener.com/api/rest/v4/dockets/67628503/?format=json
Status: 200
Body: {"resource_uri":"https://www.courtlistener.com/api/rest/v4/dockets/67628503/?format=json","id":67628503,"court":"https://www.courtlistener.com/api/rest/v4/courts/azd/?format=json","court_id":"azd","original_court_info":null,"idb_data":null,"clusters":["https://www.courtlistener.com/api/rest/v4/clusters/10166676/?format=json","https://www.courtlistener.com/api/rest/v4/clusters/10166886/?format=json","https://www.courtlistener.com/api/rest/v4/clusters/9537088/?format=json"],"audio_files":[],"assig

--- docket=69146046 call#4782 ---
URL: https://www.courtlistener.com/api/rest/v4/dockets/69146046/?format=json
Status: 200
Body: {"resource_uri":"https://www.courtlistener.com/api/rest/v4/dockets/69146046/?format=json","id":69146046,"court":"https://www.courtlistener.com/api/rest/v4/courts/flmd/?format=json","court_id":"flmd","original_court_info":null,"idb_data":null,"clusters":["https://www.courtlistener.com/api/rest/v4/clusters/10676094/?format=json"],"audio_files":[],"assigned_to":"https://www.courtlistener.com/api/rest/v4/people/495/?format=json","referred_to":null,"bankruptcy_information":null,"absolute_url":"/docke

--- docket=67823143 call#4783 ---
URL: https://www.courtlistener.com/api/rest/v4/dockets/67823143/?format=json
Status: 200
Body: {"resource_uri":"https://www.courtlistener.com/api/rest/v4/dockets/67823143/?format=json","id":67823143,"court":"https://www.courtlistener.com/api/rest/v4/courts/nysd/?format=json","court_id":"nysd","original_court_info":null,"idb_data":null,"clusters":["https://www.courtlistener.com/api/rest/v4/clusters/9893961/?format=json"],"audio_files":[],"assigned_to":"https://www.courtlistener.com/api/rest/v4/people/2045/?format=json","referred_to":null,"bankruptcy_information":null,"absolute_url":"/docke

--- docket=67777594 call#4784 ---
URL: https://www.courtlistener.com/api/rest/v4/dockets/67777594/?format=json
Status: 200
Body: {"resource_uri":"https://www.courtlistener.com/api/rest/v4/dockets/67777594/?format=json","id":67777594,"court":"https://www.courtlistener.com/api/rest/v4/courts/azd/?format=json","court_id":"azd","original_court_info":null,"idb_data":null,"clusters":["https://www.courtlistener.com/api/rest/v4/clusters/10632821/?format=json"],"audio_files":[],"assigned_to":null,"referred_to":null,"bankruptcy_information":null,"absolute_url":"/docket/67777594/treasurer-of-the-state-of-north-carolina-v-leslies-inc

--- docket=67882604 call#4785 ---
URL: https://www.courtlistener.com/api/rest/v4/dockets/67882604/?format=json
Status: 200
Body: {"resource_uri":"https://www.courtlistener.com/api/rest/v4/dockets/67882604/?format=json","id":67882604,"court":"https://www.courtlistener.com/api/rest/v4/courts/paed/?format=json","court_id":"paed","original_court_info":null,"idb_data":null,"clusters":["https://www.courtlistener.com/api/rest/v4/clusters/9939580/?format=json","https://www.courtlistener.com/api/rest/v4/clusters/10349164/?format=json"],"audio_files":[],"assigned_to":"https://www.courtlistener.com/api/rest/v4/people/1895/?format=js

--- docket=67885781 call#4786 ---
URL: https://www.courtlistener.com/api/rest/v4/dockets/67885781/?format=json
Status: 200
Body: {"resource_uri":"https://www.courtlistener.com/api/rest/v4/dockets/67885781/?format=json","id":67885781,"court":"https://www.courtlistener.com/api/rest/v4/courts/caed/?format=json","court_id":"caed","original_court_info":null,"idb_data":null,"clusters":["https://www.courtlistener.com/api/rest/v4/clusters/9591741/?format=json","https://www.courtlistener.com/api/rest/v4/clusters/9590751/?format=json","https://www.courtlistener.com/api/rest/v4/clusters/9592501/?format=json"],"audio_files":[],"assig

--- docket=68818245 call#4787 ---
URL: https://www.courtlistener.com/api/rest/v4/dockets/68818245/?format=json
Status: 200
Body: {"resource_uri":"https://www.courtlistener.com/api/rest/v4/dockets/68818245/?format=json","id":68818245,"court":"https://www.courtlistener.com/api/rest/v4/courts/paed/?format=json","court_id":"paed","original_court_info":null,"idb_data":null,"clusters":["https://www.courtlistener.com/api/rest/v4/clusters/10622440/?format=json","https://www.courtlistener.com/api/rest/v4/clusters/10605694/?format=json"],"audio_files":[],"assigned_to":"https://www.courtlistener.com/api/rest/v4/people/2803/?format=j

--- docket=67840545 call#4788 ---
URL: https://www.courtlistener.com/api/rest/v4/dockets/67840545/?format=json
Status: 200
Body: {"resource_uri":"https://www.courtlistener.com/api/rest/v4/dockets/67840545/?format=json","id":67840545,"court":"https://www.courtlistener.com/api/rest/v4/courts/flsd/?format=json","court_id":"flsd","original_court_info":null,"idb_data":null,"clusters":["https://www.courtlistener.com/api/rest/v4/clusters/9656785/?format=json","https://www.courtlistener.com/api/rest/v4/clusters/9656458/?format=json"],"audio_files":[],"assigned_to":"https://www.courtlistener.com/api/rest/v4/people/2885/?format=jso

--- docket=67825780 call#4789 ---
URL: https://www.courtlistener.com/api/rest/v4/dockets/67825780/?format=json
Status: 200
Body: {"resource_uri":"https://www.courtlistener.com/api/rest/v4/dockets/67825780/?format=json","id":67825780,"court":"https://www.courtlistener.com/api/rest/v4/courts/cacd/?format=json","court_id":"cacd","original_court_info":null,"idb_data":null,"clusters":["https://www.courtlistener.com/api/rest/v4/clusters/9518401/?format=json","https://www.courtlistener.com/api/rest/v4/clusters/9518619/?format=json"],"audio_files":[],"assigned_to":"https://www.courtlistener.com/api/rest/v4/people/2465/?format=jso

--- docket=67855738 call#4790 ---
URL: https://www.courtlistener.com/api/rest/v4/dockets/67855738/?format=json
Status: 200
Body: {"resource_uri":"https://www.courtlistener.com/api/rest/v4/dockets/67855738/?format=json","id":67855738,"court":"https://www.courtlistener.com/api/rest/v4/courts/flsd/?format=json","court_id":"flsd","original_court_info":null,"idb_data":null,"clusters":["https://www.courtlistener.com/api/rest/v4/clusters/9656059/?format=json"],"audio_files":[],"assigned_to":"https://www.courtlistener.com/api/rest/v4/people/310/?format=json","referred_to":null,"bankruptcy_information":null,"absolute_url":"/docket

--- docket=67899424 call#4791 ---
URL: https://www.courtlistener.com/api/rest/v4/dockets/67899424/?format=json
Status: 200
Body: {"resource_uri":"https://www.courtlistener.com/api/rest/v4/dockets/67899424/?format=json","id":67899424,"court":"https://www.courtlistener.com/api/rest/v4/courts/nysd/?format=json","court_id":"nysd","original_court_info":null,"idb_data":null,"clusters":["https://www.courtlistener.com/api/rest/v4/clusters/9890539/?format=json"],"audio_files":[],"assigned_to":"https://www.courtlistener.com/api/rest/v4/people/15332/?format=json","referred_to":"https://www.courtlistener.com/api/rest/v4/people/9449/?

--- docket=67902516 call#4792 ---
URL: https://www.courtlistener.com/api/rest/v4/dockets/67902516/?format=json
Status: 200
Body: {"resource_uri":"https://www.courtlistener.com/api/rest/v4/dockets/67902516/?format=json","id":67902516,"court":"https://www.courtlistener.com/api/rest/v4/courts/nysd/?format=json","court_id":"nysd","original_court_info":null,"idb_data":null,"clusters":["https://www.courtlistener.com/api/rest/v4/clusters/10195896/?format=json","https://www.courtlistener.com/api/rest/v4/clusters/10195855/?format=json"],"audio_files":[],"assigned_to":"https://www.courtlistener.com/api/rest/v4/people/15332/?format=

--- docket=67843094 call#4793 ---
URL: https://www.courtlistener.com/api/rest/v4/dockets/67843094/?format=json
Status: 200
Body: {"resource_uri":"https://www.courtlistener.com/api/rest/v4/dockets/67843094/?format=json","id":67843094,"court":"https://www.courtlistener.com/api/rest/v4/courts/nysd/?format=json","court_id":"nysd","original_court_info":null,"idb_data":null,"clusters":["https://www.courtlistener.com/api/rest/v4/clusters/10302881/?format=json"],"audio_files":[],"assigned_to":"https://www.courtlistener.com/api/rest/v4/people/1807/?format=json","referred_to":null,"bankruptcy_information":null,"absolute_url":"/dock

--- docket=67985445 call#4794 ---
URL: https://www.courtlistener.com/api/rest/v4/dockets/67985445/?format=json
Status: 200
Body: {"resource_uri":"https://www.courtlistener.com/api/rest/v4/dockets/67985445/?format=json","id":67985445,"court":"https://www.courtlistener.com/api/rest/v4/courts/ded/?format=json","court_id":"ded","original_court_info":null,"idb_data":null,"clusters":["https://www.courtlistener.com/api/rest/v4/clusters/10175150/?format=json"],"audio_files":[],"assigned_to":"https://www.courtlistener.com/api/rest/v4/people/113/?format=json","referred_to":null,"bankruptcy_information":null,"absolute_url":"/docket/

--- docket=71378191 call#4795 ---
URL: https://www.courtlistener.com/api/rest/v4/dockets/71378191/?format=json
Status: 200
Body: {"resource_uri":"https://www.courtlistener.com/api/rest/v4/dockets/71378191/?format=json","id":71378191,"court":"https://www.courtlistener.com/api/rest/v4/courts/flsd/?format=json","court_id":"flsd","original_court_info":null,"idb_data":null,"clusters":["https://www.courtlistener.com/api/rest/v4/clusters/10688196/?format=json"],"audio_files":[],"assigned_to":null,"referred_to":null,"bankruptcy_information":null,"absolute_url":"/docket/71378191/merida-capital-partners-iii-lp-v-fernane/","date_cre

--- docket=15772214 call#4796 ---
URL: https://www.courtlistener.com/api/rest/v4/dockets/15772214/?format=json
Status: 200
Body: {"resource_uri":"https://www.courtlistener.com/api/rest/v4/dockets/15772214/?format=json","id":15772214,"court":"https://www.courtlistener.com/api/rest/v4/courts/nced/?format=json","court_id":"nced","original_court_info":null,"idb_data":{"resource_uri":"https://www.courtlistener.com/api/rest/v4/fjc-integrated-database/25764002/?format=json","date_created":"2020-08-27T03:43:11.932032-07:00","date_modified":"2022-01-28T12:17:23.613121-08:00","dataset_source":9,"office":"5","docket_number":"1900243

--- docket=68123208 call#4797 ---
URL: https://www.courtlistener.com/api/rest/v4/dockets/68123208/?format=json
Status: 200
Body: {"resource_uri":"https://www.courtlistener.com/api/rest/v4/dockets/68123208/?format=json","id":68123208,"court":"https://www.courtlistener.com/api/rest/v4/courts/nysd/?format=json","court_id":"nysd","original_court_info":null,"idb_data":null,"clusters":["https://www.courtlistener.com/api/rest/v4/clusters/9891673/?format=json","https://www.courtlistener.com/api/rest/v4/clusters/9893170/?format=json"],"audio_files":[],"assigned_to":"https://www.courtlistener.com/api/rest/v4/people/1025/?format=jso

--- docket=68042767 call#4798 ---
URL: https://www.courtlistener.com/api/rest/v4/dockets/68042767/?format=json
Status: 200
Body: {"resource_uri":"https://www.courtlistener.com/api/rest/v4/dockets/68042767/?format=json","id":68042767,"court":"https://www.courtlistener.com/api/rest/v4/courts/ncmd/?format=json","court_id":"ncmd","original_court_info":null,"idb_data":null,"clusters":["https://www.courtlistener.com/api/rest/v4/clusters/10637097/?format=json"],"audio_files":[],"assigned_to":"https://www.courtlistener.com/api/rest/v4/people/275/?format=json","referred_to":"https://www.courtlistener.com/api/rest/v4/people/9361/?f

--- docket=7269837 call#4799 ---
URL: https://www.courtlistener.com/api/rest/v4/dockets/7269837/?format=json
Status: 200
Body: {"resource_uri":"https://www.courtlistener.com/api/rest/v4/dockets/7269837/?format=json","id":7269837,"court":"https://www.courtlistener.com/api/rest/v4/courts/wawd/?format=json","court_id":"wawd","original_court_info":null,"idb_data":{"resource_uri":"https://www.courtlistener.com/api/rest/v4/fjc-integrated-database/25031972/?format=json","date_created":"2018-11-21T10:43:30.033413-08:00","date_modified":"2022-01-28T14:00:42.641397-08:00","dataset_source":9,"office":"2","docket_number":"1700405",

--- docket=68115628 call#4800 ---
URL: https://www.courtlistener.com/api/rest/v4/dockets/68115628/?format=json
Status: 200
Body: {"resource_uri":"https://www.courtlistener.com/api/rest/v4/dockets/68115628/?format=json","id":68115628,"court":"https://www.courtlistener.com/api/rest/v4/courts/nysd/?format=json","court_id":"nysd","original_court_info":null,"idb_data":null,"clusters":["https://www.courtlistener.com/api/rest/v4/clusters/10304882/?format=json","https://www.courtlistener.com/api/rest/v4/clusters/10312522/?format=json","https://www.courtlistener.com/api/rest/v4/clusters/10334332/?format=json","https://www.courtlis

--- docket=6364501 call#4801 ---
URL: https://www.courtlistener.com/api/rest/v4/dockets/6364501/?format=json
Status: 200
Body: {"resource_uri":"https://www.courtlistener.com/api/rest/v4/dockets/6364501/?format=json","id":6364501,"court":"https://www.courtlistener.com/api/rest/v4/courts/ilnd/?format=json","court_id":"ilnd","original_court_info":null,"idb_data":{"resource_uri":"https://www.courtlistener.com/api/rest/v4/fjc-integrated-database/24880040/?format=json","date_created":"2018-11-21T10:29:07.654184-08:00","date_modified":"2022-01-28T09:04:09.936954-08:00","dataset_source":9,"office":"1","docket_number":"1802637",

--- docket=68055089 call#4802 ---
URL: https://www.courtlistener.com/api/rest/v4/dockets/68055089/?format=json
Status: 200
Body: {"resource_uri":"https://www.courtlistener.com/api/rest/v4/dockets/68055089/?format=json","id":68055089,"court":"https://www.courtlistener.com/api/rest/v4/courts/nysd/?format=json","court_id":"nysd","original_court_info":null,"idb_data":null,"clusters":["https://www.courtlistener.com/api/rest/v4/clusters/9892644/?format=json"],"audio_files":[],"assigned_to":"https://www.courtlistener.com/api/rest/v4/people/997/?format=json","referred_to":null,"bankruptcy_information":null,"absolute_url":"/docket

--- docket=68134131 call#4803 ---
URL: https://www.courtlistener.com/api/rest/v4/dockets/68134131/?format=json
Status: 200
Body: {"resource_uri":"https://www.courtlistener.com/api/rest/v4/dockets/68134131/?format=json","id":68134131,"court":"https://www.courtlistener.com/api/rest/v4/courts/nysd/?format=json","court_id":"nysd","original_court_info":null,"idb_data":null,"clusters":["https://www.courtlistener.com/api/rest/v4/clusters/9890972/?format=json"],"audio_files":[],"assigned_to":"https://www.courtlistener.com/api/rest/v4/people/15332/?format=json","referred_to":null,"bankruptcy_information":null,"absolute_url":"/dock

--- docket=68199789 call#4804 ---
URL: https://www.courtlistener.com/api/rest/v4/dockets/68199789/?format=json
Status: 200
Body: {"resource_uri":"https://www.courtlistener.com/api/rest/v4/dockets/68199789/?format=json","id":68199789,"court":"https://www.courtlistener.com/api/rest/v4/courts/mdd/?format=json","court_id":"mdd","original_court_info":null,"idb_data":null,"clusters":["https://www.courtlistener.com/api/rest/v4/clusters/9742945/?format=json"],"audio_files":[],"assigned_to":null,"referred_to":null,"bankruptcy_information":null,"absolute_url":"/docket/68199789/silver-star-properties-reit-inc-v-hartman-vreit-xxi-inc

--- docket=68213269 call#4805 ---
URL: https://www.courtlistener.com/api/rest/v4/dockets/68213269/?format=json
Status: 200
Body: {"resource_uri":"https://www.courtlistener.com/api/rest/v4/dockets/68213269/?format=json","id":68213269,"court":"https://www.courtlistener.com/api/rest/v4/courts/nysd/?format=json","court_id":"nysd","original_court_info":null,"idb_data":null,"clusters":["https://www.courtlistener.com/api/rest/v4/clusters/10370388/?format=json","https://www.courtlistener.com/api/rest/v4/clusters/10275771/?format=json"],"audio_files":[],"assigned_to":"https://www.courtlistener.com/api/rest/v4/people/3144/?format=j

--- docket=68209626 call#4806 ---
URL: https://www.courtlistener.com/api/rest/v4/dockets/68209626/?format=json
Status: 200
Body: {"resource_uri":"https://www.courtlistener.com/api/rest/v4/dockets/68209626/?format=json","id":68209626,"court":"https://www.courtlistener.com/api/rest/v4/courts/nysd/?format=json","court_id":"nysd","original_court_info":null,"idb_data":null,"clusters":["https://www.courtlistener.com/api/rest/v4/clusters/10379538/?format=json"],"audio_files":[],"assigned_to":null,"referred_to":null,"bankruptcy_information":null,"absolute_url":"/docket/68209626/saba-capital-master-fund-ltd-v-asa-gold-and-precious

--- docket=68165195 call#4807 ---
URL: https://www.courtlistener.com/api/rest/v4/dockets/68165195/?format=json
Status: 200
Body: {"resource_uri":"https://www.courtlistener.com/api/rest/v4/dockets/68165195/?format=json","id":68165195,"court":"https://www.courtlistener.com/api/rest/v4/courts/nysd/?format=json","court_id":"nysd","original_court_info":null,"idb_data":null,"clusters":["https://www.courtlistener.com/api/rest/v4/clusters/9893475/?format=json"],"audio_files":[],"assigned_to":"https://www.courtlistener.com/api/rest/v4/people/401/?format=json","referred_to":null,"bankruptcy_information":null,"absolute_url":"/docket

--- docket=68129097 call#4808 ---
URL: https://www.courtlistener.com/api/rest/v4/dockets/68129097/?format=json
Status: 200
Body: {"resource_uri":"https://www.courtlistener.com/api/rest/v4/dockets/68129097/?format=json","id":68129097,"court":"https://www.courtlistener.com/api/rest/v4/courts/mnd/?format=json","court_id":"mnd","original_court_info":null,"idb_data":null,"clusters":["https://www.courtlistener.com/api/rest/v4/clusters/9764713/?format=json"],"audio_files":[],"assigned_to":"https://www.courtlistener.com/api/rest/v4/people/8659/?format=json","referred_to":null,"bankruptcy_information":null,"absolute_url":"/docket/

--- docket=68180431 call#4809 ---
URL: https://www.courtlistener.com/api/rest/v4/dockets/68180431/?format=json
Status: 200
Body: {"resource_uri":"https://www.courtlistener.com/api/rest/v4/dockets/68180431/?format=json","id":68180431,"court":"https://www.courtlistener.com/api/rest/v4/courts/nysd/?format=json","court_id":"nysd","original_court_info":null,"idb_data":null,"clusters":["https://www.courtlistener.com/api/rest/v4/clusters/9892007/?format=json","https://www.courtlistener.com/api/rest/v4/clusters/9892018/?format=json","https://www.courtlistener.com/api/rest/v4/clusters/9892155/?format=json"],"audio_files":[],"assig

--- docket=68187308 call#4810 ---
URL: https://www.courtlistener.com/api/rest/v4/dockets/68187308/?format=json
Status: 200
Body: {"resource_uri":"https://www.courtlistener.com/api/rest/v4/dockets/68187308/?format=json","id":68187308,"court":"https://www.courtlistener.com/api/rest/v4/courts/paed/?format=json","court_id":"paed","original_court_info":null,"idb_data":null,"clusters":["https://www.courtlistener.com/api/rest/v4/clusters/10385669/?format=json","https://www.courtlistener.com/api/rest/v4/clusters/10667391/?format=json"],"audio_files":[],"assigned_to":null,"referred_to":null,"bankruptcy_information":null,"absolute_

--- docket=16232060 call#4811 ---
URL: https://www.courtlistener.com/api/rest/v4/dockets/16232060/?format=json
Status: 200
Body: {"resource_uri":"https://www.courtlistener.com/api/rest/v4/dockets/16232060/?format=json","id":16232060,"court":"https://www.courtlistener.com/api/rest/v4/courts/alsd/?format=json","court_id":"alsd","original_court_info":null,"idb_data":{"resource_uri":"https://www.courtlistener.com/api/rest/v4/fjc-integrated-database/25524854/?format=json","date_created":"2020-08-27T01:29:54.265337-07:00","date_modified":"2022-01-28T14:11:19.874648-08:00","dataset_source":9,"office":"2","docket_number":"1900702

--- docket=7457643 call#4812 ---
URL: https://www.courtlistener.com/api/rest/v4/dockets/7457643/?format=json
Status: 200
Body: {"resource_uri":"https://www.courtlistener.com/api/rest/v4/dockets/7457643/?format=json","id":7457643,"court":"https://www.courtlistener.com/api/rest/v4/courts/casd/?format=json","court_id":"casd","original_court_info":null,"idb_data":{"resource_uri":"https://www.courtlistener.com/api/rest/v4/fjc-integrated-database/25012202/?format=json","date_created":"2018-11-21T10:41:36.079819-08:00","date_modified":"2022-01-28T13:54:20.795225-08:00","dataset_source":9,"office":"3","docket_number":"1801530",

--- docket=68278280 call#4813 ---
URL: https://www.courtlistener.com/api/rest/v4/dockets/68278280/?format=json
Status: 200
Body: {"resource_uri":"https://www.courtlistener.com/api/rest/v4/dockets/68278280/?format=json","id":68278280,"court":"https://www.courtlistener.com/api/rest/v4/courts/nysd/?format=json","court_id":"nysd","original_court_info":null,"idb_data":null,"clusters":["https://www.courtlistener.com/api/rest/v4/clusters/10380421/?format=json"],"audio_files":[],"assigned_to":"https://www.courtlistener.com/api/rest/v4/people/733/?format=json","referred_to":null,"bankruptcy_information":null,"absolute_url":"/docke

--- docket=68368311 call#4814 ---
URL: https://www.courtlistener.com/api/rest/v4/dockets/68368311/?format=json
Status: 200
Body: {"resource_uri":"https://www.courtlistener.com/api/rest/v4/dockets/68368311/?format=json","id":68368311,"court":"https://www.courtlistener.com/api/rest/v4/courts/paed/?format=json","court_id":"paed","original_court_info":null,"idb_data":null,"clusters":["https://www.courtlistener.com/api/rest/v4/clusters/10308732/?format=json"],"audio_files":[],"assigned_to":null,"referred_to":null,"bankruptcy_information":null,"absolute_url":"/docket/68368311/bff-ii-pte-ltd-v-rosen/","date_created":"2024-03-22T

--- docket=17088716 call#4815 ---
URL: https://www.courtlistener.com/api/rest/v4/dockets/17088716/?format=json
Status: 200
Body: {"resource_uri":"https://www.courtlistener.com/api/rest/v4/dockets/17088716/?format=json","id":17088716,"court":"https://www.courtlistener.com/api/rest/v4/courts/txnd/?format=json","court_id":"txnd","original_court_info":null,"idb_data":{"resource_uri":"https://www.courtlistener.com/api/rest/v4/fjc-integrated-database/25715496/?format=json","date_created":"2020-08-27T03:02:52.212984-07:00","date_modified":"2022-01-28T10:24:01.024159-08:00","dataset_source":9,"office":"3","docket_number":"2000929

--- docket=7116419 call#4816 ---
URL: https://www.courtlistener.com/api/rest/v4/dockets/7116419/?format=json
Status: 200
Body: {"resource_uri":"https://www.courtlistener.com/api/rest/v4/dockets/7116419/?format=json","id":7116419,"court":"https://www.courtlistener.com/api/rest/v4/courts/cacd/?format=json","court_id":"cacd","original_court_info":null,"idb_data":{"resource_uri":"https://www.courtlistener.com/api/rest/v4/fjc-integrated-database/24988294/?format=json","date_created":"2018-11-21T10:39:17.906014-08:00","date_modified":"2022-01-28T13:46:57.936657-08:00","dataset_source":9,"office":"2","docket_number":"1707124",

--- docket=68337947 call#4817 ---
URL: https://www.courtlistener.com/api/rest/v4/dockets/68337947/?format=json
Status: 200
Body: {"resource_uri":"https://www.courtlistener.com/api/rest/v4/dockets/68337947/?format=json","id":68337947,"court":"https://www.courtlistener.com/api/rest/v4/courts/nysd/?format=json","court_id":"nysd","original_court_info":null,"idb_data":null,"clusters":["https://www.courtlistener.com/api/rest/v4/clusters/10613632/?format=json"],"audio_files":[],"assigned_to":"https://www.courtlistener.com/api/rest/v4/people/2174/?format=json","referred_to":null,"bankruptcy_information":null,"absolute_url":"/dock

--- docket=68386359 call#4818 ---
URL: https://www.courtlistener.com/api/rest/v4/dockets/68386359/?format=json
Status: 200
Body: {"resource_uri":"https://www.courtlistener.com/api/rest/v4/dockets/68386359/?format=json","id":68386359,"court":"https://www.courtlistener.com/api/rest/v4/courts/njd/?format=json","court_id":"njd","original_court_info":null,"idb_data":null,"clusters":["https://www.courtlistener.com/api/rest/v4/clusters/10189695/?format=json"],"audio_files":[],"assigned_to":"https://www.courtlistener.com/api/rest/v4/people/9383/?format=json","referred_to":null,"bankruptcy_information":null,"absolute_url":"/docket

--- docket=68451833 call#4819 ---
URL: https://www.courtlistener.com/api/rest/v4/dockets/68451833/?format=json
Status: 200
Body: {"resource_uri":"https://www.courtlistener.com/api/rest/v4/dockets/68451833/?format=json","id":68451833,"court":"https://www.courtlistener.com/api/rest/v4/courts/vaed/?format=json","court_id":"vaed","original_court_info":null,"idb_data":null,"clusters":["https://www.courtlistener.com/api/rest/v4/clusters/10280783/?format=json","https://www.courtlistener.com/api/rest/v4/clusters/10223912/?format=json"],"audio_files":[],"assigned_to":"https://www.courtlistener.com/api/rest/v4/people/8534/?format=j

--- docket=16776028 call#4820 ---
URL: https://www.courtlistener.com/api/rest/v4/dockets/16776028/?format=json
Status: 200
Body: {"resource_uri":"https://www.courtlistener.com/api/rest/v4/dockets/16776028/?format=json","id":16776028,"court":"https://www.courtlistener.com/api/rest/v4/courts/casd/?format=json","court_id":"casd","original_court_info":null,"idb_data":{"resource_uri":"https://www.courtlistener.com/api/rest/v4/fjc-integrated-database/25562284/?format=json","date_created":"2020-08-27T01:47:11.278838-07:00","date_modified":"2022-01-28T13:54:37.742454-08:00","dataset_source":9,"office":"3","docket_number":"2000182

--- docket=17028787 call#4821 ---
URL: https://www.courtlistener.com/api/rest/v4/dockets/17028787/?format=json
Status: 200
Body: {"resource_uri":"https://www.courtlistener.com/api/rest/v4/dockets/17028787/?format=json","id":17028787,"court":"https://www.courtlistener.com/api/rest/v4/courts/nyed/?format=json","court_id":"nyed","original_court_info":null,"idb_data":{"resource_uri":"https://www.courtlistener.com/api/rest/v4/fjc-integrated-database/25847765/?format=json","date_created":"2020-08-27T04:27:10.740126-07:00","date_modified":"2022-01-28T11:30:53.213854-08:00","dataset_source":9,"office":"1","docket_number":"2001625

--- docket=17395631 call#4822 ---
URL: https://www.courtlistener.com/api/rest/v4/dockets/17395631/?format=json
Status: 200
Body: {"resource_uri":"https://www.courtlistener.com/api/rest/v4/dockets/17395631/?format=json","id":17395631,"court":"https://www.courtlistener.com/api/rest/v4/courts/txwd/?format=json","court_id":"txwd","original_court_info":null,"idb_data":null,"clusters":["https://www.courtlistener.com/api/rest/v4/clusters/10214258/?format=json"],"audio_files":[],"assigned_to":"https://www.courtlistener.com/api/rest/v4/people/2758/?format=json","referred_to":null,"bankruptcy_information":null,"absolute_url":"/dock

--- docket=68858244 call#4823 ---
URL: https://www.courtlistener.com/api/rest/v4/dockets/68858244/?format=json
Status: 200
Body: {"resource_uri":"https://www.courtlistener.com/api/rest/v4/dockets/68858244/?format=json","id":68858244,"court":"https://www.courtlistener.com/api/rest/v4/courts/casd/?format=json","court_id":"casd","original_court_info":null,"idb_data":null,"clusters":["https://www.courtlistener.com/api/rest/v4/clusters/10174063/?format=json"],"audio_files":[],"assigned_to":"https://www.courtlistener.com/api/rest/v4/people/247/?format=json","referred_to":null,"bankruptcy_information":null,"absolute_url":"/docke

--- docket=68862629 call#4824 ---
URL: https://www.courtlistener.com/api/rest/v4/dockets/68862629/?format=json
Status: 200
Body: {"resource_uri":"https://www.courtlistener.com/api/rest/v4/dockets/68862629/?format=json","id":68862629,"court":"https://www.courtlistener.com/api/rest/v4/courts/idd/?format=json","court_id":"idd","original_court_info":null,"idb_data":null,"clusters":["https://www.courtlistener.com/api/rest/v4/clusters/10273572/?format=json"],"audio_files":[],"assigned_to":"https://www.courtlistener.com/api/rest/v4/people/8615/?format=json","referred_to":"https://www.courtlistener.com/api/rest/v4/people/9218/?fo

--- docket=7522522 call#4825 ---
URL: https://www.courtlistener.com/api/rest/v4/dockets/7522522/?format=json
Status: 200
Body: {"resource_uri":"https://www.courtlistener.com/api/rest/v4/dockets/7522522/?format=json","id":7522522,"court":"https://www.courtlistener.com/api/rest/v4/courts/nysd/?format=json","court_id":"nysd","original_court_info":null,"idb_data":{"resource_uri":"https://www.courtlistener.com/api/rest/v4/fjc-integrated-database/24535316/?format=json","date_created":"2018-11-21T09:53:10.169917-08:00","date_modified":"2022-01-28T11:35:02.832020-08:00","dataset_source":9,"office":"1","docket_number":"1806718",

--- docket=15945761 call#4826 ---
URL: https://www.courtlistener.com/api/rest/v4/dockets/15945761/?format=json
Status: 200
Body: {"resource_uri":"https://www.courtlistener.com/api/rest/v4/dockets/15945761/?format=json","id":15945761,"court":"https://www.courtlistener.com/api/rest/v4/courts/gand/?format=json","court_id":"gand","original_court_info":null,"idb_data":{"resource_uri":"https://www.courtlistener.com/api/rest/v4/fjc-integrated-database/25342328/?format=json","date_created":"2020-08-27T00:20:32.298975-07:00","date_modified":"2022-01-28T15:46:35.376453-08:00","dataset_source":9,"office":"1","docket_number":"1903265

--- docket=69089958 call#4827 ---
URL: https://www.courtlistener.com/api/rest/v4/dockets/69089958/?format=json
Status: 200
Body: {"resource_uri":"https://www.courtlistener.com/api/rest/v4/dockets/69089958/?format=json","id":69089958,"court":"https://www.courtlistener.com/api/rest/v4/courts/ilnd/?format=json","court_id":"ilnd","original_court_info":null,"idb_data":null,"clusters":["https://www.courtlistener.com/api/rest/v4/clusters/10326568/?format=json"],"audio_files":[],"assigned_to":"https://www.courtlistener.com/api/rest/v4/people/987/?format=json","referred_to":null,"bankruptcy_information":null,"absolute_url":"/docke

--- docket=69097709 call#4828 ---
URL: https://www.courtlistener.com/api/rest/v4/dockets/69097709/?format=json
Status: 200
Body: {"resource_uri":"https://www.courtlistener.com/api/rest/v4/dockets/69097709/?format=json","id":69097709,"court":"https://www.courtlistener.com/api/rest/v4/courts/txnd/?format=json","court_id":"txnd","original_court_info":null,"idb_data":null,"clusters":["https://www.courtlistener.com/api/rest/v4/clusters/10353708/?format=json"],"audio_files":[],"assigned_to":"https://www.courtlistener.com/api/rest/v4/people/14412/?format=json","referred_to":"https://www.courtlistener.com/api/rest/v4/people/9567/

--- docket=69112076 call#4829 ---
URL: https://www.courtlistener.com/api/rest/v4/dockets/69112076/?format=json
Status: 200
Body: {"resource_uri":"https://www.courtlistener.com/api/rest/v4/dockets/69112076/?format=json","id":69112076,"court":"https://www.courtlistener.com/api/rest/v4/courts/vaed/?format=json","court_id":"vaed","original_court_info":null,"idb_data":null,"clusters":["https://www.courtlistener.com/api/rest/v4/clusters/10282667/?format=json"],"audio_files":[],"assigned_to":"https://www.courtlistener.com/api/rest/v4/people/9621/?format=json","referred_to":null,"bankruptcy_information":null,"absolute_url":"/dock

--- docket=69115664 call#4830 ---
URL: https://www.courtlistener.com/api/rest/v4/dockets/69115664/?format=json
Status: 200
Body: {"resource_uri":"https://www.courtlistener.com/api/rest/v4/dockets/69115664/?format=json","id":69115664,"court":"https://www.courtlistener.com/api/rest/v4/courts/mdd/?format=json","court_id":"mdd","original_court_info":null,"idb_data":null,"clusters":["https://www.courtlistener.com/api/rest/v4/clusters/10801929/?format=json","https://www.courtlistener.com/api/rest/v4/clusters/10624215/?format=json","https://www.courtlistener.com/api/rest/v4/clusters/10183345/?format=json"],"audio_files":[],"assi

--- docket=69036458 call#4831 ---
URL: https://www.courtlistener.com/api/rest/v4/dockets/69036458/?format=json
Status: 200
Body: {"resource_uri":"https://www.courtlistener.com/api/rest/v4/dockets/69036458/?format=json","id":69036458,"court":"https://www.courtlistener.com/api/rest/v4/courts/vaed/?format=json","court_id":"vaed","original_court_info":null,"idb_data":null,"clusters":["https://www.courtlistener.com/api/rest/v4/clusters/10368410/?format=json"],"audio_files":[],"assigned_to":"https://www.courtlistener.com/api/rest/v4/people/3260/?format=json","referred_to":null,"bankruptcy_information":null,"absolute_url":"/dock

--- docket=15851214 call#4832 ---
URL: https://www.courtlistener.com/api/rest/v4/dockets/15851214/?format=json
Status: 200
Body: {"resource_uri":"https://www.courtlistener.com/api/rest/v4/dockets/15851214/?format=json","id":15851214,"court":"https://www.courtlistener.com/api/rest/v4/courts/nysd/?format=json","court_id":"nysd","original_court_info":null,"idb_data":{"resource_uri":"https://www.courtlistener.com/api/rest/v4/fjc-integrated-database/25839357/?format=json","date_created":"2020-08-27T04:21:21.364788-07:00","date_modified":"2022-01-28T11:35:50.180133-08:00","dataset_source":9,"office":"1","docket_number":"1906037

--- docket=69171667 call#4833 ---
URL: https://www.courtlistener.com/api/rest/v4/dockets/69171667/?format=json
Status: 200
Body: {"resource_uri":"https://www.courtlistener.com/api/rest/v4/dockets/69171667/?format=json","id":69171667,"court":"https://www.courtlistener.com/api/rest/v4/courts/njd/?format=json","court_id":"njd","original_court_info":null,"idb_data":null,"clusters":["https://www.courtlistener.com/api/rest/v4/clusters/10620786/?format=json"],"audio_files":[],"assigned_to":"https://www.courtlistener.com/api/rest/v4/people/9386/?format=json","referred_to":null,"bankruptcy_information":null,"absolute_url":"/docket

--- docket=69233606 call#4834 ---
URL: https://www.courtlistener.com/api/rest/v4/dockets/69233606/?format=json
Status: 200
Body: {"resource_uri":"https://www.courtlistener.com/api/rest/v4/dockets/69233606/?format=json","id":69233606,"court":"https://www.courtlistener.com/api/rest/v4/courts/nysd/?format=json","court_id":"nysd","original_court_info":null,"idb_data":null,"clusters":["https://www.courtlistener.com/api/rest/v4/clusters/10197061/?format=json"],"audio_files":[],"assigned_to":"https://www.courtlistener.com/api/rest/v4/people/3549/?format=json","referred_to":null,"bankruptcy_information":null,"absolute_url":"/dock

--- docket=69261693 call#4835 ---
URL: https://www.courtlistener.com/api/rest/v4/dockets/69261693/?format=json
Status: 200
Body: {"resource_uri":"https://www.courtlistener.com/api/rest/v4/dockets/69261693/?format=json","id":69261693,"court":"https://www.courtlistener.com/api/rest/v4/courts/vaed/?format=json","court_id":"vaed","original_court_info":null,"idb_data":null,"clusters":["https://www.courtlistener.com/api/rest/v4/clusters/10282675/?format=json"],"audio_files":[],"assigned_to":"https://www.courtlistener.com/api/rest/v4/people/9621/?format=json","referred_to":null,"bankruptcy_information":null,"absolute_url":"/dock

--- docket=69241065 call#4836 ---
URL: https://www.courtlistener.com/api/rest/v4/dockets/69241065/?format=json
Status: 200
Body: {"resource_uri":"https://www.courtlistener.com/api/rest/v4/dockets/69241065/?format=json","id":69241065,"court":"https://www.courtlistener.com/api/rest/v4/courts/nysd/?format=json","court_id":"nysd","original_court_info":null,"idb_data":null,"clusters":["https://www.courtlistener.com/api/rest/v4/clusters/10196665/?format=json","https://www.courtlistener.com/api/rest/v4/clusters/10273942/?format=json"],"audio_files":[],"assigned_to":"https://www.courtlistener.com/api/rest/v4/people/3144/?format=j

--- docket=69136647 call#4837 ---
URL: https://www.courtlistener.com/api/rest/v4/dockets/69136647/?format=json
Status: 200
Body: {"resource_uri":"https://www.courtlistener.com/api/rest/v4/dockets/69136647/?format=json","id":69136647,"court":"https://www.courtlistener.com/api/rest/v4/courts/nysd/?format=json","court_id":"nysd","original_court_info":null,"idb_data":null,"clusters":["https://www.courtlistener.com/api/rest/v4/clusters/10289316/?format=json"],"audio_files":[],"assigned_to":null,"referred_to":null,"bankruptcy_information":null,"absolute_url":"/docket/69136647/tatone-v-cvs-health-corporation/","date_created":"20

--- docket=69202804 call#4838 ---
URL: https://www.courtlistener.com/api/rest/v4/dockets/69202804/?format=json
Status: 200
Body: {"resource_uri":"https://www.courtlistener.com/api/rest/v4/dockets/69202804/?format=json","id":69202804,"court":"https://www.courtlistener.com/api/rest/v4/courts/wawd/?format=json","court_id":"wawd","original_court_info":null,"idb_data":null,"clusters":["https://www.courtlistener.com/api/rest/v4/clusters/10590543/?format=json"],"audio_files":[],"assigned_to":"https://www.courtlistener.com/api/rest/v4/people/2911/?format=json","referred_to":null,"bankruptcy_information":null,"absolute_url":"/dock

--- docket=67502023 call#4839 ---
URL: https://www.courtlistener.com/api/rest/v4/dockets/67502023/?format=json
Status: 200
Body: {"resource_uri":"https://www.courtlistener.com/api/rest/v4/dockets/67502023/?format=json","id":67502023,"court":"https://www.courtlistener.com/api/rest/v4/courts/txed/?format=json","court_id":"txed","original_court_info":null,"idb_data":null,"clusters":["https://www.courtlistener.com/api/rest/v4/clusters/10346405/?format=json"],"audio_files":[],"assigned_to":"https://www.courtlistener.com/api/rest/v4/people/14410/?format=json","referred_to":null,"bankruptcy_information":null,"absolute_url":"/doc

--- docket=69392003 call#4840 ---
URL: https://www.courtlistener.com/api/rest/v4/dockets/69392003/?format=json
Status: 200
Body: {"resource_uri":"https://www.courtlistener.com/api/rest/v4/dockets/69392003/?format=json","id":69392003,"court":"https://www.courtlistener.com/api/rest/v4/courts/nysd/?format=json","court_id":"nysd","original_court_info":null,"idb_data":null,"clusters":["https://www.courtlistener.com/api/rest/v4/clusters/10317983/?format=json"],"audio_files":[],"assigned_to":null,"referred_to":null,"bankruptcy_information":null,"absolute_url":"/docket/69392003/wilson-v-xerox-holdings-corporation/","date_created"

--- docket=69326915 call#4841 ---
URL: https://www.courtlistener.com/api/rest/v4/dockets/69326915/?format=json
Status: 200
Body: {"resource_uri":"https://www.courtlistener.com/api/rest/v4/dockets/69326915/?format=json","id":69326915,"court":"https://www.courtlistener.com/api/rest/v4/courts/nyed/?format=json","court_id":"nyed","original_court_info":null,"idb_data":null,"clusters":["https://www.courtlistener.com/api/rest/v4/clusters/10676062/?format=json"],"audio_files":[],"assigned_to":"https://www.courtlistener.com/api/rest/v4/people/2080/?format=json","referred_to":"https://www.courtlistener.com/api/rest/v4/people/9424/?

--- docket=69456407 call#4842 ---
URL: https://www.courtlistener.com/api/rest/v4/dockets/69456407/?format=json
Status: 200
Body: {"resource_uri":"https://www.courtlistener.com/api/rest/v4/dockets/69456407/?format=json","id":69456407,"court":"https://www.courtlistener.com/api/rest/v4/courts/cand/?format=json","court_id":"cand","original_court_info":null,"idb_data":null,"clusters":["https://www.courtlistener.com/api/rest/v4/clusters/10597174/?format=json"],"audio_files":[],"assigned_to":null,"referred_to":null,"bankruptcy_information":null,"absolute_url":"/docket/69456407/monteverde-associates-pc-v-harpoon-therapeutics-inc/

--- docket=69714097 call#4843 ---
URL: https://www.courtlistener.com/api/rest/v4/dockets/69714097/?format=json
Status: 200
Body: {"resource_uri":"https://www.courtlistener.com/api/rest/v4/dockets/69714097/?format=json","id":69714097,"court":"https://www.courtlistener.com/api/rest/v4/courts/nysd/?format=json","court_id":"nysd","original_court_info":null,"idb_data":null,"clusters":["https://www.courtlistener.com/api/rest/v4/clusters/10625757/?format=json"],"audio_files":[],"assigned_to":"https://www.courtlistener.com/api/rest/v4/people/997/?format=json","referred_to":null,"bankruptcy_information":null,"absolute_url":"/docke

--- docket=64972854 call#4844 ---
URL: https://www.courtlistener.com/api/rest/v4/dockets/64972854/?format=json
Status: 200
Body: {"resource_uri":"https://www.courtlistener.com/api/rest/v4/dockets/64972854/?format=json","id":64972854,"court":"https://www.courtlistener.com/api/rest/v4/courts/ctd/?format=json","court_id":"ctd","original_court_info":null,"idb_data":null,"clusters":["https://www.courtlistener.com/api/rest/v4/clusters/10174631/?format=json","https://www.courtlistener.com/api/rest/v4/clusters/10615657/?format=json"],"audio_files":[],"assigned_to":null,"referred_to":null,"bankruptcy_information":null,"absolute_ur

--- docket=29083275 call#4845 ---
URL: https://www.courtlistener.com/api/rest/v4/dockets/29083275/?format=json
Status: 200
Body: {"resource_uri":"https://www.courtlistener.com/api/rest/v4/dockets/29083275/?format=json","id":29083275,"court":"https://www.courtlistener.com/api/rest/v4/courts/mad/?format=json","court_id":"mad","original_court_info":null,"idb_data":null,"clusters":["https://www.courtlistener.com/api/rest/v4/clusters/9732649/?format=json"],"audio_files":[],"assigned_to":"https://www.courtlistener.com/api/rest/v4/people/3164/?format=json","referred_to":null,"bankruptcy_information":null,"absolute_url":"/docket/

--- docket=68936751 call#4846 ---
URL: https://www.courtlistener.com/api/rest/v4/dockets/68936751/?format=json
Status: 200
Body: {"resource_uri":"https://www.courtlistener.com/api/rest/v4/dockets/68936751/?format=json","id":68936751,"court":"https://www.courtlistener.com/api/rest/v4/courts/cand/?format=json","court_id":"cand","original_court_info":null,"idb_data":null,"clusters":["https://www.courtlistener.com/api/rest/v4/clusters/10600550/?format=json"],"audio_files":[],"assigned_to":"https://www.courtlistener.com/api/rest/v4/people/2899/?format=json","referred_to":null,"bankruptcy_information":null,"absolute_url":"/dock

--- docket=6671953 call#4847 ---
URL: https://www.courtlistener.com/api/rest/v4/dockets/6671953/?format=json
Status: 200
Body: {"resource_uri":"https://www.courtlistener.com/api/rest/v4/dockets/6671953/?format=json","id":6671953,"court":"https://www.courtlistener.com/api/rest/v4/courts/cand/?format=json","court_id":"cand","original_court_info":null,"idb_data":{"resource_uri":"https://www.courtlistener.com/api/rest/v4/fjc-integrated-database/24959190/?format=json","date_created":"2018-11-21T10:36:35.609789-08:00","date_modified":"2022-01-28T13:37:52.756791-08:00","dataset_source":9,"office":"3","docket_number":"1701232",

--- docket=26541989 call#4848 ---
URL: https://www.courtlistener.com/api/rest/v4/dockets/26541989/?format=json
Status: 200
Body: {"resource_uri":"https://www.courtlistener.com/api/rest/v4/dockets/26541989/?format=json","id":26541989,"court":"https://www.courtlistener.com/api/rest/v4/courts/nysd/?format=json","court_id":"nysd","original_court_info":null,"idb_data":null,"clusters":["https://www.courtlistener.com/api/rest/v4/clusters/9865303/?format=json"],"audio_files":[],"assigned_to":null,"referred_to":null,"bankruptcy_information":null,"absolute_url":"/docket/26541989/murphy-v-biotelemetry-inc/","date_created":"2020-12-2

--- docket=6336415 call#4849 ---
URL: https://www.courtlistener.com/api/rest/v4/dockets/6336415/?format=json
Status: 200
Body: {"resource_uri":"https://www.courtlistener.com/api/rest/v4/dockets/6336415/?format=json","id":6336415,"court":"https://www.courtlistener.com/api/rest/v4/courts/njd/?format=json","court_id":"njd","original_court_info":null,"idb_data":{"resource_uri":"https://www.courtlistener.com/api/rest/v4/fjc-integrated-database/24563719/?format=json","date_created":"2018-11-21T09:57:30.124000-08:00","date_modified":"2022-01-28T11:46:33.543588-08:00","dataset_source":9,"office":"2","docket_number":"1802437","o

--- docket=68477810 call#4850 ---
URL: https://www.courtlistener.com/api/rest/v4/dockets/68477810/?format=json
Status: 200
Body: {"resource_uri":"https://www.courtlistener.com/api/rest/v4/dockets/68477810/?format=json","id":68477810,"court":"https://www.courtlistener.com/api/rest/v4/courts/njd/?format=json","court_id":"njd","original_court_info":null,"idb_data":null,"clusters":["https://www.courtlistener.com/api/rest/v4/clusters/10764664/?format=json"],"audio_files":[],"assigned_to":null,"referred_to":null,"bankruptcy_information":null,"absolute_url":"/docket/68477810/deangelis-v-hees/","date_created":"2024-04-26T14:06:15

--- docket=68325037 call#4851 ---
URL: https://www.courtlistener.com/api/rest/v4/dockets/68325037/?format=json
Status: 200
Body: {"resource_uri":"https://www.courtlistener.com/api/rest/v4/dockets/68325037/?format=json","id":68325037,"court":"https://www.courtlistener.com/api/rest/v4/courts/nysd/?format=json","court_id":"nysd","original_court_info":null,"idb_data":null,"clusters":["https://www.courtlistener.com/api/rest/v4/clusters/10756315/?format=json","https://www.courtlistener.com/api/rest/v4/clusters/10363395/?format=json"],"audio_files":[],"assigned_to":"https://www.courtlistener.com/api/rest/v4/people/552/?format=js

--- docket=63140952 call#4852 ---
URL: https://www.courtlistener.com/api/rest/v4/dockets/63140952/?format=json
Status: 200
Body: {"resource_uri":"https://www.courtlistener.com/api/rest/v4/dockets/63140952/?format=json","id":63140952,"court":"https://www.courtlistener.com/api/rest/v4/courts/nysd/?format=json","court_id":"nysd","original_court_info":null,"idb_data":null,"clusters":["https://www.courtlistener.com/api/rest/v4/clusters/9879171/?format=json"],"audio_files":[],"assigned_to":"https://www.courtlistener.com/api/rest/v4/people/9437/?format=json","referred_to":null,"bankruptcy_information":null,"absolute_url":"/docke

--- docket=17459471 call#4853 ---
URL: https://www.courtlistener.com/api/rest/v4/dockets/17459471/?format=json
Status: 200
Body: {"resource_uri":"https://www.courtlistener.com/api/rest/v4/dockets/17459471/?format=json","id":17459471,"court":"https://www.courtlistener.com/api/rest/v4/courts/ohnd/?format=json","court_id":"ohnd","original_court_info":null,"idb_data":null,"clusters":["https://www.courtlistener.com/api/rest/v4/clusters/9903448/?format=json","https://www.courtlistener.com/api/rest/v4/clusters/9904963/?format=json"],"audio_files":[],"assigned_to":null,"referred_to":null,"bankruptcy_information":null,"absolute_ur

--- docket=14834184 call#4854 ---
URL: https://www.courtlistener.com/api/rest/v4/dockets/14834184/?format=json
Status: 200
Body: {"resource_uri":"https://www.courtlistener.com/api/rest/v4/dockets/14834184/?format=json","id":14834184,"court":"https://www.courtlistener.com/api/rest/v4/courts/nynd/?format=json","court_id":"nynd","original_court_info":null,"idb_data":{"resource_uri":"https://www.courtlistener.com/api/rest/v4/fjc-integrated-database/25854315/?format=json","date_created":"2020-08-27T04:30:35.780343-07:00","date_modified":"2022-01-28T11:29:06.401661-08:00","dataset_source":9,"office":"6","docket_number":"1900252

--- docket=67851600 call#4855 ---
URL: https://www.courtlistener.com/api/rest/v4/dockets/67851600/?format=json
Status: 200
Body: {"resource_uri":"https://www.courtlistener.com/api/rest/v4/dockets/67851600/?format=json","id":67851600,"court":"https://www.courtlistener.com/api/rest/v4/courts/gamd/?format=json","court_id":"gamd","original_court_info":null,"idb_data":null,"clusters":["https://www.courtlistener.com/api/rest/v4/clusters/9659480/?format=json"],"audio_files":[],"assigned_to":"https://www.courtlistener.com/api/rest/v4/people/3256/?format=json","referred_to":null,"bankruptcy_information":null,"absolute_url":"/docke

--- docket=16125063 call#4856 ---
URL: https://www.courtlistener.com/api/rest/v4/dockets/16125063/?format=json
Status: 200
Body: {"resource_uri":"https://www.courtlistener.com/api/rest/v4/dockets/16125063/?format=json","id":16125063,"court":"https://www.courtlistener.com/api/rest/v4/courts/wawd/?format=json","court_id":"wawd","original_court_info":null,"idb_data":{"resource_uri":"https://www.courtlistener.com/api/rest/v4/fjc-integrated-database/25546304/?format=json","date_created":"2020-08-27T01:39:39.710100-07:00","date_modified":"2022-01-28T14:02:08.431976-08:00","dataset_source":9,"office":"3","docket_number":"1905798

--- docket=16673861 call#4857 ---
URL: https://www.courtlistener.com/api/rest/v4/dockets/16673861/?format=json
Status: 200
Body: {"resource_uri":"https://www.courtlistener.com/api/rest/v4/dockets/16673861/?format=json","id":16673861,"court":"https://www.courtlistener.com/api/rest/v4/courts/nvd/?format=json","court_id":"nvd","original_court_info":null,"idb_data":{"resource_uri":"https://www.courtlistener.com/api/rest/v4/fjc-integrated-database/25556497/?format=json","date_created":"2020-08-27T01:44:15.925964-07:00","date_modified":"2022-01-28T11:02:22.430268-08:00","dataset_source":9,"office":"2","docket_number":"2000045",

--- docket=8221053 call#4858 ---
URL: https://www.courtlistener.com/api/rest/v4/dockets/8221053/?format=json
Status: 200
Body: {"resource_uri":"https://www.courtlistener.com/api/rest/v4/dockets/8221053/?format=json","id":8221053,"court":"https://www.courtlistener.com/api/rest/v4/courts/pamd/?format=json","court_id":"pamd","original_court_info":null,"idb_data":{"resource_uri":"https://www.courtlistener.com/api/rest/v4/fjc-integrated-database/25777072/?format=json","date_created":"2020-08-27T03:49:39.078379-07:00","date_modified":"2022-01-28T12:11:27.452428-08:00","dataset_source":9,"office":"1","docket_number":"1802118",

--- docket=16316080 call#4859 ---
URL: https://www.courtlistener.com/api/rest/v4/dockets/16316080/?format=json
Status: 200
Body: {"resource_uri":"https://www.courtlistener.com/api/rest/v4/dockets/16316080/?format=json","id":16316080,"court":"https://www.courtlistener.com/api/rest/v4/courts/nysd/?format=json","court_id":"nysd","original_court_info":null,"idb_data":{"resource_uri":"https://www.courtlistener.com/api/rest/v4/fjc-integrated-database/25836786/?format=json","date_created":"2020-08-27T04:20:18.892427-07:00","date_modified":"2022-01-28T11:36:06.233947-08:00","dataset_source":9,"office":"1","docket_number":"1909357

--- docket=8366117 call#4860 ---
URL: https://www.courtlistener.com/api/rest/v4/dockets/8366117/?format=json
Status: 200
Body: {"resource_uri":"https://www.courtlistener.com/api/rest/v4/dockets/8366117/?format=json","id":8366117,"court":"https://www.courtlistener.com/api/rest/v4/courts/nysd/?format=json","court_id":"nysd","original_court_info":null,"idb_data":{"resource_uri":"https://www.courtlistener.com/api/rest/v4/fjc-integrated-database/25829827/?format=json","date_created":"2020-08-27T04:17:07.972652-07:00","date_modified":"2022-01-28T09:58:09.487452-08:00","dataset_source":9,"office":"7","docket_number":"1811362",

--- docket=8444799 call#4861 ---
URL: https://www.courtlistener.com/api/rest/v4/dockets/8444799/?format=json
Status: 200
Body: {"resource_uri":"https://www.courtlistener.com/api/rest/v4/dockets/8444799/?format=json","id":8444799,"court":"https://www.courtlistener.com/api/rest/v4/courts/nysd/?format=json","court_id":"nysd","original_court_info":null,"idb_data":{"resource_uri":"https://www.courtlistener.com/api/rest/v4/fjc-integrated-database/25842507/?format=json","date_created":"2020-08-27T04:22:23.390431-07:00","date_modified":"2022-01-28T11:35:21.494520-08:00","dataset_source":9,"office":"1","docket_number":"1812089",

--- docket=67958406 call#4862 ---
URL: https://www.courtlistener.com/api/rest/v4/dockets/67958406/?format=json
Status: 200
Body: {"resource_uri":"https://www.courtlistener.com/api/rest/v4/dockets/67958406/?format=json","id":67958406,"court":"https://www.courtlistener.com/api/rest/v4/courts/njd/?format=json","court_id":"njd","original_court_info":null,"idb_data":null,"clusters":["https://www.courtlistener.com/api/rest/v4/clusters/9811150/?format=json"],"audio_files":[],"assigned_to":null,"referred_to":null,"bankruptcy_information":null,"absolute_url":"/docket/67958406/mizrahi-v-anna/","date_created":"2023-11-03T11:37:46.18

--- docket=63123383 call#4863 ---
URL: https://www.courtlistener.com/api/rest/v4/dockets/63123383/?format=json
Status: 200
Body: {"resource_uri":"https://www.courtlistener.com/api/rest/v4/dockets/63123383/?format=json","id":63123383,"court":"https://www.courtlistener.com/api/rest/v4/courts/prd/?format=json","court_id":"prd","original_court_info":null,"idb_data":null,"clusters":["https://www.courtlistener.com/api/rest/v4/clusters/9954344/?format=json","https://www.courtlistener.com/api/rest/v4/clusters/10797087/?format=json","https://www.courtlistener.com/api/rest/v4/clusters/10201801/?format=json"],"audio_files":[],"assig

--- docket=15046136 call#4864 ---
URL: https://www.courtlistener.com/api/rest/v4/dockets/15046136/?format=json
Status: 200
Body: {"resource_uri":"https://www.courtlistener.com/api/rest/v4/dockets/15046136/?format=json","id":15046136,"court":"https://www.courtlistener.com/api/rest/v4/courts/cacd/?format=json","court_id":"cacd","original_court_info":null,"idb_data":{"resource_uri":"https://www.courtlistener.com/api/rest/v4/fjc-integrated-database/25581949/?format=json","date_created":"2020-08-27T01:55:16.571969-07:00","date_modified":"2022-01-28T10:55:20.561162-08:00","dataset_source":9,"office":"2","docket_number":"1903788

--- docket=8365395 call#4865 ---
URL: https://www.courtlistener.com/api/rest/v4/dockets/8365395/?format=json
Status: 200
Body: {"resource_uri":"https://www.courtlistener.com/api/rest/v4/dockets/8365395/?format=json","id":8365395,"court":"https://www.courtlistener.com/api/rest/v4/courts/nysd/?format=json","court_id":"nysd","original_court_info":null,"idb_data":{"resource_uri":"https://www.courtlistener.com/api/rest/v4/fjc-integrated-database/25842824/?format=json","date_created":"2020-08-27T04:22:45.143165-07:00","date_modified":"2022-01-28T11:35:16.894212-08:00","dataset_source":9,"office":"1","docket_number":"1811393",

--- docket=13262749 call#4866 ---
URL: https://www.courtlistener.com/api/rest/v4/dockets/13262749/?format=json
Status: 200
Body: {"resource_uri":"https://www.courtlistener.com/api/rest/v4/dockets/13262749/?format=json","id":13262749,"court":"https://www.courtlistener.com/api/rest/v4/courts/pawd/?format=json","court_id":"pawd","original_court_info":null,"idb_data":{"resource_uri":"https://www.courtlistener.com/api/rest/v4/fjc-integrated-database/23962164/?format=json","date_created":"2018-11-21T08:19:34.620793-08:00","date_modified":"2022-01-28T03:41:29.791449-08:00","dataset_source":9,"office":"2","docket_number":"1501535

--- docket=6313843 call#4867 ---
URL: https://www.courtlistener.com/api/rest/v4/dockets/6313843/?format=json
Status: 200
Body: {"resource_uri":"https://www.courtlistener.com/api/rest/v4/dockets/6313843/?format=json","id":6313843,"court":"https://www.courtlistener.com/api/rest/v4/courts/njd/?format=json","court_id":"njd","original_court_info":null,"idb_data":{"resource_uri":"https://www.courtlistener.com/api/rest/v4/fjc-integrated-database/24581655/?format=json","date_created":"2018-11-21T09:59:11.837373-08:00","date_modified":"2022-01-28T11:56:10.881650-08:00","dataset_source":9,"office":"3","docket_number":"1802293","o

--- docket=65597976 call#4868 ---
URL: https://www.courtlistener.com/api/rest/v4/dockets/65597976/?format=json
Status: 200
Body: {"resource_uri":"https://www.courtlistener.com/api/rest/v4/dockets/65597976/?format=json","id":65597976,"court":"https://www.courtlistener.com/api/rest/v4/courts/ksd/?format=json","court_id":"ksd","original_court_info":null,"idb_data":null,"clusters":["https://www.courtlistener.com/api/rest/v4/clusters/9709941/?format=json","https://www.courtlistener.com/api/rest/v4/clusters/9711552/?format=json"],"audio_files":[],"assigned_to":"https://www.courtlistener.com/api/rest/v4/people/2211/?format=json"

--- docket=4276125 call#4869 ---
URL: https://www.courtlistener.com/api/rest/v4/dockets/4276125/?format=json
Status: 200
Body: {"resource_uri":"https://www.courtlistener.com/api/rest/v4/dockets/4276125/?format=json","id":4276125,"court":"https://www.courtlistener.com/api/rest/v4/courts/mad/?format=json","court_id":"mad","original_court_info":null,"idb_data":{"resource_uri":"https://www.courtlistener.com/api/rest/v4/fjc-integrated-database/24182340/?format=json","date_created":"2018-11-21T09:08:57.879982-08:00","date_modified":"2022-01-28T04:55:18.393910-08:00","dataset_source":9,"office":"1","docket_number":"1513460","o

--- docket=66807172 call#4870 ---
URL: https://www.courtlistener.com/api/rest/v4/dockets/66807172/?format=json
Status: 200
Body: {"resource_uri":"https://www.courtlistener.com/api/rest/v4/dockets/66807172/?format=json","id":66807172,"court":"https://www.courtlistener.com/api/rest/v4/courts/flsd/?format=json","court_id":"flsd","original_court_info":null,"idb_data":null,"clusters":["https://www.courtlistener.com/api/rest/v4/clusters/10177250/?format=json"],"audio_files":[],"assigned_to":"https://www.courtlistener.com/api/rest/v4/people/2778/?format=json","referred_to":"https://www.courtlistener.com/api/rest/v4/people/9179/?

--- docket=67004157 call#4871 ---
URL: https://www.courtlistener.com/api/rest/v4/dockets/67004157/?format=json
Status: 200
Body: {"resource_uri":"https://www.courtlistener.com/api/rest/v4/dockets/67004157/?format=json","id":67004157,"court":"https://www.courtlistener.com/api/rest/v4/courts/nyed/?format=json","court_id":"nyed","original_court_info":null,"idb_data":null,"clusters":["https://www.courtlistener.com/api/rest/v4/clusters/10361637/?format=json","https://www.courtlistener.com/api/rest/v4/clusters/9843538/?format=json"],"audio_files":[],"assigned_to":"https://www.courtlistener.com/api/rest/v4/people/308/?format=jso

--- docket=17452688 call#4872 ---
URL: https://www.courtlistener.com/api/rest/v4/dockets/17452688/?format=json
Status: 200
Body: {"resource_uri":"https://www.courtlistener.com/api/rest/v4/dockets/17452688/?format=json","id":17452688,"court":"https://www.courtlistener.com/api/rest/v4/courts/nysd/?format=json","court_id":"nysd","original_court_info":null,"idb_data":null,"clusters":["https://www.courtlistener.com/api/rest/v4/clusters/9861639/?format=json"],"audio_files":[],"assigned_to":null,"referred_to":null,"bankruptcy_information":null,"absolute_url":"/docket/17452688/an-v-gtv-media-group-inc/","date_created":"2020-08-17

--- docket=69433258 call#4873 ---
URL: https://www.courtlistener.com/api/rest/v4/dockets/69433258/?format=json
Status: 200
Body: {"resource_uri":"https://www.courtlistener.com/api/rest/v4/dockets/69433258/?format=json","id":69433258,"court":"https://www.courtlistener.com/api/rest/v4/courts/cand/?format=json","court_id":"cand","original_court_info":null,"idb_data":null,"clusters":["https://www.courtlistener.com/api/rest/v4/clusters/10360184/?format=json"],"audio_files":[],"assigned_to":"https://www.courtlistener.com/api/rest/v4/people/1588/?format=json","referred_to":null,"bankruptcy_information":null,"absolute_url":"/dock

--- docket=69746141 call#4874 ---
URL: https://www.courtlistener.com/api/rest/v4/dockets/69746141/?format=json
Status: 200
Body: {"resource_uri":"https://www.courtlistener.com/api/rest/v4/dockets/69746141/?format=json","id":69746141,"court":"https://www.courtlistener.com/api/rest/v4/courts/azd/?format=json","court_id":"azd","original_court_info":null,"idb_data":null,"clusters":["https://www.courtlistener.com/api/rest/v4/clusters/10637204/?format=json"],"audio_files":[],"assigned_to":"https://www.courtlistener.com/api/rest/v4/people/3271/?format=json","referred_to":null,"bankruptcy_information":null,"absolute_url":"/docket

--- docket=18411846 call#4875 ---
URL: https://www.courtlistener.com/api/rest/v4/dockets/18411846/?format=json
Status: 200
Body: {"resource_uri":"https://www.courtlistener.com/api/rest/v4/dockets/18411846/?format=json","id":18411846,"court":"https://www.courtlistener.com/api/rest/v4/courts/nysd/?format=json","court_id":"nysd","original_court_info":null,"idb_data":null,"clusters":["https://www.courtlistener.com/api/rest/v4/clusters/9872179/?format=json"],"audio_files":[],"assigned_to":"https://www.courtlistener.com/api/rest/v4/people/733/?format=json","referred_to":null,"bankruptcy_information":null,"absolute_url":"/docket

--- docket=17443900 call#4876 ---
URL: https://www.courtlistener.com/api/rest/v4/dockets/17443900/?format=json
Status: 200
Body: {"resource_uri":"https://www.courtlistener.com/api/rest/v4/dockets/17443900/?format=json","id":17443900,"court":"https://www.courtlistener.com/api/rest/v4/courts/njd/?format=json","court_id":"njd","original_court_info":null,"idb_data":null,"clusters":["https://www.courtlistener.com/api/rest/v4/clusters/9804279/?format=json"],"audio_files":[],"assigned_to":"https://www.courtlistener.com/api/rest/v4/people/3527/?format=json","referred_to":null,"bankruptcy_information":null,"absolute_url":"/docket/

--- docket=14980619 call#4877 ---
URL: https://www.courtlistener.com/api/rest/v4/dockets/14980619/?format=json
Status: 200
Body: {"resource_uri":"https://www.courtlistener.com/api/rest/v4/dockets/14980619/?format=json","id":14980619,"court":"https://www.courtlistener.com/api/rest/v4/courts/flsd/?format=json","court_id":"flsd","original_court_info":null,"idb_data":{"resource_uri":"https://www.courtlistener.com/api/rest/v4/fjc-integrated-database/25355683/?format=json","date_created":"2020-08-27T00:26:42.279978-07:00","date_modified":"2022-01-28T15:41:50.176431-08:00","dataset_source":9,"office":"0","docket_number":"1961019

--- docket=16209897 call#4878 ---
URL: https://www.courtlistener.com/api/rest/v4/dockets/16209897/?format=json
Status: 200
Body: {"resource_uri":"https://www.courtlistener.com/api/rest/v4/dockets/16209897/?format=json","id":16209897,"court":"https://www.courtlistener.com/api/rest/v4/courts/nysd/?format=json","court_id":"nysd","original_court_info":null,"idb_data":{"resource_uri":"https://www.courtlistener.com/api/rest/v4/fjc-integrated-database/25837405/?format=json","date_created":"2020-08-27T04:20:29.816595-07:00","date_modified":"2022-01-28T11:36:02.645219-08:00","dataset_source":9,"office":"1","docket_number":"1908657

--- docket=15666799 call#4879 ---
URL: https://www.courtlistener.com/api/rest/v4/dockets/15666799/?format=json
Status: 200
Body: {"resource_uri":"https://www.courtlistener.com/api/rest/v4/dockets/15666799/?format=json","id":15666799,"court":"https://www.courtlistener.com/api/rest/v4/courts/casd/?format=json","court_id":"casd","original_court_info":null,"idb_data":{"resource_uri":"https://www.courtlistener.com/api/rest/v4/fjc-integrated-database/25563871/?format=json","date_created":"2020-08-27T01:47:44.632081-07:00","date_modified":"2022-01-28T13:54:26.694984-08:00","dataset_source":9,"office":"3","docket_number":"1900958

--- docket=16476695 call#4880 ---
URL: https://www.courtlistener.com/api/rest/v4/dockets/16476695/?format=json
Status: 200
Body: {"resource_uri":"https://www.courtlistener.com/api/rest/v4/dockets/16476695/?format=json","id":16476695,"court":"https://www.courtlistener.com/api/rest/v4/courts/nysd/?format=json","court_id":"nysd","original_court_info":null,"idb_data":{"resource_uri":"https://www.courtlistener.com/api/rest/v4/fjc-integrated-database/25835625/?format=json","date_created":"2020-08-27T04:19:57.188561-07:00","date_modified":"2022-01-28T11:36:15.150443-08:00","dataset_source":9,"office":"1","docket_number":"1910641

--- docket=8395142 call#4881 ---
URL: https://www.courtlistener.com/api/rest/v4/dockets/8395142/?format=json
Status: 200
Body: {"resource_uri":"https://www.courtlistener.com/api/rest/v4/dockets/8395142/?format=json","id":8395142,"court":"https://www.courtlistener.com/api/rest/v4/courts/nysd/?format=json","court_id":"nysd","original_court_info":null,"idb_data":{"resource_uri":"https://www.courtlistener.com/api/rest/v4/fjc-integrated-database/25842735/?format=json","date_created":"2020-08-27T04:22:27.548890-07:00","date_modified":"2022-01-28T11:35:18.127924-08:00","dataset_source":9,"office":"1","docket_number":"1811603",

--- docket=14859971 call#4882 ---
URL: https://www.courtlistener.com/api/rest/v4/dockets/14859971/?format=json
Status: 200
Body: {"resource_uri":"https://www.courtlistener.com/api/rest/v4/dockets/14859971/?format=json","id":14859971,"court":"https://www.courtlistener.com/api/rest/v4/courts/nysd/?format=json","court_id":"nysd","original_court_info":null,"idb_data":{"resource_uri":"https://www.courtlistener.com/api/rest/v4/fjc-integrated-database/25841219/?format=json","date_created":"2020-08-27T04:21:57.703524-07:00","date_modified":"2022-01-28T09:55:47.455206-08:00","dataset_source":9,"office":"1","docket_number":"1902915

--- docket=16169103 call#4883 ---
URL: https://www.courtlistener.com/api/rest/v4/dockets/16169103/?format=json
Status: 200
Body: {"resource_uri":"https://www.courtlistener.com/api/rest/v4/dockets/16169103/?format=json","id":16169103,"court":"https://www.courtlistener.com/api/rest/v4/courts/nysd/?format=json","court_id":"nysd","original_court_info":null,"idb_data":{"resource_uri":"https://www.courtlistener.com/api/rest/v4/fjc-integrated-database/25837658/?format=json","date_created":"2020-08-27T04:20:34.435409-07:00","date_modified":"2022-01-28T09:56:31.752590-08:00","dataset_source":9,"office":"1","docket_number":"1908351

--- docket=8505730 call#4884 ---
URL: https://www.courtlistener.com/api/rest/v4/dockets/8505730/?format=json
Status: 200
Body: {"resource_uri":"https://www.courtlistener.com/api/rest/v4/dockets/8505730/?format=json","id":8505730,"court":"https://www.courtlistener.com/api/rest/v4/courts/flmd/?format=json","court_id":"flmd","original_court_info":null,"idb_data":{"resource_uri":"https://www.courtlistener.com/api/rest/v4/fjc-integrated-database/25359688/?format=json","date_created":"2020-08-27T00:28:13.813338-07:00","date_modified":"2022-01-28T15:40:24.608373-08:00","dataset_source":9,"office":"8","docket_number":"1900069",

--- docket=7897682 call#4885 ---
URL: https://www.courtlistener.com/api/rest/v4/dockets/7897682/?format=json
Status: 200
Body: {"resource_uri":"https://www.courtlistener.com/api/rest/v4/dockets/7897682/?format=json","id":7897682,"court":"https://www.courtlistener.com/api/rest/v4/courts/hid/?format=json","court_id":"hid","original_court_info":null,"idb_data":{"resource_uri":"https://www.courtlistener.com/api/rest/v4/fjc-integrated-database/25014098/?format=json","date_created":"2018-11-21T10:41:47.097924-08:00","date_modified":"2022-01-28T11:00:47.305607-08:00","dataset_source":9,"office":"1","docket_number":"1800348","o

--- docket=18197056 call#4886 ---
URL: https://www.courtlistener.com/api/rest/v4/dockets/18197056/?format=json
Status: 200
Body: {"resource_uri":"https://www.courtlistener.com/api/rest/v4/dockets/18197056/?format=json","id":18197056,"court":"https://www.courtlistener.com/api/rest/v4/courts/cod/?format=json","court_id":"cod","original_court_info":null,"idb_data":null,"clusters":["https://www.courtlistener.com/api/rest/v4/clusters/9625134/?format=json"],"audio_files":[],"assigned_to":"https://www.courtlistener.com/api/rest/v4/people/9123/?format=json","referred_to":"https://www.courtlistener.com/api/rest/v4/people/9122/?for

--- docket=7364537 call#4887 ---
URL: https://www.courtlistener.com/api/rest/v4/dockets/7364537/?format=json
Status: 200
Body: {"resource_uri":"https://www.courtlistener.com/api/rest/v4/dockets/7364537/?format=json","id":7364537,"court":"https://www.courtlistener.com/api/rest/v4/courts/insd/?format=json","court_id":"insd","original_court_info":null,"idb_data":{"resource_uri":"https://www.courtlistener.com/api/rest/v4/fjc-integrated-database/24907335/?format=json","date_created":"2018-11-21T10:31:41.762935-08:00","date_modified":"2022-01-28T09:09:35.565019-08:00","dataset_source":9,"office":"3","docket_number":"1800113",

--- docket=14991892 call#4888 ---
URL: https://www.courtlistener.com/api/rest/v4/dockets/14991892/?format=json
Status: 200
Body: {"resource_uri":"https://www.courtlistener.com/api/rest/v4/dockets/14991892/?format=json","id":14991892,"court":"https://www.courtlistener.com/api/rest/v4/courts/nysd/?format=json","court_id":"nysd","original_court_info":null,"idb_data":{"resource_uri":"https://www.courtlistener.com/api/rest/v4/fjc-integrated-database/25840882/?format=json","date_created":"2020-08-27T04:21:51.357694-07:00","date_modified":"2022-01-28T11:35:35.815336-08:00","dataset_source":9,"office":"1","docket_number":"1903589

--- docket=16856449 call#4889 ---
URL: https://www.courtlistener.com/api/rest/v4/dockets/16856449/?format=json
Status: 200
Body: {"resource_uri":"https://www.courtlistener.com/api/rest/v4/dockets/16856449/?format=json","id":16856449,"court":"https://www.courtlistener.com/api/rest/v4/courts/ohnd/?format=json","court_id":"ohnd","original_court_info":null,"idb_data":{"resource_uri":"https://www.courtlistener.com/api/rest/v4/fjc-integrated-database/25679280/?format=json","date_created":"2020-08-27T02:46:19.576259-07:00","date_modified":"2022-01-28T10:32:53.618836-08:00","dataset_source":9,"office":"1","docket_number":"2000356

--- docket=16073843 call#4890 ---
URL: https://www.courtlistener.com/api/rest/v4/dockets/16073843/?format=json
Status: 200
Body: {"resource_uri":"https://www.courtlistener.com/api/rest/v4/dockets/16073843/?format=json","id":16073843,"court":"https://www.courtlistener.com/api/rest/v4/courts/ared/?format=json","court_id":"ared","original_court_info":null,"idb_data":{"resource_uri":"https://www.courtlistener.com/api/rest/v4/fjc-integrated-database/25627181/?format=json","date_created":"2020-08-27T02:19:21.991378-07:00","date_modified":"2022-01-28T10:42:58.826839-08:00","dataset_source":9,"office":"4","docket_number":"1900567

--- docket=18240532 call#4891 ---
URL: https://www.courtlistener.com/api/rest/v4/dockets/18240532/?format=json
Status: 200
Body: {"resource_uri":"https://www.courtlistener.com/api/rest/v4/dockets/18240532/?format=json","id":18240532,"court":"https://www.courtlistener.com/api/rest/v4/courts/gand/?format=json","court_id":"gand","original_court_info":null,"idb_data":{"resource_uri":"https://www.courtlistener.com/api/rest/v4/fjc-integrated-database/25339258/?format=json","date_created":"2020-08-27T00:19:24.977617-07:00","date_modified":"2022-01-28T15:47:00.882614-08:00","dataset_source":9,"office":"1","docket_number":"2000613

--- docket=67862257 call#4892 ---
URL: https://www.courtlistener.com/api/rest/v4/dockets/67862257/?format=json
Status: 200
Body: {"resource_uri":"https://www.courtlistener.com/api/rest/v4/dockets/67862257/?format=json","id":67862257,"court":"https://www.courtlistener.com/api/rest/v4/courts/mad/?format=json","court_id":"mad","original_court_info":null,"idb_data":null,"clusters":["https://www.courtlistener.com/api/rest/v4/clusters/9735434/?format=json"],"audio_files":[],"assigned_to":"https://www.courtlistener.com/api/rest/v4/people/2850/?format=json","referred_to":null,"bankruptcy_information":null,"absolute_url":"/docket/

--- docket=63574930 call#4893 ---
URL: https://www.courtlistener.com/api/rest/v4/dockets/63574930/?format=json
Status: 200
Body: {"resource_uri":"https://www.courtlistener.com/api/rest/v4/dockets/63574930/?format=json","id":63574930,"court":"https://www.courtlistener.com/api/rest/v4/courts/mied/?format=json","court_id":"mied","original_court_info":null,"idb_data":null,"clusters":["https://www.courtlistener.com/api/rest/v4/clusters/9753887/?format=json"],"audio_files":[],"assigned_to":"https://www.courtlistener.com/api/rest/v4/people/1923/?format=json","referred_to":"https://www.courtlistener.com/api/rest/v4/people/9308/?f

--- docket=67806270 call#4894 ---
URL: https://www.courtlistener.com/api/rest/v4/dockets/67806270/?format=json
Status: 200
Body: {"resource_uri":"https://www.courtlistener.com/api/rest/v4/dockets/67806270/?format=json","id":67806270,"court":"https://www.courtlistener.com/api/rest/v4/courts/flmd/?format=json","court_id":"flmd","original_court_info":null,"idb_data":null,"clusters":["https://www.courtlistener.com/api/rest/v4/clusters/9649613/?format=json"],"audio_files":[],"assigned_to":"https://www.courtlistener.com/api/rest/v4/people/786/?format=json","referred_to":null,"bankruptcy_information":null,"absolute_url":"/docket

--- docket=16227655 call#4895 ---
URL: https://www.courtlistener.com/api/rest/v4/dockets/16227655/?format=json
Status: 200
Body: {"resource_uri":"https://www.courtlistener.com/api/rest/v4/dockets/16227655/?format=json","id":16227655,"court":"https://www.courtlistener.com/api/rest/v4/courts/cand/?format=json","court_id":"cand","original_court_info":null,"idb_data":{"resource_uri":"https://www.courtlistener.com/api/rest/v4/fjc-integrated-database/25593380/?format=json","date_created":"2020-08-27T02:01:33.403255-07:00","date_modified":"2022-01-28T13:42:09.523338-08:00","dataset_source":9,"office":"4","docket_number":"1905895

--- docket=18694987 call#4896 ---
URL: https://www.courtlistener.com/api/rest/v4/dockets/18694987/?format=json
Status: 200
Body: {"resource_uri":"https://www.courtlistener.com/api/rest/v4/dockets/18694987/?format=json","id":18694987,"court":"https://www.courtlistener.com/api/rest/v4/courts/nysd/?format=json","court_id":"nysd","original_court_info":null,"idb_data":null,"clusters":["https://www.courtlistener.com/api/rest/v4/clusters/9868856/?format=json","https://www.courtlistener.com/api/rest/v4/clusters/9870755/?format=json","https://www.courtlistener.com/api/rest/v4/clusters/9878722/?format=json","https://www.courtlisten

--- docket=15014373 call#4897 ---
URL: https://www.courtlistener.com/api/rest/v4/dockets/15014373/?format=json
Status: 200
Body: {"resource_uri":"https://www.courtlistener.com/api/rest/v4/dockets/15014373/?format=json","id":15014373,"court":"https://www.courtlistener.com/api/rest/v4/courts/njd/?format=json","court_id":"njd","original_court_info":null,"idb_data":{"resource_uri":"https://www.courtlistener.com/api/rest/v4/fjc-integrated-database/25815703/?format=json","date_created":"2020-08-27T04:08:47.840651-07:00","date_modified":"2022-01-28T11:47:48.051924-08:00","dataset_source":9,"office":"2","docket_number":"1816509",

--- docket=13470464 call#4898 ---
URL: https://www.courtlistener.com/api/rest/v4/dockets/13470464/?format=json
Status: 200
Body: {"resource_uri":"https://www.courtlistener.com/api/rest/v4/dockets/13470464/?format=json","id":13470464,"court":"https://www.courtlistener.com/api/rest/v4/courts/mdd/?format=json","court_id":"mdd","original_court_info":null,"idb_data":{"resource_uri":"https://www.courtlistener.com/api/rest/v4/fjc-integrated-database/24613773/?format=json","date_created":"2018-11-21T10:03:10.783088-08:00","date_modified":"2022-01-28T12:14:49.097823-08:00","dataset_source":9,"office":"1","docket_number":"1802046",

--- docket=7144934 call#4899 ---
URL: https://www.courtlistener.com/api/rest/v4/dockets/7144934/?format=json
Status: 200
Body: {"resource_uri":"https://www.courtlistener.com/api/rest/v4/dockets/7144934/?format=json","id":7144934,"court":"https://www.courtlistener.com/api/rest/v4/courts/laed/?format=json","court_id":"laed","original_court_info":null,"idb_data":{"resource_uri":"https://www.courtlistener.com/api/rest/v4/fjc-integrated-database/24736077/?format=json","date_created":"2018-11-21T10:14:56.323596-08:00","date_modified":"2022-01-28T08:44:18.084817-08:00","dataset_source":9,"office":"2","docket_number":"1700819",

--- docket=17221024 call#4900 ---
URL: https://www.courtlistener.com/api/rest/v4/dockets/17221024/?format=json
Status: 200
Body: {"resource_uri":"https://www.courtlistener.com/api/rest/v4/dockets/17221024/?format=json","id":17221024,"court":"https://www.courtlistener.com/api/rest/v4/courts/nvd/?format=json","court_id":"nvd","original_court_info":null,"idb_data":{"resource_uri":"https://www.courtlistener.com/api/rest/v4/fjc-integrated-database/25555600/?format=json","date_created":"2020-08-27T01:43:51.930841-07:00","date_modified":"2022-01-28T13:57:28.635800-08:00","dataset_source":9,"office":"2","docket_number":"2000994",

--- docket=67809191 call#4901 ---
URL: https://www.courtlistener.com/api/rest/v4/dockets/67809191/?format=json
Status: 200
Body: {"resource_uri":"https://www.courtlistener.com/api/rest/v4/dockets/67809191/?format=json","id":67809191,"court":"https://www.courtlistener.com/api/rest/v4/courts/nysd/?format=json","court_id":"nysd","original_court_info":null,"idb_data":null,"clusters":["https://www.courtlistener.com/api/rest/v4/clusters/9889937/?format=json"],"audio_files":[],"assigned_to":"https://www.courtlistener.com/api/rest/v4/people/1702/?format=json","referred_to":"https://www.courtlistener.com/api/rest/v4/people/9448/?f

--- docket=8486045 call#4902 ---
URL: https://www.courtlistener.com/api/rest/v4/dockets/8486045/?format=json
Status: 200
Body: {"resource_uri":"https://www.courtlistener.com/api/rest/v4/dockets/8486045/?format=json","id":8486045,"court":"https://www.courtlistener.com/api/rest/v4/courts/nysd/?format=json","court_id":"nysd","original_court_info":null,"idb_data":{"resource_uri":"https://www.courtlistener.com/api/rest/v4/fjc-integrated-database/25842256/?format=json","date_created":"2020-08-27T04:22:18.839592-07:00","date_modified":"2022-01-28T09:55:35.142657-08:00","dataset_source":9,"office":"1","docket_number":"1900235",

--- docket=16426693 call#4903 ---
URL: https://www.courtlistener.com/api/rest/v4/dockets/16426693/?format=json
Status: 200
Body: {"resource_uri":"https://www.courtlistener.com/api/rest/v4/dockets/16426693/?format=json","id":16426693,"court":"https://www.courtlistener.com/api/rest/v4/courts/txed/?format=json","court_id":"txed","original_court_info":null,"idb_data":{"resource_uri":"https://www.courtlistener.com/api/rest/v4/fjc-integrated-database/25710232/?format=json","date_created":"2020-08-27T03:00:36.927913-07:00","date_modified":"2022-01-28T12:47:38.788191-08:00","dataset_source":9,"office":"4","docket_number":"1900801

--- docket=66679068 call#4904 ---
URL: https://www.courtlistener.com/api/rest/v4/dockets/66679068/?format=json
Status: 200
Body: {"resource_uri":"https://www.courtlistener.com/api/rest/v4/dockets/66679068/?format=json","id":66679068,"court":"https://www.courtlistener.com/api/rest/v4/courts/flsd/?format=json","court_id":"flsd","original_court_info":null,"idb_data":null,"clusters":["https://www.courtlistener.com/api/rest/v4/clusters/9656454/?format=json"],"audio_files":[],"assigned_to":"https://www.courtlistener.com/api/rest/v4/people/881/?format=json","referred_to":null,"bankruptcy_information":null,"absolute_url":"/docket

--- docket=16502666 call#4905 ---
URL: https://www.courtlistener.com/api/rest/v4/dockets/16502666/?format=json
Status: 200
Body: {"resource_uri":"https://www.courtlistener.com/api/rest/v4/dockets/16502666/?format=json","id":16502666,"court":"https://www.courtlistener.com/api/rest/v4/courts/nysd/?format=json","court_id":"nysd","original_court_info":null,"idb_data":{"resource_uri":"https://www.courtlistener.com/api/rest/v4/fjc-integrated-database/25835460/?format=json","date_created":"2020-08-27T04:19:54.234691-07:00","date_modified":"2022-01-28T11:36:16.389197-08:00","dataset_source":9,"office":"1","docket_number":"1910825

--- docket=68862631 call#4906 ---
URL: https://www.courtlistener.com/api/rest/v4/dockets/68862631/?format=json
Status: 200
Body: {"resource_uri":"https://www.courtlistener.com/api/rest/v4/dockets/68862631/?format=json","id":68862631,"court":"https://www.courtlistener.com/api/rest/v4/courts/mdd/?format=json","court_id":"mdd","original_court_info":null,"idb_data":null,"clusters":["https://www.courtlistener.com/api/rest/v4/clusters/10663796/?format=json"],"audio_files":[],"assigned_to":null,"referred_to":null,"bankruptcy_information":null,"absolute_url":"/docket/68862631/beaumont-v-paucek/","date_created":"2024-06-17T14:21:5

--- docket=6276307 call#4907 ---
URL: https://www.courtlistener.com/api/rest/v4/dockets/6276307/?format=json
Status: 200
Body: {"resource_uri":"https://www.courtlistener.com/api/rest/v4/dockets/6276307/?format=json","id":6276307,"court":"https://www.courtlistener.com/api/rest/v4/courts/nvd/?format=json","court_id":"nvd","original_court_info":null,"idb_data":{"resource_uri":"https://www.courtlistener.com/api/rest/v4/fjc-integrated-database/25021496/?format=json","date_created":"2018-11-21T10:42:26.038176-08:00","date_modified":"2022-01-28T07:45:20.240990-08:00","dataset_source":9,"office":"2","docket_number":"1800090","o

--- docket=61621410 call#4908 ---
URL: https://www.courtlistener.com/api/rest/v4/dockets/61621410/?format=json
Status: 200
Body: {"resource_uri":"https://www.courtlistener.com/api/rest/v4/dockets/61621410/?format=json","id":61621410,"court":"https://www.courtlistener.com/api/rest/v4/courts/mnd/?format=json","court_id":"mnd","original_court_info":null,"idb_data":null,"clusters":["https://www.courtlistener.com/api/rest/v4/clusters/9763135/?format=json","https://www.courtlistener.com/api/rest/v4/clusters/9764129/?format=json"],"audio_files":[],"assigned_to":"https://www.courtlistener.com/api/rest/v4/people/2861/?format=json"

--- docket=17043570 call#4909 ---
URL: https://www.courtlistener.com/api/rest/v4/dockets/17043570/?format=json
Status: 200
Body: {"resource_uri":"https://www.courtlistener.com/api/rest/v4/dockets/17043570/?format=json","id":17043570,"court":"https://www.courtlistener.com/api/rest/v4/courts/nysd/?format=json","court_id":"nysd","original_court_info":null,"idb_data":{"resource_uri":"https://www.courtlistener.com/api/rest/v4/fjc-integrated-database/25831967/?format=json","date_created":"2020-08-27T04:18:33.490419-07:00","date_modified":"2022-01-28T11:36:49.559993-08:00","dataset_source":9,"office":"1","docket_number":"2002810

--- docket=59824454 call#4910 ---
URL: https://www.courtlistener.com/api/rest/v4/dockets/59824454/?format=json
Status: 200
Body: {"resource_uri":"https://www.courtlistener.com/api/rest/v4/dockets/59824454/?format=json","id":59824454,"court":"https://www.courtlistener.com/api/rest/v4/courts/nysd/?format=json","court_id":"nysd","original_court_info":null,"idb_data":null,"clusters":["https://www.courtlistener.com/api/rest/v4/clusters/9867435/?format=json"],"audio_files":[],"assigned_to":"https://www.courtlistener.com/api/rest/v4/people/1152/?format=json","referred_to":null,"bankruptcy_information":null,"absolute_url":"/docke

--- docket=66579527 call#4911 ---
URL: https://www.courtlistener.com/api/rest/v4/dockets/66579527/?format=json
Status: 200
Body: {"resource_uri":"https://www.courtlistener.com/api/rest/v4/dockets/66579527/?format=json","id":66579527,"court":"https://www.courtlistener.com/api/rest/v4/courts/mdd/?format=json","court_id":"mdd","original_court_info":null,"idb_data":null,"clusters":["https://www.courtlistener.com/api/rest/v4/clusters/9741136/?format=json"],"audio_files":[],"assigned_to":"https://www.courtlistener.com/api/rest/v4/people/8655/?format=json","referred_to":null,"bankruptcy_information":null,"absolute_url":"/docket/

--- docket=17519404 call#4912 ---
URL: https://www.courtlistener.com/api/rest/v4/dockets/17519404/?format=json
Status: 200
Body: {"resource_uri":"https://www.courtlistener.com/api/rest/v4/dockets/17519404/?format=json","id":17519404,"court":"https://www.courtlistener.com/api/rest/v4/courts/nysd/?format=json","court_id":"nysd","original_court_info":null,"idb_data":null,"clusters":["https://www.courtlistener.com/api/rest/v4/clusters/9870553/?format=json"],"audio_files":[],"assigned_to":"https://www.courtlistener.com/api/rest/v4/people/2867/?format=json","referred_to":"https://www.courtlistener.com/api/rest/v4/people/9439/?f

--- docket=31472033 call#4913 ---
URL: https://www.courtlistener.com/api/rest/v4/dockets/31472033/?format=json
Status: 200
Body: {"resource_uri":"https://www.courtlistener.com/api/rest/v4/dockets/31472033/?format=json","id":31472033,"court":"https://www.courtlistener.com/api/rest/v4/courts/cand/?format=json","court_id":"cand","original_court_info":null,"idb_data":null,"clusters":["https://www.courtlistener.com/api/rest/v4/clusters/9600066/?format=json","https://www.courtlistener.com/api/rest/v4/clusters/9602186/?format=json"],"audio_files":[],"assigned_to":"https://www.courtlistener.com/api/rest/v4/people/596/?format=json

--- docket=67283080 call#4914 ---
URL: https://www.courtlistener.com/api/rest/v4/dockets/67283080/?format=json
Status: 200
Body: {"resource_uri":"https://www.courtlistener.com/api/rest/v4/dockets/67283080/?format=json","id":67283080,"court":"https://www.courtlistener.com/api/rest/v4/courts/ohsd/?format=json","court_id":"ohsd","original_court_info":null,"idb_data":null,"clusters":["https://www.courtlistener.com/api/rest/v4/clusters/10361671/?format=json"],"audio_files":[],"assigned_to":"https://www.courtlistener.com/api/rest/v4/people/2841/?format=json","referred_to":"https://www.courtlistener.com/api/rest/v4/people/9471/?

--- docket=17220852 call#4915 ---
URL: https://www.courtlistener.com/api/rest/v4/dockets/17220852/?format=json
Status: 200
Body: {"resource_uri":"https://www.courtlistener.com/api/rest/v4/dockets/17220852/?format=json","id":17220852,"court":"https://www.courtlistener.com/api/rest/v4/courts/tnmd/?format=json","court_id":"tnmd","original_court_info":null,"idb_data":{"resource_uri":"https://www.courtlistener.com/api/rest/v4/fjc-integrated-database/25661870/?format=json","date_created":"2020-08-27T02:39:18.097276-07:00","date_modified":"2022-01-28T10:34:58.448319-08:00","dataset_source":9,"office":"3","docket_number":"2000457

--- docket=59808187 call#4916 ---
URL: https://www.courtlistener.com/api/rest/v4/dockets/59808187/?format=json
Status: 200
Body: {"resource_uri":"https://www.courtlistener.com/api/rest/v4/dockets/59808187/?format=json","id":59808187,"court":"https://www.courtlistener.com/api/rest/v4/courts/ncwd/?format=json","court_id":"ncwd","original_court_info":null,"idb_data":null,"clusters":["https://www.courtlistener.com/api/rest/v4/clusters/9790838/?format=json","https://www.courtlistener.com/api/rest/v4/clusters/9792029/?format=json","https://www.courtlistener.com/api/rest/v4/clusters/9791104/?format=json"],"audio_files":[],"assig

--- docket=18630156 call#4917 ---
URL: https://www.courtlistener.com/api/rest/v4/dockets/18630156/?format=json
Status: 200
Body: {"resource_uri":"https://www.courtlistener.com/api/rest/v4/dockets/18630156/?format=json","id":18630156,"court":"https://www.courtlistener.com/api/rest/v4/courts/nysd/?format=json","court_id":"nysd","original_court_info":null,"idb_data":null,"clusters":["https://www.courtlistener.com/api/rest/v4/clusters/9883091/?format=json","https://www.courtlistener.com/api/rest/v4/clusters/9871985/?format=json"],"audio_files":[],"assigned_to":"https://www.courtlistener.com/api/rest/v4/people/794/?format=json

--- docket=62603261 call#4918 ---
URL: https://www.courtlistener.com/api/rest/v4/dockets/62603261/?format=json
Status: 200
Body: {"resource_uri":"https://www.courtlistener.com/api/rest/v4/dockets/62603261/?format=json","id":62603261,"court":"https://www.courtlistener.com/api/rest/v4/courts/nysd/?format=json","court_id":"nysd","original_court_info":null,"idb_data":null,"clusters":["https://www.courtlistener.com/api/rest/v4/clusters/9874009/?format=json"],"audio_files":[],"assigned_to":"https://www.courtlistener.com/api/rest/v4/people/401/?format=json","referred_to":null,"bankruptcy_information":null,"absolute_url":"/docket

--- docket=61610148 call#4919 ---
URL: https://www.courtlistener.com/api/rest/v4/dockets/61610148/?format=json
Status: 200
Body: {"resource_uri":"https://www.courtlistener.com/api/rest/v4/dockets/61610148/?format=json","id":61610148,"court":"https://www.courtlistener.com/api/rest/v4/courts/nysd/?format=json","court_id":"nysd","original_court_info":null,"idb_data":null,"clusters":["https://www.courtlistener.com/api/rest/v4/clusters/9875673/?format=json"],"audio_files":[],"assigned_to":"https://www.courtlistener.com/api/rest/v4/people/14466/?format=json","referred_to":null,"bankruptcy_information":null,"absolute_url":"/dock

--- docket=18418510 call#4920 ---
URL: https://www.courtlistener.com/api/rest/v4/dockets/18418510/?format=json
Status: 200
Body: {"resource_uri":"https://www.courtlistener.com/api/rest/v4/dockets/18418510/?format=json","id":18418510,"court":"https://www.courtlistener.com/api/rest/v4/courts/cacd/?format=json","court_id":"cacd","original_court_info":null,"idb_data":null,"clusters":["https://www.courtlistener.com/api/rest/v4/clusters/9512315/?format=json","https://www.courtlistener.com/api/rest/v4/clusters/9574365/?format=json"],"audio_files":[],"assigned_to":"https://www.courtlistener.com/api/rest/v4/people/3566/?format=jso

--- docket=60120124 call#4921 ---
URL: https://www.courtlistener.com/api/rest/v4/dockets/60120124/?format=json
Status: 200
Body: {"resource_uri":"https://www.courtlistener.com/api/rest/v4/dockets/60120124/?format=json","id":60120124,"court":"https://www.courtlistener.com/api/rest/v4/courts/cand/?format=json","court_id":"cand","original_court_info":null,"idb_data":null,"clusters":["https://www.courtlistener.com/api/rest/v4/clusters/9602754/?format=json","https://www.courtlistener.com/api/rest/v4/clusters/10363939/?format=json"],"audio_files":[],"assigned_to":"https://www.courtlistener.com/api/rest/v4/people/892/?format=jso

--- docket=15720688 call#4922 ---
URL: https://www.courtlistener.com/api/rest/v4/dockets/15720688/?format=json
Status: 200
Body: {"resource_uri":"https://www.courtlistener.com/api/rest/v4/dockets/15720688/?format=json","id":15720688,"court":"https://www.courtlistener.com/api/rest/v4/courts/nysd/?format=json","court_id":"nysd","original_court_info":null,"idb_data":{"resource_uri":"https://www.courtlistener.com/api/rest/v4/fjc-integrated-database/25839891/?format=json","date_created":"2020-08-27T04:21:33.437629-07:00","date_modified":"2022-01-28T11:35:46.551284-08:00","dataset_source":9,"office":"1","docket_number":"1905207

--- docket=67884753 call#4923 ---
URL: https://www.courtlistener.com/api/rest/v4/dockets/67884753/?format=json
Status: 200
Body: {"resource_uri":"https://www.courtlistener.com/api/rest/v4/dockets/67884753/?format=json","id":67884753,"court":"https://www.courtlistener.com/api/rest/v4/courts/txed/?format=json","court_id":"txed","original_court_info":null,"idb_data":null,"clusters":["https://www.courtlistener.com/api/rest/v4/clusters/9980820/?format=json"],"audio_files":[],"assigned_to":"https://www.courtlistener.com/api/rest/v4/people/14410/?format=json","referred_to":null,"bankruptcy_information":null,"absolute_url":"/dock

--- docket=7762252 call#4924 ---
URL: https://www.courtlistener.com/api/rest/v4/dockets/7762252/?format=json
Status: 200
Body: {"resource_uri":"https://www.courtlistener.com/api/rest/v4/dockets/7762252/?format=json","id":7762252,"court":"https://www.courtlistener.com/api/rest/v4/courts/cod/?format=json","court_id":"cod","original_court_info":null,"idb_data":{"resource_uri":"https://www.courtlistener.com/api/rest/v4/fjc-integrated-database/25042284/?format=json","date_created":"2018-11-21T10:44:27.201446-08:00","date_modified":"2022-01-28T14:02:59.740265-08:00","dataset_source":9,"office":"1","docket_number":"1802104","o

--- docket=67923918 call#4925 ---
URL: https://www.courtlistener.com/api/rest/v4/dockets/67923918/?format=json
Status: 200
Body: {"resource_uri":"https://www.courtlistener.com/api/rest/v4/dockets/67923918/?format=json","id":67923918,"court":"https://www.courtlistener.com/api/rest/v4/courts/txnd/?format=json","court_id":"txnd","original_court_info":null,"idb_data":null,"clusters":["https://www.courtlistener.com/api/rest/v4/clusters/10205483/?format=json"],"audio_files":[],"assigned_to":"https://www.courtlistener.com/api/rest/v4/people/1220/?format=json","referred_to":null,"bankruptcy_information":null,"absolute_url":"/dock

--- docket=26877918 call#4926 ---
URL: https://www.courtlistener.com/api/rest/v4/dockets/26877918/?format=json
Status: 200
Body: {"resource_uri":"https://www.courtlistener.com/api/rest/v4/dockets/26877918/?format=json","id":26877918,"court":"https://www.courtlistener.com/api/rest/v4/courts/nyed/?format=json","court_id":"nyed","original_court_info":null,"idb_data":null,"clusters":["https://www.courtlistener.com/api/rest/v4/clusters/9842402/?format=json"],"audio_files":[],"assigned_to":"https://www.courtlistener.com/api/rest/v4/people/2915/?format=json","referred_to":"https://www.courtlistener.com/api/rest/v4/people/9428/?f

--- docket=67999773 call#4927 ---
URL: https://www.courtlistener.com/api/rest/v4/dockets/67999773/?format=json
Status: 200
Body: {"resource_uri":"https://www.courtlistener.com/api/rest/v4/dockets/67999773/?format=json","id":67999773,"court":"https://www.courtlistener.com/api/rest/v4/courts/nysd/?format=json","court_id":"nysd","original_court_info":null,"idb_data":null,"clusters":["https://www.courtlistener.com/api/rest/v4/clusters/10320512/?format=json"],"audio_files":[],"assigned_to":"https://www.courtlistener.com/api/rest/v4/people/14461/?format=json","referred_to":null,"bankruptcy_information":null,"absolute_url":"/doc

--- docket=18203253 call#4928 ---
URL: https://www.courtlistener.com/api/rest/v4/dockets/18203253/?format=json
Status: 200
Body: {"resource_uri":"https://www.courtlistener.com/api/rest/v4/dockets/18203253/?format=json","id":18203253,"court":"https://www.courtlistener.com/api/rest/v4/courts/nysd/?format=json","court_id":"nysd","original_court_info":null,"idb_data":null,"clusters":["https://www.courtlistener.com/api/rest/v4/clusters/9867336/?format=json"],"audio_files":[],"assigned_to":"https://www.courtlistener.com/api/rest/v4/people/1807/?format=json","referred_to":"https://www.courtlistener.com/api/rest/v4/people/9448/?f

--- docket=6717071 call#4929 ---
URL: https://www.courtlistener.com/api/rest/v4/dockets/6717071/?format=json
Status: 200
Body: {"resource_uri":"https://www.courtlistener.com/api/rest/v4/dockets/6717071/?format=json","id":6717071,"court":"https://www.courtlistener.com/api/rest/v4/courts/utd/?format=json","court_id":"utd","original_court_info":null,"idb_data":{"resource_uri":"https://www.courtlistener.com/api/rest/v4/fjc-integrated-database/25056797/?format=json","date_created":"2018-11-21T10:45:51.923589-08:00","date_modified":"2022-01-28T14:08:03.912066-08:00","dataset_source":9,"office":"2","docket_number":"1800054","o

--- docket=7897695 call#4930 ---
URL: https://www.courtlistener.com/api/rest/v4/dockets/7897695/?format=json
Status: 200
Body: {"resource_uri":"https://www.courtlistener.com/api/rest/v4/dockets/7897695/?format=json","id":7897695,"court":"https://www.courtlistener.com/api/rest/v4/courts/azd/?format=json","court_id":"azd","original_court_info":null,"idb_data":{"resource_uri":"https://www.courtlistener.com/api/rest/v4/fjc-integrated-database/24953647/?format=json","date_created":"2018-11-21T10:36:07.540466-08:00","date_modified":"2022-01-28T13:35:38.181808-08:00","dataset_source":9,"office":"2","docket_number":"1802914","o

--- docket=16086947 call#4931 ---
URL: https://www.courtlistener.com/api/rest/v4/dockets/16086947/?format=json
Status: 200
Body: {"resource_uri":"https://www.courtlistener.com/api/rest/v4/dockets/16086947/?format=json","id":16086947,"court":"https://www.courtlistener.com/api/rest/v4/courts/nysd/?format=json","court_id":"nysd","original_court_info":null,"idb_data":{"resource_uri":"https://www.courtlistener.com/api/rest/v4/fjc-integrated-database/25838079/?format=json","date_created":"2020-08-27T04:20:45.933870-07:00","date_modified":"2022-01-28T11:35:58.534243-08:00","dataset_source":9,"office":"1","docket_number":"1907802

--- docket=18701982 call#4932 ---
URL: https://www.courtlistener.com/api/rest/v4/dockets/18701982/?format=json
Status: 200
Body: {"resource_uri":"https://www.courtlistener.com/api/rest/v4/dockets/18701982/?format=json","id":18701982,"court":"https://www.courtlistener.com/api/rest/v4/courts/nysd/?format=json","court_id":"nysd","original_court_info":null,"idb_data":null,"clusters":["https://www.courtlistener.com/api/rest/v4/clusters/9861314/?format=json","https://www.courtlistener.com/api/rest/v4/clusters/9875669/?format=json","https://www.courtlistener.com/api/rest/v4/clusters/9877778/?format=json"],"audio_files":[],"assig

--- docket=15842787 call#4933 ---
URL: https://www.courtlistener.com/api/rest/v4/dockets/15842787/?format=json
Status: 200
Body: {"resource_uri":"https://www.courtlistener.com/api/rest/v4/dockets/15842787/?format=json","id":15842787,"court":"https://www.courtlistener.com/api/rest/v4/courts/nysd/?format=json","court_id":"nysd","original_court_info":null,"idb_data":{"resource_uri":"https://www.courtlistener.com/api/rest/v4/fjc-integrated-database/25839380/?format=json","date_created":"2020-08-27T04:21:21.832880-07:00","date_modified":"2022-01-28T11:35:50.020109-08:00","dataset_source":9,"office":"1","docket_number":"1906002

--- docket=67145575 call#4934 ---
URL: https://www.courtlistener.com/api/rest/v4/dockets/67145575/?format=json
Status: 200
Body: {"resource_uri":"https://www.courtlistener.com/api/rest/v4/dockets/67145575/?format=json","id":67145575,"court":"https://www.courtlistener.com/api/rest/v4/courts/nysd/?format=json","court_id":"nysd","original_court_info":null,"idb_data":null,"clusters":["https://www.courtlistener.com/api/rest/v4/clusters/9893731/?format=json"],"audio_files":[],"assigned_to":"https://www.courtlistener.com/api/rest/v4/people/1702/?format=json","referred_to":null,"bankruptcy_information":null,"absolute_url":"/docke

--- docket=60065655 call#4935 ---
URL: https://www.courtlistener.com/api/rest/v4/dockets/60065655/?format=json
Status: 200
Body: {"resource_uri":"https://www.courtlistener.com/api/rest/v4/dockets/60065655/?format=json","id":60065655,"court":"https://www.courtlistener.com/api/rest/v4/courts/njd/?format=json","court_id":"njd","original_court_info":null,"idb_data":null,"clusters":["https://www.courtlistener.com/api/rest/v4/clusters/9812269/?format=json"],"audio_files":[],"assigned_to":"https://www.courtlistener.com/api/rest/v4/people/8598/?format=json","referred_to":null,"bankruptcy_information":null,"absolute_url":"/docket/

--- docket=69314082 call#4936 ---
URL: https://www.courtlistener.com/api/rest/v4/dockets/69314082/?format=json
Status: 200
Body: {"resource_uri":"https://www.courtlistener.com/api/rest/v4/dockets/69314082/?format=json","id":69314082,"court":"https://www.courtlistener.com/api/rest/v4/courts/nysd/?format=json","court_id":"nysd","original_court_info":null,"idb_data":null,"clusters":["https://www.courtlistener.com/api/rest/v4/clusters/10372775/?format=json"],"audio_files":[],"assigned_to":"https://www.courtlistener.com/api/rest/v4/people/1421/?format=json","referred_to":null,"bankruptcy_information":null,"absolute_url":"/dock

--- docket=63237038 call#4937 ---
URL: https://www.courtlistener.com/api/rest/v4/dockets/63237038/?format=json
Status: 200
Body: {"resource_uri":"https://www.courtlistener.com/api/rest/v4/dockets/63237038/?format=json","id":63237038,"court":"https://www.courtlistener.com/api/rest/v4/courts/nysd/?format=json","court_id":"nysd","original_court_info":null,"idb_data":null,"clusters":["https://www.courtlistener.com/api/rest/v4/clusters/9886768/?format=json"],"audio_files":[],"assigned_to":"https://www.courtlistener.com/api/rest/v4/people/45/?format=json","referred_to":"https://www.courtlistener.com/api/rest/v4/people/3095/?for

--- docket=63159045 call#4938 ---
URL: https://www.courtlistener.com/api/rest/v4/dockets/63159045/?format=json
Status: 200
Body: {"resource_uri":"https://www.courtlistener.com/api/rest/v4/dockets/63159045/?format=json","id":63159045,"court":"https://www.courtlistener.com/api/rest/v4/courts/utd/?format=json","court_id":"utd","original_court_info":null,"idb_data":null,"clusters":["https://www.courtlistener.com/api/rest/v4/clusters/10638082/?format=json","https://www.courtlistener.com/api/rest/v4/clusters/10220067/?format=json","https://www.courtlistener.com/api/rest/v4/clusters/10220065/?format=json"],"audio_files":[],"assi

--- docket=63102369 call#4939 ---
URL: https://www.courtlistener.com/api/rest/v4/dockets/63102369/?format=json
Status: 200
Body: {"resource_uri":"https://www.courtlistener.com/api/rest/v4/dockets/63102369/?format=json","id":63102369,"court":"https://www.courtlistener.com/api/rest/v4/courts/txnd/?format=json","court_id":"txnd","original_court_info":null,"idb_data":null,"clusters":["https://www.courtlistener.com/api/rest/v4/clusters/10204544/?format=json","https://www.courtlistener.com/api/rest/v4/clusters/10205924/?format=json"],"audio_files":[],"assigned_to":"https://www.courtlistener.com/api/rest/v4/people/352/?format=js

--- docket=67092375 call#4940 ---
URL: https://www.courtlistener.com/api/rest/v4/dockets/67092375/?format=json
Status: 200
Body: {"resource_uri":"https://www.courtlistener.com/api/rest/v4/dockets/67092375/?format=json","id":67092375,"court":"https://www.courtlistener.com/api/rest/v4/courts/cod/?format=json","court_id":"cod","original_court_info":null,"idb_data":null,"clusters":["https://www.courtlistener.com/api/rest/v4/clusters/10361488/?format=json"],"audio_files":[],"assigned_to":"https://www.courtlistener.com/api/rest/v4/people/9117/?format=json","referred_to":null,"bankruptcy_information":null,"absolute_url":"/docket

--- docket=68252658 call#4941 ---
URL: https://www.courtlistener.com/api/rest/v4/dockets/68252658/?format=json
Status: 200
Body: {"resource_uri":"https://www.courtlistener.com/api/rest/v4/dockets/68252658/?format=json","id":68252658,"court":"https://www.courtlistener.com/api/rest/v4/courts/cand/?format=json","court_id":"cand","original_court_info":null,"idb_data":null,"clusters":["https://www.courtlistener.com/api/rest/v4/clusters/10173068/?format=json","https://www.courtlistener.com/api/rest/v4/clusters/10313107/?format=json"],"audio_files":[],"assigned_to":"https://www.courtlistener.com/api/rest/v4/people/604/?format=js

--- docket=63205805 call#4942 ---
URL: https://www.courtlistener.com/api/rest/v4/dockets/63205805/?format=json
Status: 200
Body: {"resource_uri":"https://www.courtlistener.com/api/rest/v4/dockets/63205805/?format=json","id":63205805,"court":"https://www.courtlistener.com/api/rest/v4/courts/njd/?format=json","court_id":"njd","original_court_info":null,"idb_data":null,"clusters":["https://www.courtlistener.com/api/rest/v4/clusters/9807655/?format=json"],"audio_files":[],"assigned_to":"https://www.courtlistener.com/api/rest/v4/people/2955/?format=json","referred_to":null,"bankruptcy_information":null,"absolute_url":"/docket/

--- docket=63266305 call#4943 ---
URL: https://www.courtlistener.com/api/rest/v4/dockets/63266305/?format=json
Status: 200
Body: {"resource_uri":"https://www.courtlistener.com/api/rest/v4/dockets/63266305/?format=json","id":63266305,"court":"https://www.courtlistener.com/api/rest/v4/courts/nysd/?format=json","court_id":"nysd","original_court_info":null,"idb_data":null,"clusters":["https://www.courtlistener.com/api/rest/v4/clusters/9887796/?format=json"],"audio_files":[],"assigned_to":"https://www.courtlistener.com/api/rest/v4/people/2463/?format=json","referred_to":null,"bankruptcy_information":null,"absolute_url":"/docke

--- docket=29094476 call#4944 ---
URL: https://www.courtlistener.com/api/rest/v4/dockets/29094476/?format=json
Status: 200
Body: {"resource_uri":"https://www.courtlistener.com/api/rest/v4/dockets/29094476/?format=json","id":29094476,"court":"https://www.courtlistener.com/api/rest/v4/courts/nysd/?format=json","court_id":"nysd","original_court_info":null,"idb_data":null,"clusters":["https://www.courtlistener.com/api/rest/v4/clusters/9866105/?format=json"],"audio_files":[],"assigned_to":null,"referred_to":null,"bankruptcy_information":null,"absolute_url":"/docket/29094476/rubenstein-v-simplicity-esports-gaming-co/","date_cre

--- docket=63208097 call#4945 ---
URL: https://www.courtlistener.com/api/rest/v4/dockets/63208097/?format=json
Status: 200
Body: {"resource_uri":"https://www.courtlistener.com/api/rest/v4/dockets/63208097/?format=json","id":63208097,"court":"https://www.courtlistener.com/api/rest/v4/courts/cand/?format=json","court_id":"cand","original_court_info":null,"idb_data":null,"clusters":["https://www.courtlistener.com/api/rest/v4/clusters/9609953/?format=json","https://www.courtlistener.com/api/rest/v4/clusters/9611274/?format=json","https://www.courtlistener.com/api/rest/v4/clusters/9611950/?format=json"],"audio_files":[],"assig

--- docket=63279221 call#4946 ---
URL: https://www.courtlistener.com/api/rest/v4/dockets/63279221/?format=json
Status: 200
Body: {"resource_uri":"https://www.courtlistener.com/api/rest/v4/dockets/63279221/?format=json","id":63279221,"court":"https://www.courtlistener.com/api/rest/v4/courts/flmd/?format=json","court_id":"flmd","original_court_info":null,"idb_data":null,"clusters":["https://www.courtlistener.com/api/rest/v4/clusters/9645898/?format=json"],"audio_files":[],"assigned_to":"https://www.courtlistener.com/api/rest/v4/people/14469/?format=json","referred_to":"https://www.courtlistener.com/api/rest/v4/people/9145/?

--- docket=63242938 call#4947 ---
URL: https://www.courtlistener.com/api/rest/v4/dockets/63242938/?format=json
Status: 200
Body: {"resource_uri":"https://www.courtlistener.com/api/rest/v4/dockets/63242938/?format=json","id":63242938,"court":"https://www.courtlistener.com/api/rest/v4/courts/nced/?format=json","court_id":"nced","original_court_info":null,"idb_data":null,"clusters":["https://www.courtlistener.com/api/rest/v4/clusters/9785474/?format=json"],"audio_files":[],"assigned_to":"https://www.courtlistener.com/api/rest/v4/people/861/?format=json","referred_to":null,"bankruptcy_information":null,"absolute_url":"/docket

--- docket=61565435 call#4948 ---
URL: https://www.courtlistener.com/api/rest/v4/dockets/61565435/?format=json
Status: 200
Body: {"resource_uri":"https://www.courtlistener.com/api/rest/v4/dockets/61565435/?format=json","id":61565435,"court":"https://www.courtlistener.com/api/rest/v4/courts/nysd/?format=json","court_id":"nysd","original_court_info":null,"idb_data":null,"clusters":["https://www.courtlistener.com/api/rest/v4/clusters/9883303/?format=json"],"audio_files":[],"assigned_to":"https://www.courtlistener.com/api/rest/v4/people/2463/?format=json","referred_to":null,"bankruptcy_information":null,"absolute_url":"/docke

--- docket=7027263 call#4949 ---
URL: https://www.courtlistener.com/api/rest/v4/dockets/7027263/?format=json
Status: 200
Body: {"resource_uri":"https://www.courtlistener.com/api/rest/v4/dockets/7027263/?format=json","id":7027263,"court":"https://www.courtlistener.com/api/rest/v4/courts/nysd/?format=json","court_id":"nysd","original_court_info":null,"idb_data":{"resource_uri":"https://www.courtlistener.com/api/rest/v4/fjc-integrated-database/24533713/?format=json","date_created":"2018-11-21T09:53:04.694101-08:00","date_modified":"2022-01-28T09:55:15.337746-08:00","dataset_source":9,"office":"1","docket_number":"1804930",

--- docket=4571591 call#4950 ---
URL: https://www.courtlistener.com/api/rest/v4/dockets/4571591/?format=json
Status: 200
Body: {"resource_uri":"https://www.courtlistener.com/api/rest/v4/dockets/4571591/?format=json","id":4571591,"court":"https://www.courtlistener.com/api/rest/v4/courts/nysd/?format=json","court_id":"nysd","original_court_info":null,"idb_data":{"resource_uri":"https://www.courtlistener.com/api/rest/v4/fjc-integrated-database/24539182/?format=json","date_created":"2018-11-21T09:53:32.381966-08:00","date_modified":"2022-01-28T08:14:58.234541-08:00","dataset_source":9,"office":"7","docket_number":"1700383",

--- docket=63247845 call#4951 ---
URL: https://www.courtlistener.com/api/rest/v4/dockets/63247845/?format=json
Status: 200
Body: {"resource_uri":"https://www.courtlistener.com/api/rest/v4/dockets/63247845/?format=json","id":63247845,"court":"https://www.courtlistener.com/api/rest/v4/courts/nysd/?format=json","court_id":"nysd","original_court_info":null,"idb_data":null,"clusters":["https://www.courtlistener.com/api/rest/v4/clusters/9874338/?format=json"],"audio_files":[],"assigned_to":"https://www.courtlistener.com/api/rest/v4/people/3144/?format=json","referred_to":null,"bankruptcy_information":null,"absolute_url":"/docke

--- docket=59992962 call#4952 ---
URL: https://www.courtlistener.com/api/rest/v4/dockets/59992962/?format=json
Status: 200
Body: {"resource_uri":"https://www.courtlistener.com/api/rest/v4/dockets/59992962/?format=json","id":59992962,"court":"https://www.courtlistener.com/api/rest/v4/courts/txnd/?format=json","court_id":"txnd","original_court_info":null,"idb_data":null,"clusters":["https://www.courtlistener.com/api/rest/v4/clusters/9983625/?format=json"],"audio_files":[],"assigned_to":"https://www.courtlistener.com/api/rest/v4/people/14412/?format=json","referred_to":null,"bankruptcy_information":null,"absolute_url":"/dock

--- docket=59731633 call#4953 ---
URL: https://www.courtlistener.com/api/rest/v4/dockets/59731633/?format=json
Status: 200
Body: {"resource_uri":"https://www.courtlistener.com/api/rest/v4/dockets/59731633/?format=json","id":59731633,"court":"https://www.courtlistener.com/api/rest/v4/courts/nysd/?format=json","court_id":"nysd","original_court_info":null,"idb_data":null,"clusters":["https://www.courtlistener.com/api/rest/v4/clusters/9877393/?format=json","https://www.courtlistener.com/api/rest/v4/clusters/9864155/?format=json","https://www.courtlistener.com/api/rest/v4/clusters/9864692/?format=json","https://www.courtlisten

--- docket=65371595 call#4954 ---
URL: https://www.courtlistener.com/api/rest/v4/dockets/65371595/?format=json
Status: 200
Body: {"resource_uri":"https://www.courtlistener.com/api/rest/v4/dockets/65371595/?format=json","id":65371595,"court":"https://www.courtlistener.com/api/rest/v4/courts/txnd/?format=json","court_id":"txnd","original_court_info":null,"idb_data":null,"clusters":["https://www.courtlistener.com/api/rest/v4/clusters/10376433/?format=json","https://www.courtlistener.com/api/rest/v4/clusters/10266796/?format=json","https://www.courtlistener.com/api/rest/v4/clusters/10205510/?format=json"],"audio_files":[],"as

--- docket=63365090 call#4955 ---
URL: https://www.courtlistener.com/api/rest/v4/dockets/63365090/?format=json
Status: 200
Body: {"resource_uri":"https://www.courtlistener.com/api/rest/v4/dockets/63365090/?format=json","id":63365090,"court":"https://www.courtlistener.com/api/rest/v4/courts/caed/?format=json","court_id":"caed","original_court_info":null,"idb_data":null,"clusters":["https://www.courtlistener.com/api/rest/v4/clusters/9579648/?format=json"],"audio_files":[],"assigned_to":"https://www.courtlistener.com/api/rest/v4/people/9084/?format=json","referred_to":"https://www.courtlistener.com/api/rest/v4/people/9082/?f

--- docket=6225366 call#4956 ---
URL: https://www.courtlistener.com/api/rest/v4/dockets/6225366/?format=json
Status: 200
Body: {"resource_uri":"https://www.courtlistener.com/api/rest/v4/dockets/6225366/?format=json","id":6225366,"court":"https://www.courtlistener.com/api/rest/v4/courts/nysd/?format=json","court_id":"nysd","original_court_info":null,"idb_data":{"resource_uri":"https://www.courtlistener.com/api/rest/v4/fjc-integrated-database/24525651/?format=json","date_created":"2018-11-21T09:52:20.455021-08:00","date_modified":"2022-01-28T09:55:01.794281-08:00","dataset_source":9,"office":"1","docket_number":"1706033",

--- docket=67023216 call#4957 ---
URL: https://www.courtlistener.com/api/rest/v4/dockets/67023216/?format=json
Status: 200
Body: {"resource_uri":"https://www.courtlistener.com/api/rest/v4/dockets/67023216/?format=json","id":67023216,"court":"https://www.courtlistener.com/api/rest/v4/courts/ohsd/?format=json","court_id":"ohsd","original_court_info":null,"idb_data":null,"clusters":["https://www.courtlistener.com/api/rest/v4/clusters/9916557/?format=json"],"audio_files":[],"assigned_to":"https://www.courtlistener.com/api/rest/v4/people/3394/?format=json","referred_to":"https://www.courtlistener.com/api/rest/v4/people/9472/?f

--- docket=67923163 call#4958 ---
URL: https://www.courtlistener.com/api/rest/v4/dockets/67923163/?format=json
Status: 200
Body: {"resource_uri":"https://www.courtlistener.com/api/rest/v4/dockets/67923163/?format=json","id":67923163,"court":"https://www.courtlistener.com/api/rest/v4/courts/nysd/?format=json","court_id":"nysd","original_court_info":null,"idb_data":null,"clusters":["https://www.courtlistener.com/api/rest/v4/clusters/10368910/?format=json"],"audio_files":[],"assigned_to":"https://www.courtlistener.com/api/rest/v4/people/1025/?format=json","referred_to":null,"bankruptcy_information":null,"absolute_url":"/dock

--- docket=67820889 call#4959 ---
URL: https://www.courtlistener.com/api/rest/v4/dockets/67820889/?format=json
Status: 200
Body: {"resource_uri":"https://www.courtlistener.com/api/rest/v4/dockets/67820889/?format=json","id":67820889,"court":"https://www.courtlistener.com/api/rest/v4/courts/ctd/?format=json","court_id":"ctd","original_court_info":null,"idb_data":null,"clusters":["https://www.courtlistener.com/api/rest/v4/clusters/10174807/?format=json"],"audio_files":[],"assigned_to":null,"referred_to":null,"bankruptcy_information":null,"absolute_url":"/docket/67820889/securities-and-exchange-commission-v-caridi/","date_cr

--- docket=16464431 call#4960 ---
URL: https://www.courtlistener.com/api/rest/v4/dockets/16464431/?format=json
Status: 200
Body: {"resource_uri":"https://www.courtlistener.com/api/rest/v4/dockets/16464431/?format=json","id":16464431,"court":"https://www.courtlistener.com/api/rest/v4/courts/nysd/?format=json","court_id":"nysd","original_court_info":null,"idb_data":{"resource_uri":"https://www.courtlistener.com/api/rest/v4/fjc-integrated-database/25835716/?format=json","date_created":"2020-08-27T04:19:58.931997-07:00","date_modified":"2022-01-28T09:56:56.889502-08:00","dataset_source":9,"office":"1","docket_number":"1910544

--- docket=18734548 call#4961 ---
URL: https://www.courtlistener.com/api/rest/v4/dockets/18734548/?format=json
Status: 200
Body: {"resource_uri":"https://www.courtlistener.com/api/rest/v4/dockets/18734548/?format=json","id":18734548,"court":"https://www.courtlistener.com/api/rest/v4/courts/nysd/?format=json","court_id":"nysd","original_court_info":null,"idb_data":null,"clusters":["https://www.courtlistener.com/api/rest/v4/clusters/9868996/?format=json"],"audio_files":[],"assigned_to":"https://www.courtlistener.com/api/rest/v4/people/2463/?format=json","referred_to":null,"bankruptcy_information":null,"absolute_url":"/docke

--- docket=65368513 call#4962 ---
URL: https://www.courtlistener.com/api/rest/v4/dockets/65368513/?format=json
Status: 200
Body: {"resource_uri":"https://www.courtlistener.com/api/rest/v4/dockets/65368513/?format=json","id":65368513,"court":"https://www.courtlistener.com/api/rest/v4/courts/cacd/?format=json","court_id":"cacd","original_court_info":null,"idb_data":null,"clusters":["https://www.courtlistener.com/api/rest/v4/clusters/10354743/?format=json","https://www.courtlistener.com/api/rest/v4/clusters/10354750/?format=json"],"audio_files":[],"assigned_to":null,"referred_to":"https://www.courtlistener.com/api/rest/v4/pe

--- docket=60370125 call#4963 ---
URL: https://www.courtlistener.com/api/rest/v4/dockets/60370125/?format=json
Status: 200
Body: {"resource_uri":"https://www.courtlistener.com/api/rest/v4/dockets/60370125/?format=json","id":60370125,"court":"https://www.courtlistener.com/api/rest/v4/courts/txwd/?format=json","court_id":"txwd","original_court_info":null,"idb_data":null,"clusters":["https://www.courtlistener.com/api/rest/v4/clusters/10213952/?format=json"],"audio_files":[],"assigned_to":"https://www.courtlistener.com/api/rest/v4/people/3578/?format=json","referred_to":null,"bankruptcy_information":null,"absolute_url":"/dock

--- docket=7643790 call#4964 ---
URL: https://www.courtlistener.com/api/rest/v4/dockets/7643790/?format=json
Status: 200
Body: {"resource_uri":"https://www.courtlistener.com/api/rest/v4/dockets/7643790/?format=json","id":7643790,"court":"https://www.courtlistener.com/api/rest/v4/courts/cand/?format=json","court_id":"cand","original_court_info":null,"idb_data":{"resource_uri":"https://www.courtlistener.com/api/rest/v4/fjc-integrated-database/24964902/?format=json","date_created":"2018-11-21T10:37:08.478422-08:00","date_modified":"2022-01-28T13:38:10.778275-08:00","dataset_source":9,"office":"3","docket_number":"1804865",

--- docket=16566082 call#4965 ---
URL: https://www.courtlistener.com/api/rest/v4/dockets/16566082/?format=json
Status: 200
Body: {"resource_uri":"https://www.courtlistener.com/api/rest/v4/dockets/16566082/?format=json","id":16566082,"court":"https://www.courtlistener.com/api/rest/v4/courts/mad/?format=json","court_id":"mad","original_court_info":null,"idb_data":{"resource_uri":"https://www.courtlistener.com/api/rest/v4/fjc-integrated-database/25865340/?format=json","date_created":"2020-08-27T04:36:00.507250-07:00","date_modified":"2022-01-28T11:23:56.714768-08:00","dataset_source":9,"office":"1","docket_number":"1912483",

--- docket=63011219 call#4966 ---
URL: https://www.courtlistener.com/api/rest/v4/dockets/63011219/?format=json
Status: 200
Body: {"resource_uri":"https://www.courtlistener.com/api/rest/v4/dockets/63011219/?format=json","id":63011219,"court":"https://www.courtlistener.com/api/rest/v4/courts/cand/?format=json","court_id":"cand","original_court_info":null,"idb_data":null,"clusters":["https://www.courtlistener.com/api/rest/v4/clusters/10172332/?format=json","https://www.courtlistener.com/api/rest/v4/clusters/10334137/?format=json","https://www.courtlistener.com/api/rest/v4/clusters/9606601/?format=json"],"audio_files":[],"ass

--- docket=68834926 call#4967 ---
URL: https://www.courtlistener.com/api/rest/v4/dockets/68834926/?format=json
Status: 200
Body: {"resource_uri":"https://www.courtlistener.com/api/rest/v4/dockets/68834926/?format=json","id":68834926,"court":"https://www.courtlistener.com/api/rest/v4/courts/ohsd/?format=json","court_id":"ohsd","original_court_info":null,"idb_data":null,"clusters":["https://www.courtlistener.com/api/rest/v4/clusters/10349143/?format=json"],"audio_files":[],"assigned_to":"https://www.courtlistener.com/api/rest/v4/people/2034/?format=json","referred_to":"https://www.courtlistener.com/api/rest/v4/people/9479/?

--- docket=16546381 call#4968 ---
URL: https://www.courtlistener.com/api/rest/v4/dockets/16546381/?format=json
Status: 200
Body: {"resource_uri":"https://www.courtlistener.com/api/rest/v4/dockets/16546381/?format=json","id":16546381,"court":"https://www.courtlistener.com/api/rest/v4/courts/cand/?format=json","court_id":"cand","original_court_info":null,"idb_data":{"resource_uri":"https://www.courtlistener.com/api/rest/v4/fjc-integrated-database/25597475/?format=json","date_created":"2020-08-27T02:03:11.381016-07:00","date_modified":"2022-01-28T13:39:15.549257-08:00","dataset_source":9,"office":"3","docket_number":"1907945

--- docket=48871830 call#4969 ---
URL: https://www.courtlistener.com/api/rest/v4/dockets/48871830/?format=json
Status: 200
Body: {"resource_uri":"https://www.courtlistener.com/api/rest/v4/dockets/48871830/?format=json","id":48871830,"court":"https://www.courtlistener.com/api/rest/v4/courts/ilnd/?format=json","court_id":"ilnd","original_court_info":null,"idb_data":null,"clusters":["https://www.courtlistener.com/api/rest/v4/clusters/9679218/?format=json"],"audio_files":[],"assigned_to":"https://www.courtlistener.com/api/rest/v4/people/14467/?format=json","referred_to":null,"bankruptcy_information":null,"absolute_url":"/dock

--- docket=29096512 call#4970 ---
URL: https://www.courtlistener.com/api/rest/v4/dockets/29096512/?format=json
Status: 200
Body: {"resource_uri":"https://www.courtlistener.com/api/rest/v4/dockets/29096512/?format=json","id":29096512,"court":"https://www.courtlistener.com/api/rest/v4/courts/ncmd/?format=json","court_id":"ncmd","original_court_info":null,"idb_data":null,"clusters":["https://www.courtlistener.com/api/rest/v4/clusters/9787389/?format=json","https://www.courtlistener.com/api/rest/v4/clusters/9787539/?format=json","https://www.courtlistener.com/api/rest/v4/clusters/9787254/?format=json","https://www.courtlisten

--- docket=17021364 call#4971 ---
URL: https://www.courtlistener.com/api/rest/v4/dockets/17021364/?format=json
Status: 200
Body: {"resource_uri":"https://www.courtlistener.com/api/rest/v4/dockets/17021364/?format=json","id":17021364,"court":"https://www.courtlistener.com/api/rest/v4/courts/txnd/?format=json","court_id":"txnd","original_court_info":null,"idb_data":{"resource_uri":"https://www.courtlistener.com/api/rest/v4/fjc-integrated-database/25716136/?format=json","date_created":"2020-08-27T03:03:03.729358-07:00","date_modified":"2022-01-28T12:44:48.877601-08:00","dataset_source":9,"office":"3","docket_number":"2000262

--- docket=60387636 call#4972 ---
URL: https://www.courtlistener.com/api/rest/v4/dockets/60387636/?format=json
Status: 200
Body: {"resource_uri":"https://www.courtlistener.com/api/rest/v4/dockets/60387636/?format=json","id":60387636,"court":"https://www.courtlistener.com/api/rest/v4/courts/hid/?format=json","court_id":"hid","original_court_info":null,"idb_data":null,"clusters":["https://www.courtlistener.com/api/rest/v4/clusters/9665262/?format=json"],"audio_files":[],"assigned_to":"https://www.courtlistener.com/api/rest/v4/people/1207/?format=json","referred_to":"https://www.courtlistener.com/api/rest/v4/people/9207/?for

--- docket=14708345 call#4973 ---
URL: https://www.courtlistener.com/api/rest/v4/dockets/14708345/?format=json
Status: 200
Body: {"resource_uri":"https://www.courtlistener.com/api/rest/v4/dockets/14708345/?format=json","id":14708345,"court":"https://www.courtlistener.com/api/rest/v4/courts/nysd/?format=json","court_id":"nysd","original_court_info":null,"idb_data":{"resource_uri":"https://www.courtlistener.com/api/rest/v4/fjc-integrated-database/25841491/?format=json","date_created":"2020-08-27T04:22:04.324954-07:00","date_modified":"2022-01-28T11:35:31.099265-08:00","dataset_source":9,"office":"1","docket_number":"1902304

--- docket=16846145 call#4974 ---
URL: https://www.courtlistener.com/api/rest/v4/dockets/16846145/?format=json
Status: 200
Body: {"resource_uri":"https://www.courtlistener.com/api/rest/v4/dockets/16846145/?format=json","id":16846145,"court":"https://www.courtlistener.com/api/rest/v4/courts/nyed/?format=json","court_id":"nyed","original_court_info":null,"idb_data":{"resource_uri":"https://www.courtlistener.com/api/rest/v4/fjc-integrated-database/25844364/?format=json","date_created":"2020-08-27T04:25:10.175431-07:00","date_modified":"2022-01-28T11:33:25.561831-08:00","dataset_source":9,"office":"2","docket_number":"2000806

--- docket=61802331 call#4975 ---
URL: https://www.courtlistener.com/api/rest/v4/dockets/61802331/?format=json
Status: 200
Body: {"resource_uri":"https://www.courtlistener.com/api/rest/v4/dockets/61802331/?format=json","id":61802331,"court":"https://www.courtlistener.com/api/rest/v4/courts/nysd/?format=json","court_id":"nysd","original_court_info":null,"idb_data":null,"clusters":["https://www.courtlistener.com/api/rest/v4/clusters/9892999/?format=json"],"audio_files":[],"assigned_to":"https://www.courtlistener.com/api/rest/v4/people/2652/?format=json","referred_to":null,"bankruptcy_information":null,"absolute_url":"/docke

--- docket=61802304 call#4976 ---
URL: https://www.courtlistener.com/api/rest/v4/dockets/61802304/?format=json
Status: 200
Body: {"resource_uri":"https://www.courtlistener.com/api/rest/v4/dockets/61802304/?format=json","id":61802304,"court":"https://www.courtlistener.com/api/rest/v4/courts/nysd/?format=json","court_id":"nysd","original_court_info":null,"idb_data":null,"clusters":["https://www.courtlistener.com/api/rest/v4/clusters/9875095/?format=json"],"audio_files":[],"assigned_to":"https://www.courtlistener.com/api/rest/v4/people/1152/?format=json","referred_to":null,"bankruptcy_information":null,"absolute_url":"/docke

--- docket=59773556 call#4977 ---
URL: https://www.courtlistener.com/api/rest/v4/dockets/59773556/?format=json
Status: 200
Body: {"resource_uri":"https://www.courtlistener.com/api/rest/v4/dockets/59773556/?format=json","id":59773556,"court":"https://www.courtlistener.com/api/rest/v4/courts/nysd/?format=json","court_id":"nysd","original_court_info":null,"idb_data":null,"clusters":["https://www.courtlistener.com/api/rest/v4/clusters/9864830/?format=json","https://www.courtlistener.com/api/rest/v4/clusters/9876050/?format=json"],"audio_files":[],"assigned_to":"https://www.courtlistener.com/api/rest/v4/people/2463/?format=jso

--- docket=68302878 call#4978 ---
URL: https://www.courtlistener.com/api/rest/v4/dockets/68302878/?format=json
Status: 200
Body: {"resource_uri":"https://www.courtlistener.com/api/rest/v4/dockets/68302878/?format=json","id":68302878,"court":"https://www.courtlistener.com/api/rest/v4/courts/casd/?format=json","court_id":"casd","original_court_info":null,"idb_data":null,"clusters":["https://www.courtlistener.com/api/rest/v4/clusters/10295124/?format=json"],"audio_files":[],"assigned_to":"https://www.courtlistener.com/api/rest/v4/people/9111/?format=json","referred_to":null,"bankruptcy_information":null,"absolute_url":"/dock

--- docket=16294685 call#4979 ---
URL: https://www.courtlistener.com/api/rest/v4/dockets/16294685/?format=json
Status: 200
Body: {"resource_uri":"https://www.courtlistener.com/api/rest/v4/dockets/16294685/?format=json","id":16294685,"court":"https://www.courtlistener.com/api/rest/v4/courts/cand/?format=json","court_id":"cand","original_court_info":null,"idb_data":{"resource_uri":"https://www.courtlistener.com/api/rest/v4/fjc-integrated-database/25591250/?format=json","date_created":"2020-08-27T02:00:34.713255-07:00","date_modified":"2022-01-28T13:43:11.276715-08:00","dataset_source":9,"office":"5","docket_number":"1906348

--- docket=60200169 call#4980 ---
URL: https://www.courtlistener.com/api/rest/v4/dockets/60200169/?format=json
Status: 200
Body: {"resource_uri":"https://www.courtlistener.com/api/rest/v4/dockets/60200169/?format=json","id":60200169,"court":"https://www.courtlistener.com/api/rest/v4/courts/cand/?format=json","court_id":"cand","original_court_info":null,"idb_data":null,"clusters":["https://www.courtlistener.com/api/rest/v4/clusters/9604786/?format=json"],"audio_files":[],"assigned_to":"https://www.courtlistener.com/api/rest/v4/people/602/?format=json","referred_to":null,"bankruptcy_information":null,"absolute_url":"/docket

--- docket=17106823 call#4981 ---
URL: https://www.courtlistener.com/api/rest/v4/dockets/17106823/?format=json
Status: 200
Body: {"resource_uri":"https://www.courtlistener.com/api/rest/v4/dockets/17106823/?format=json","id":17106823,"court":"https://www.courtlistener.com/api/rest/v4/courts/ded/?format=json","court_id":"ded","original_court_info":null,"idb_data":{"resource_uri":"https://www.courtlistener.com/api/rest/v4/fjc-integrated-database/25821056/?format=json","date_created":"2020-08-27T04:12:32.238762-07:00","date_modified":"2022-01-28T11:44:08.784955-08:00","dataset_source":9,"office":"1","docket_number":"2000576",

--- docket=16020794 call#4982 ---
URL: https://www.courtlistener.com/api/rest/v4/dockets/16020794/?format=json
Status: 200
Body: {"resource_uri":"https://www.courtlistener.com/api/rest/v4/dockets/16020794/?format=json","id":16020794,"court":"https://www.courtlistener.com/api/rest/v4/courts/nysd/?format=json","court_id":"nysd","original_court_info":null,"idb_data":{"resource_uri":"https://www.courtlistener.com/api/rest/v4/fjc-integrated-database/25838461/?format=json","date_created":"2020-08-27T04:20:53.833303-07:00","date_modified":"2022-01-28T11:35:56.072722-08:00","dataset_source":9,"office":"1","docket_number":"1907319

--- docket=16434192 call#4983 ---
URL: https://www.courtlistener.com/api/rest/v4/dockets/16434192/?format=json
Status: 200
Body: {"resource_uri":"https://www.courtlistener.com/api/rest/v4/dockets/16434192/?format=json","id":16434192,"court":"https://www.courtlistener.com/api/rest/v4/courts/ncwd/?format=json","court_id":"ncwd","original_court_info":null,"idb_data":{"resource_uri":"https://www.courtlistener.com/api/rest/v4/fjc-integrated-database/25759512/?format=json","date_created":"2020-08-27T03:41:10.094106-07:00","date_modified":"2022-01-28T12:19:05.674448-08:00","dataset_source":9,"office":"3","docket_number":"1900603

--- docket=18201974 call#4984 ---
URL: https://www.courtlistener.com/api/rest/v4/dockets/18201974/?format=json
Status: 200
Body: {"resource_uri":"https://www.courtlistener.com/api/rest/v4/dockets/18201974/?format=json","id":18201974,"court":"https://www.courtlistener.com/api/rest/v4/courts/nysd/?format=json","court_id":"nysd","original_court_info":null,"idb_data":null,"clusters":["https://www.courtlistener.com/api/rest/v4/clusters/9861791/?format=json"],"audio_files":[],"assigned_to":"https://www.courtlistener.com/api/rest/v4/people/794/?format=json","referred_to":null,"bankruptcy_information":null,"absolute_url":"/docket

--- docket=67851897 call#4985 ---
URL: https://www.courtlistener.com/api/rest/v4/dockets/67851897/?format=json
Status: 200
Body: {"resource_uri":"https://www.courtlistener.com/api/rest/v4/dockets/67851897/?format=json","id":67851897,"court":"https://www.courtlistener.com/api/rest/v4/courts/nysd/?format=json","court_id":"nysd","original_court_info":null,"idb_data":null,"clusters":["https://www.courtlistener.com/api/rest/v4/clusters/9889858/?format=json"],"audio_files":[],"assigned_to":"https://www.courtlistener.com/api/rest/v4/people/2623/?format=json","referred_to":null,"bankruptcy_information":null,"absolute_url":"/docke

--- docket=8447845 call#4986 ---
URL: https://www.courtlistener.com/api/rest/v4/dockets/8447845/?format=json
Status: 200
Body: {"resource_uri":"https://www.courtlistener.com/api/rest/v4/dockets/8447845/?format=json","id":8447845,"court":"https://www.courtlistener.com/api/rest/v4/courts/nyed/?format=json","court_id":"nyed","original_court_info":null,"idb_data":{"resource_uri":"https://www.courtlistener.com/api/rest/v4/fjc-integrated-database/25852897/?format=json","date_created":"2020-08-27T04:28:49.371395-07:00","date_modified":"2022-01-28T11:30:03.551859-08:00","dataset_source":9,"office":"1","docket_number":"1807253",

--- docket=33428737 call#4987 ---
URL: https://www.courtlistener.com/api/rest/v4/dockets/33428737/?format=json
Status: 200
Body: {"resource_uri":"https://www.courtlistener.com/api/rest/v4/dockets/33428737/?format=json","id":33428737,"court":"https://www.courtlistener.com/api/rest/v4/courts/nvd/?format=json","court_id":"nvd","original_court_info":null,"idb_data":null,"clusters":["https://www.courtlistener.com/api/rest/v4/clusters/9825947/?format=json","https://www.courtlistener.com/api/rest/v4/clusters/9827794/?format=json","https://www.courtlistener.com/api/rest/v4/clusters/9829109/?format=json"],"audio_files":[],"assigne

--- docket=7863623 call#4988 ---
URL: https://www.courtlistener.com/api/rest/v4/dockets/7863623/?format=json
Status: 200
Body: {"resource_uri":"https://www.courtlistener.com/api/rest/v4/dockets/7863623/?format=json","id":7863623,"court":"https://www.courtlistener.com/api/rest/v4/courts/ded/?format=json","court_id":"ded","original_court_info":null,"idb_data":{"resource_uri":"https://www.courtlistener.com/api/rest/v4/fjc-integrated-database/24551125/?format=json","date_created":"2018-11-21T09:54:40.278274-08:00","date_modified":"2022-01-28T09:59:34.265497-08:00","dataset_source":9,"office":"1","docket_number":"1801399","o

--- docket=27014184 call#4989 ---
URL: https://www.courtlistener.com/api/rest/v4/dockets/27014184/?format=json
Status: 200
Body: {"resource_uri":"https://www.courtlistener.com/api/rest/v4/dockets/27014184/?format=json","id":27014184,"court":"https://www.courtlistener.com/api/rest/v4/courts/utd/?format=json","court_id":"utd","original_court_info":null,"idb_data":null,"clusters":["https://www.courtlistener.com/api/rest/v4/clusters/10217677/?format=json"],"audio_files":[],"assigned_to":"https://www.courtlistener.com/api/rest/v4/people/8622/?format=json","referred_to":null,"bankruptcy_information":null,"absolute_url":"/docket

--- docket=16496244 call#4990 ---
URL: https://www.courtlistener.com/api/rest/v4/dockets/16496244/?format=json
Status: 200
Body: {"resource_uri":"https://www.courtlistener.com/api/rest/v4/dockets/16496244/?format=json","id":16496244,"court":"https://www.courtlistener.com/api/rest/v4/courts/njd/?format=json","court_id":"njd","original_court_info":null,"idb_data":{"resource_uri":"https://www.courtlistener.com/api/rest/v4/fjc-integrated-database/25803576/?format=json","date_created":"2020-08-27T04:04:24.622440-07:00","date_modified":"2022-01-28T10:03:00.900903-08:00","dataset_source":9,"office":"2","docket_number":"1920545",

--- docket=18369114 call#4991 ---
URL: https://www.courtlistener.com/api/rest/v4/dockets/18369114/?format=json
Status: 200
Body: {"resource_uri":"https://www.courtlistener.com/api/rest/v4/dockets/18369114/?format=json","id":18369114,"court":"https://www.courtlistener.com/api/rest/v4/courts/txnd/?format=json","court_id":"txnd","original_court_info":null,"idb_data":{"resource_uri":"https://www.courtlistener.com/api/rest/v4/fjc-integrated-database/25718829/?format=json","date_created":"2020-08-27T03:04:00.628066-07:00","date_modified":"2022-01-28T10:23:20.185123-08:00","dataset_source":9,"office":"3","docket_number":"1803109

--- docket=7575184 call#4992 ---
URL: https://www.courtlistener.com/api/rest/v4/dockets/7575184/?format=json
Status: 200
Body: {"resource_uri":"https://www.courtlistener.com/api/rest/v4/dockets/7575184/?format=json","id":7575184,"court":"https://www.courtlistener.com/api/rest/v4/courts/txnd/?format=json","court_id":"txnd","original_court_info":null,"idb_data":{"resource_uri":"https://www.courtlistener.com/api/rest/v4/fjc-integrated-database/24788002/?format=json","date_created":"2018-11-21T10:20:05.003047-08:00","date_modified":"2022-01-28T08:48:58.102084-08:00","dataset_source":9,"office":"3","docket_number":"1801980",

--- docket=68339199 call#4993 ---
URL: https://www.courtlistener.com/api/rest/v4/dockets/68339199/?format=json
Status: 200
Body: {"resource_uri":"https://www.courtlistener.com/api/rest/v4/dockets/68339199/?format=json","id":68339199,"court":"https://www.courtlistener.com/api/rest/v4/courts/tnwd/?format=json","court_id":"tnwd","original_court_info":null,"idb_data":null,"clusters":["https://www.courtlistener.com/api/rest/v4/clusters/10378383/?format=json","https://www.courtlistener.com/api/rest/v4/clusters/10275320/?format=json"],"audio_files":[],"assigned_to":"https://www.courtlistener.com/api/rest/v4/people/2103/?format=j

--- docket=7602688 call#4994 ---
URL: https://www.courtlistener.com/api/rest/v4/dockets/7602688/?format=json
Status: 200
Body: {"resource_uri":"https://www.courtlistener.com/api/rest/v4/dockets/7602688/?format=json","id":7602688,"court":"https://www.courtlistener.com/api/rest/v4/courts/casd/?format=json","court_id":"casd","original_court_info":null,"idb_data":{"resource_uri":"https://www.courtlistener.com/api/rest/v4/fjc-integrated-database/25012324/?format=json","date_created":"2018-11-21T10:41:36.094767-08:00","date_modified":"2022-01-28T13:54:21.059649-08:00","dataset_source":9,"office":"3","docket_number":"1801647",

--- docket=18520519 call#4995 ---
URL: https://www.courtlistener.com/api/rest/v4/dockets/18520519/?format=json
Status: 200
Body: {"resource_uri":"https://www.courtlistener.com/api/rest/v4/dockets/18520519/?format=json","id":18520519,"court":"https://www.courtlistener.com/api/rest/v4/courts/nysd/?format=json","court_id":"nysd","original_court_info":null,"idb_data":null,"clusters":["https://www.courtlistener.com/api/rest/v4/clusters/9889411/?format=json","https://www.courtlistener.com/api/rest/v4/clusters/10195185/?format=json","https://www.courtlistener.com/api/rest/v4/clusters/9885305/?format=json","https://www.courtliste

--- docket=17125735 call#4996 ---
URL: https://www.courtlistener.com/api/rest/v4/dockets/17125735/?format=json
Status: 200
Body: {"resource_uri":"https://www.courtlistener.com/api/rest/v4/dockets/17125735/?format=json","id":17125735,"court":"https://www.courtlistener.com/api/rest/v4/courts/ded/?format=json","court_id":"ded","original_court_info":null,"idb_data":{"resource_uri":"https://www.courtlistener.com/api/rest/v4/fjc-integrated-database/25821025/?format=json","date_created":"2020-08-27T04:12:31.645023-07:00","date_modified":"2022-01-28T10:00:03.682153-08:00","dataset_source":9,"office":"1","docket_number":"2000607",

--- docket=60180276 call#4997 ---
URL: https://www.courtlistener.com/api/rest/v4/dockets/60180276/?format=json
Status: 200
Body: {"resource_uri":"https://www.courtlistener.com/api/rest/v4/dockets/60180276/?format=json","id":60180276,"court":"https://www.courtlistener.com/api/rest/v4/courts/nysd/?format=json","court_id":"nysd","original_court_info":null,"idb_data":null,"clusters":["https://www.courtlistener.com/api/rest/v4/clusters/9868715/?format=json","https://www.courtlistener.com/api/rest/v4/clusters/9868792/?format=json"],"audio_files":[],"assigned_to":"https://www.courtlistener.com/api/rest/v4/people/14461/?format=js

--- docket=17232796 call#4998 ---
URL: https://www.courtlistener.com/api/rest/v4/dockets/17232796/?format=json
Status: 200
Body: {"resource_uri":"https://www.courtlistener.com/api/rest/v4/dockets/17232796/?format=json","id":17232796,"court":"https://www.courtlistener.com/api/rest/v4/courts/cand/?format=json","court_id":"cand","original_court_info":null,"idb_data":{"resource_uri":"https://www.courtlistener.com/api/rest/v4/fjc-integrated-database/25592201/?format=json","date_created":"2020-08-27T02:01:06.812923-07:00","date_modified":"2022-01-28T13:42:21.580314-08:00","dataset_source":9,"office":"4","docket_number":"2003775

--- docket=65373363 call#4999 ---
URL: https://www.courtlistener.com/api/rest/v4/dockets/65373363/?format=json
Status: 200
Body: {"resource_uri":"https://www.courtlistener.com/api/rest/v4/dockets/65373363/?format=json","id":65373363,"court":"https://www.courtlistener.com/api/rest/v4/courts/caed/?format=json","court_id":"caed","original_court_info":null,"idb_data":null,"clusters":["https://www.courtlistener.com/api/rest/v4/clusters/9583155/?format=json"],"audio_files":[],"assigned_to":"https://www.courtlistener.com/api/rest/v4/people/1599/?format=json","referred_to":"https://www.courtlistener.com/api/rest/v4/people/9082/?f

--- docket=16376730 call#5000 ---
URL: https://www.courtlistener.com/api/rest/v4/dockets/16376730/?format=json
Status: 200
Body: {"resource_uri":"https://www.courtlistener.com/api/rest/v4/dockets/16376730/?format=json","id":16376730,"court":"https://www.courtlistener.com/api/rest/v4/courts/cand/?format=json","court_id":"cand","original_court_info":null,"idb_data":{"resource_uri":"https://www.courtlistener.com/api/rest/v4/fjc-integrated-database/25598119/?format=json","date_created":"2020-08-27T02:03:29.384603-07:00","date_modified":"2022-01-28T13:39:05.635459-08:00","dataset_source":9,"office":"3","docket_number":"1906968

--- docket=66582470 call#5001 ---
URL: https://www.courtlistener.com/api/rest/v4/dockets/66582470/?format=json
Status: 200
Body: {"resource_uri":"https://www.courtlistener.com/api/rest/v4/dockets/66582470/?format=json","id":66582470,"court":"https://www.courtlistener.com/api/rest/v4/courts/wied/?format=json","court_id":"wied","original_court_info":null,"idb_data":null,"clusters":["https://www.courtlistener.com/api/rest/v4/clusters/10329530/?format=json"],"audio_files":[],"assigned_to":null,"referred_to":null,"bankruptcy_information":null,"absolute_url":"/docket/66582470/city-pension-fund-for-firefighters-and-police-office

--- docket=67691678 call#5002 ---
URL: https://www.courtlistener.com/api/rest/v4/dockets/67691678/?format=json
Status: 200
Body: {"resource_uri":"https://www.courtlistener.com/api/rest/v4/dockets/67691678/?format=json","id":67691678,"court":"https://www.courtlistener.com/api/rest/v4/courts/cand/?format=json","court_id":"cand","original_court_info":null,"idb_data":null,"clusters":["https://www.courtlistener.com/api/rest/v4/clusters/9609891/?format=json"],"audio_files":[],"assigned_to":"https://www.courtlistener.com/api/rest/v4/people/383/?format=json","referred_to":null,"bankruptcy_information":null,"absolute_url":"/docket

--- docket=4193328 call#5003 ---
URL: https://www.courtlistener.com/api/rest/v4/dockets/4193328/?format=json
Status: 200
Body: {"resource_uri":"https://www.courtlistener.com/api/rest/v4/dockets/4193328/?format=json","id":4193328,"court":"https://www.courtlistener.com/api/rest/v4/courts/casd/?format=json","court_id":"casd","original_court_info":null,"idb_data":{"resource_uri":"https://www.courtlistener.com/api/rest/v4/fjc-integrated-database/24121178/?format=json","date_created":"2018-11-21T08:55:53.058726-08:00","date_modified":"2022-01-28T04:35:06.189741-08:00","dataset_source":9,"office":"3","docket_number":"1500540",

--- docket=67487483 call#5004 ---
URL: https://www.courtlistener.com/api/rest/v4/dockets/67487483/?format=json
Status: 200
Body: {"resource_uri":"https://www.courtlistener.com/api/rest/v4/dockets/67487483/?format=json","id":67487483,"court":"https://www.courtlistener.com/api/rest/v4/courts/njd/?format=json","court_id":"njd","original_court_info":null,"idb_data":null,"clusters":["https://www.courtlistener.com/api/rest/v4/clusters/10189354/?format=json"],"audio_files":[],"assigned_to":"https://www.courtlistener.com/api/rest/v4/people/2826/?format=json","referred_to":"https://www.courtlistener.com/api/rest/v4/people/9382/?fo

--- docket=7200235 call#5005 ---
URL: https://www.courtlistener.com/api/rest/v4/dockets/7200235/?format=json
Status: 200
Body: {"resource_uri":"https://www.courtlistener.com/api/rest/v4/dockets/7200235/?format=json","id":7200235,"court":"https://www.courtlistener.com/api/rest/v4/courts/nysd/?format=json","court_id":"nysd","original_court_info":null,"idb_data":{"resource_uri":"https://www.courtlistener.com/api/rest/v4/fjc-integrated-database/24534213/?format=json","date_created":"2018-11-21T09:53:04.758669-08:00","date_modified":"2022-01-28T08:12:34.015353-08:00","dataset_source":9,"office":"1","docket_number":"1805480",

--- docket=67449571 call#5006 ---
URL: https://www.courtlistener.com/api/rest/v4/dockets/67449571/?format=json
Status: 200
Body: {"resource_uri":"https://www.courtlistener.com/api/rest/v4/dockets/67449571/?format=json","id":67449571,"court":"https://www.courtlistener.com/api/rest/v4/courts/nysd/?format=json","court_id":"nysd","original_court_info":null,"idb_data":null,"clusters":["https://www.courtlistener.com/api/rest/v4/clusters/9889039/?format=json"],"audio_files":[],"assigned_to":"https://www.courtlistener.com/api/rest/v4/people/401/?format=json","referred_to":null,"bankruptcy_information":null,"absolute_url":"/docket

--- docket=69007830 call#5007 ---
URL: https://www.courtlistener.com/api/rest/v4/dockets/69007830/?format=json
Status: 200
Body: {"resource_uri":"https://www.courtlistener.com/api/rest/v4/dockets/69007830/?format=json","id":69007830,"court":"https://www.courtlistener.com/api/rest/v4/courts/nysd/?format=json","court_id":"nysd","original_court_info":null,"idb_data":null,"clusters":["https://www.courtlistener.com/api/rest/v4/clusters/10195878/?format=json"],"audio_files":[],"assigned_to":null,"referred_to":null,"bankruptcy_information":null,"absolute_url":"/docket/69007830/shaev-v-netscout-systems-inc/","date_created":"2024-

--- docket=7649056 call#5008 ---
URL: https://www.courtlistener.com/api/rest/v4/dockets/7649056/?format=json
Status: 200
Body: {"resource_uri":"https://www.courtlistener.com/api/rest/v4/dockets/7649056/?format=json","id":7649056,"court":"https://www.courtlistener.com/api/rest/v4/courts/ded/?format=json","court_id":"ded","original_court_info":null,"idb_data":{"resource_uri":"https://www.courtlistener.com/api/rest/v4/fjc-integrated-database/24550961/?format=json","date_created":"2018-11-21T09:54:40.258533-08:00","date_modified":"2022-01-28T09:59:34.017208-08:00","dataset_source":9,"office":"1","docket_number":"1801235","o

--- docket=7228486 call#5009 ---
URL: https://www.courtlistener.com/api/rest/v4/dockets/7228486/?format=json
Status: 200
Body: {"resource_uri":"https://www.courtlistener.com/api/rest/v4/dockets/7228486/?format=json","id":7228486,"court":"https://www.courtlistener.com/api/rest/v4/courts/azd/?format=json","court_id":"azd","original_court_info":null,"idb_data":{"resource_uri":"https://www.courtlistener.com/api/rest/v4/fjc-integrated-database/24944692/?format=json","date_created":"2018-11-21T10:35:16.090772-08:00","date_modified":"2022-01-28T10:47:04.300969-08:00","dataset_source":9,"office":"2","docket_number":"1501814","o

--- docket=4495878 call#5010 ---
URL: https://www.courtlistener.com/api/rest/v4/dockets/4495878/?format=json
Status: 200
Body: {"resource_uri":"https://www.courtlistener.com/api/rest/v4/dockets/4495878/?format=json","id":4495878,"court":"https://www.courtlistener.com/api/rest/v4/courts/cand/?format=json","court_id":"cand","original_court_info":null,"idb_data":{"resource_uri":"https://www.courtlistener.com/api/rest/v4/fjc-integrated-database/24958262/?format=json","date_created":"2018-11-21T10:36:30.158624-08:00","date_modified":"2022-01-28T13:37:49.301094-08:00","dataset_source":9,"office":"3","docket_number":"1605541",

--- docket=71197709 call#5011 ---
URL: https://www.courtlistener.com/api/rest/v4/dockets/71197709/?format=json
Status: 200
Body: {"resource_uri":"https://www.courtlistener.com/api/rest/v4/dockets/71197709/?format=json","id":71197709,"court":"https://www.courtlistener.com/api/rest/v4/courts/nvd/?format=json","court_id":"nvd","original_court_info":null,"idb_data":null,"clusters":["https://www.courtlistener.com/api/rest/v4/clusters/10666020/?format=json"],"audio_files":[],"assigned_to":"https://www.courtlistener.com/api/rest/v4/people/1242/?format=json","referred_to":null,"bankruptcy_information":null,"absolute_url":"/docket

--- docket=16909033 call#5012 ---
URL: https://www.courtlistener.com/api/rest/v4/dockets/16909033/?format=json
Status: 200
Body: {"resource_uri":"https://www.courtlistener.com/api/rest/v4/dockets/16909033/?format=json","id":16909033,"court":"https://www.courtlistener.com/api/rest/v4/courts/ohnd/?format=json","court_id":"ohnd","original_court_info":null,"idb_data":{"resource_uri":"https://www.courtlistener.com/api/rest/v4/fjc-integrated-database/25679235/?format=json","date_created":"2020-08-27T02:46:18.693905-07:00","date_modified":"2022-01-28T13:01:07.599059-08:00","dataset_source":9,"office":"1","docket_number":"2000469

--- docket=6382363 call#5013 ---
URL: https://www.courtlistener.com/api/rest/v4/dockets/6382363/?format=json
Status: 200
Body: {"resource_uri":"https://www.courtlistener.com/api/rest/v4/dockets/6382363/?format=json","id":6382363,"court":"https://www.courtlistener.com/api/rest/v4/courts/mssd/?format=json","court_id":"mssd","original_court_info":null,"idb_data":{"resource_uri":"https://www.courtlistener.com/api/rest/v4/fjc-integrated-database/24771545/?format=json","date_created":"2018-11-21T10:18:35.746048-08:00","date_modified":"2022-01-28T12:40:48.008880-08:00","dataset_source":9,"office":"3","docket_number":"1800252",

--- docket=60059907 call#5014 ---
URL: https://www.courtlistener.com/api/rest/v4/dockets/60059907/?format=json
Status: 200
Body: {"resource_uri":"https://www.courtlistener.com/api/rest/v4/dockets/60059907/?format=json","id":60059907,"court":"https://www.courtlistener.com/api/rest/v4/courts/flmd/?format=json","court_id":"flmd","original_court_info":null,"idb_data":null,"clusters":["https://www.courtlistener.com/api/rest/v4/clusters/9641729/?format=json","https://www.courtlistener.com/api/rest/v4/clusters/9641931/?format=json"],"audio_files":[],"assigned_to":"https://www.courtlistener.com/api/rest/v4/people/589/?format=json

--- docket=63157651 call#5015 ---
URL: https://www.courtlistener.com/api/rest/v4/dockets/63157651/?format=json
Status: 200
Body: {"resource_uri":"https://www.courtlistener.com/api/rest/v4/dockets/63157651/?format=json","id":63157651,"court":"https://www.courtlistener.com/api/rest/v4/courts/nyed/?format=json","court_id":"nyed","original_court_info":null,"idb_data":null,"clusters":["https://www.courtlistener.com/api/rest/v4/clusters/9842580/?format=json"],"audio_files":[],"assigned_to":"https://www.courtlistener.com/api/rest/v4/people/2080/?format=json","referred_to":"https://www.courtlistener.com/api/rest/v4/people/9424/?f

--- docket=63355119 call#5016 ---
URL: https://www.courtlistener.com/api/rest/v4/dockets/63355119/?format=json
Status: 200
Body: {"resource_uri":"https://www.courtlistener.com/api/rest/v4/dockets/63355119/?format=json","id":63355119,"court":"https://www.courtlistener.com/api/rest/v4/courts/flmd/?format=json","court_id":"flmd","original_court_info":null,"idb_data":null,"clusters":["https://www.courtlistener.com/api/rest/v4/clusters/9644017/?format=json"],"audio_files":[],"assigned_to":"https://www.courtlistener.com/api/rest/v4/people/589/?format=json","referred_to":"https://www.courtlistener.com/api/rest/v4/people/9152/?fo

--- docket=68016891 call#5017 ---
URL: https://www.courtlistener.com/api/rest/v4/dockets/68016891/?format=json
Status: 200
Body: {"resource_uri":"https://www.courtlistener.com/api/rest/v4/dockets/68016891/?format=json","id":68016891,"court":"https://www.courtlistener.com/api/rest/v4/courts/nysd/?format=json","court_id":"nysd","original_court_info":null,"idb_data":null,"clusters":["https://www.courtlistener.com/api/rest/v4/clusters/10379530/?format=json"],"audio_files":[],"assigned_to":"https://www.courtlistener.com/api/rest/v4/people/2463/?format=json","referred_to":null,"bankruptcy_information":null,"absolute_url":"/dock

--- docket=67460920 call#5018 ---
URL: https://www.courtlistener.com/api/rest/v4/dockets/67460920/?format=json
Status: 200
Body: {"resource_uri":"https://www.courtlistener.com/api/rest/v4/dockets/67460920/?format=json","id":67460920,"court":"https://www.courtlistener.com/api/rest/v4/courts/ded/?format=json","court_id":"ded","original_court_info":null,"idb_data":null,"clusters":["https://www.courtlistener.com/api/rest/v4/clusters/9636472/?format=json","https://www.courtlistener.com/api/rest/v4/clusters/9636718/?format=json","https://www.courtlistener.com/api/rest/v4/clusters/10383367/?format=json"],"audio_files":[],"assign

--- docket=18411480 call#5019 ---
URL: https://www.courtlistener.com/api/rest/v4/dockets/18411480/?format=json
Status: 200
Body: {"resource_uri":"https://www.courtlistener.com/api/rest/v4/dockets/18411480/?format=json","id":18411480,"court":"https://www.courtlistener.com/api/rest/v4/courts/nyed/?format=json","court_id":"nyed","original_court_info":null,"idb_data":null,"clusters":["https://www.courtlistener.com/api/rest/v4/clusters/9843100/?format=json"],"audio_files":[],"assigned_to":"https://www.courtlistener.com/api/rest/v4/people/15388/?format=json","referred_to":null,"bankruptcy_information":null,"absolute_url":"/dock

--- docket=18500908 call#5020 ---
URL: https://www.courtlistener.com/api/rest/v4/dockets/18500908/?format=json
Status: 200
Body: {"resource_uri":"https://www.courtlistener.com/api/rest/v4/dockets/18500908/?format=json","id":18500908,"court":"https://www.courtlistener.com/api/rest/v4/courts/njd/?format=json","court_id":"njd","original_court_info":null,"idb_data":null,"clusters":["https://www.courtlistener.com/api/rest/v4/clusters/9804735/?format=json","https://www.courtlistener.com/api/rest/v4/clusters/10188341/?format=json"],"audio_files":[],"assigned_to":"https://www.courtlistener.com/api/rest/v4/people/459/?format=json"

--- docket=17236469 call#5021 ---
URL: https://www.courtlistener.com/api/rest/v4/dockets/17236469/?format=json
Status: 200
Body: {"resource_uri":"https://www.courtlistener.com/api/rest/v4/dockets/17236469/?format=json","id":17236469,"court":"https://www.courtlistener.com/api/rest/v4/courts/nysd/?format=json","court_id":"nysd","original_court_info":null,"idb_data":{"resource_uri":"https://www.courtlistener.com/api/rest/v4/fjc-integrated-database/25830543/?format=json","date_created":"2020-08-27T04:18:01.287417-07:00","date_modified":"2022-01-28T11:37:07.271264-08:00","dataset_source":9,"office":"1","docket_number":"2004420

--- docket=67923646 call#5022 ---
URL: https://www.courtlistener.com/api/rest/v4/dockets/67923646/?format=json
Status: 200
Body: {"resource_uri":"https://www.courtlistener.com/api/rest/v4/dockets/67923646/?format=json","id":67923646,"court":"https://www.courtlistener.com/api/rest/v4/courts/nced/?format=json","court_id":"nced","original_court_info":null,"idb_data":null,"clusters":["https://www.courtlistener.com/api/rest/v4/clusters/9786486/?format=json"],"audio_files":[],"assigned_to":"https://www.courtlistener.com/api/rest/v4/people/861/?format=json","referred_to":"https://www.courtlistener.com/api/rest/v4/people/14475/?f

--- docket=15878482 call#5023 ---
URL: https://www.courtlistener.com/api/rest/v4/dockets/15878482/?format=json
Status: 200
Body: {"resource_uri":"https://www.courtlistener.com/api/rest/v4/dockets/15878482/?format=json","id":15878482,"court":"https://www.courtlistener.com/api/rest/v4/courts/alsd/?format=json","court_id":"alsd","original_court_info":null,"idb_data":{"resource_uri":"https://www.courtlistener.com/api/rest/v4/fjc-integrated-database/25888090/?format=json","date_created":"2020-08-27T04:52:17.694499-07:00","date_modified":"2022-01-28T09:38:09.185560-08:00","dataset_source":9,"office":"1","docket_number":"1900333

--- docket=68131577 call#5024 ---
URL: https://www.courtlistener.com/api/rest/v4/dockets/68131577/?format=json
Status: 200
Body: {"resource_uri":"https://www.courtlistener.com/api/rest/v4/dockets/68131577/?format=json","id":68131577,"court":"https://www.courtlistener.com/api/rest/v4/courts/oked/?format=json","court_id":"oked","original_court_info":null,"idb_data":null,"clusters":["https://www.courtlistener.com/api/rest/v4/clusters/10199061/?format=json"],"audio_files":[],"assigned_to":"https://www.courtlistener.com/api/rest/v4/people/3452/?format=json","referred_to":null,"bankruptcy_information":null,"absolute_url":"/dock

--- docket=61268403 call#5025 ---
URL: https://www.courtlistener.com/api/rest/v4/dockets/61268403/?format=json
Status: 200
Body: {"resource_uri":"https://www.courtlistener.com/api/rest/v4/dockets/61268403/?format=json","id":61268403,"court":"https://www.courtlistener.com/api/rest/v4/courts/mdd/?format=json","court_id":"mdd","original_court_info":null,"idb_data":null,"clusters":["https://www.courtlistener.com/api/rest/v4/clusters/9740686/?format=json"],"audio_files":[],"assigned_to":null,"referred_to":"https://www.courtlistener.com/api/rest/v4/people/9302/?format=json","bankruptcy_information":null,"absolute_url":"/docket/

--- docket=59744847 call#5026 ---
URL: https://www.courtlistener.com/api/rest/v4/dockets/59744847/?format=json
Status: 200
Body: {"resource_uri":"https://www.courtlistener.com/api/rest/v4/dockets/59744847/?format=json","id":59744847,"court":"https://www.courtlistener.com/api/rest/v4/courts/nysd/?format=json","court_id":"nysd","original_court_info":null,"idb_data":null,"clusters":["https://www.courtlistener.com/api/rest/v4/clusters/9876169/?format=json","https://www.courtlistener.com/api/rest/v4/clusters/9882544/?format=json"],"audio_files":[],"assigned_to":"https://www.courtlistener.com/api/rest/v4/people/552/?format=json

--- docket=16841194 call#5027 ---
URL: https://www.courtlistener.com/api/rest/v4/dockets/16841194/?format=json
Status: 200
Body: {"resource_uri":"https://www.courtlistener.com/api/rest/v4/dockets/16841194/?format=json","id":16841194,"court":"https://www.courtlistener.com/api/rest/v4/courts/ded/?format=json","court_id":"ded","original_court_info":null,"idb_data":{"resource_uri":"https://www.courtlistener.com/api/rest/v4/fjc-integrated-database/25821423/?format=json","date_created":"2020-08-27T04:12:39.279511-07:00","date_modified":"2022-01-28T11:44:04.723370-08:00","dataset_source":9,"office":"1","docket_number":"2000213",

--- docket=59686712 call#5028 ---
URL: https://www.courtlistener.com/api/rest/v4/dockets/59686712/?format=json
Status: 200
Body: {"resource_uri":"https://www.courtlistener.com/api/rest/v4/dockets/59686712/?format=json","id":59686712,"court":"https://www.courtlistener.com/api/rest/v4/courts/cacd/?format=json","court_id":"cacd","original_court_info":null,"idb_data":null,"clusters":["https://www.courtlistener.com/api/rest/v4/clusters/9574512/?format=json"],"audio_files":[],"assigned_to":"https://www.courtlistener.com/api/rest/v4/people/3035/?format=json","referred_to":"https://www.courtlistener.com/api/rest/v4/people/9050/?f

--- docket=67491010 call#5029 ---
URL: https://www.courtlistener.com/api/rest/v4/dockets/67491010/?format=json
Status: 200
Body: {"resource_uri":"https://www.courtlistener.com/api/rest/v4/dockets/67491010/?format=json","id":67491010,"court":"https://www.courtlistener.com/api/rest/v4/courts/nyed/?format=json","court_id":"nyed","original_court_info":null,"idb_data":null,"clusters":["https://www.courtlistener.com/api/rest/v4/clusters/10334195/?format=json"],"audio_files":[],"assigned_to":"https://www.courtlistener.com/api/rest/v4/people/403/?format=json","referred_to":null,"bankruptcy_information":null,"absolute_url":"/docke

--- docket=54166373 call#5030 ---
URL: https://www.courtlistener.com/api/rest/v4/dockets/54166373/?format=json
Status: 200
Body: {"resource_uri":"https://www.courtlistener.com/api/rest/v4/dockets/54166373/?format=json","id":54166373,"court":"https://www.courtlistener.com/api/rest/v4/courts/ohnd/?format=json","court_id":"ohnd","original_court_info":null,"idb_data":null,"clusters":["https://www.courtlistener.com/api/rest/v4/clusters/9903165/?format=json"],"audio_files":[],"assigned_to":null,"referred_to":null,"bankruptcy_information":null,"absolute_url":"/docket/54166373/baron-v-deckard/","date_created":"2021-01-29T10:21:53

--- docket=62979750 call#5031 ---
URL: https://www.courtlistener.com/api/rest/v4/dockets/62979750/?format=json
Status: 200
Body: {"resource_uri":"https://www.courtlistener.com/api/rest/v4/dockets/62979750/?format=json","id":62979750,"court":"https://www.courtlistener.com/api/rest/v4/courts/moed/?format=json","court_id":"moed","original_court_info":null,"idb_data":null,"clusters":["https://www.courtlistener.com/api/rest/v4/clusters/9770334/?format=json"],"audio_files":[],"assigned_to":"https://www.courtlistener.com/api/rest/v4/people/2791/?format=json","referred_to":null,"bankruptcy_information":null,"absolute_url":"/docke

--- docket=17106941 call#5032 ---
URL: https://www.courtlistener.com/api/rest/v4/dockets/17106941/?format=json
Status: 200
Body: {"resource_uri":"https://www.courtlistener.com/api/rest/v4/dockets/17106941/?format=json","id":17106941,"court":"https://www.courtlistener.com/api/rest/v4/courts/cand/?format=json","court_id":"cand","original_court_info":null,"idb_data":{"resource_uri":"https://www.courtlistener.com/api/rest/v4/fjc-integrated-database/25595331/?format=json","date_created":"2020-08-27T02:02:23.985085-07:00","date_modified":"2022-01-28T13:39:51.754852-08:00","dataset_source":9,"office":"3","docket_number":"2002897

--- docket=62623466 call#5033 ---
URL: https://www.courtlistener.com/api/rest/v4/dockets/62623466/?format=json
Status: 200
Body: {"resource_uri":"https://www.courtlistener.com/api/rest/v4/dockets/62623466/?format=json","id":62623466,"court":"https://www.courtlistener.com/api/rest/v4/courts/nyed/?format=json","court_id":"nyed","original_court_info":null,"idb_data":null,"clusters":["https://www.courtlistener.com/api/rest/v4/clusters/9841353/?format=json","https://www.courtlistener.com/api/rest/v4/clusters/9843294/?format=json"],"audio_files":[],"assigned_to":"https://www.courtlistener.com/api/rest/v4/people/15388/?format=js

--- docket=41956531 call#5034 ---
URL: https://www.courtlistener.com/api/rest/v4/dockets/41956531/?format=json
Status: 200
Body: {"resource_uri":"https://www.courtlistener.com/api/rest/v4/dockets/41956531/?format=json","id":41956531,"court":"https://www.courtlistener.com/api/rest/v4/courts/nysd/?format=json","court_id":"nysd","original_court_info":null,"idb_data":null,"clusters":["https://www.courtlistener.com/api/rest/v4/clusters/9877474/?format=json"],"audio_files":[],"assigned_to":"https://www.courtlistener.com/api/rest/v4/people/15332/?format=json","referred_to":null,"bankruptcy_information":null,"absolute_url":"/dock

--- docket=8512041 call#5035 ---
URL: https://www.courtlistener.com/api/rest/v4/dockets/8512041/?format=json
Status: 200
Body: {"resource_uri":"https://www.courtlistener.com/api/rest/v4/dockets/8512041/?format=json","id":8512041,"court":"https://www.courtlistener.com/api/rest/v4/courts/njd/?format=json","court_id":"njd","original_court_info":null,"idb_data":{"resource_uri":"https://www.courtlistener.com/api/rest/v4/fjc-integrated-database/25815164/?format=json","date_created":"2020-08-27T04:08:30.448046-07:00","date_modified":"2022-01-28T11:47:56.294642-08:00","dataset_source":9,"office":"2","docket_number":"1900525","o

--- docket=69781362 call#5036 ---
URL: https://www.courtlistener.com/api/rest/v4/dockets/69781362/?format=json
Status: 200
Body: {"resource_uri":"https://www.courtlistener.com/api/rest/v4/dockets/69781362/?format=json","id":69781362,"court":"https://www.courtlistener.com/api/rest/v4/courts/cand/?format=json","court_id":"cand","original_court_info":null,"idb_data":null,"clusters":["https://www.courtlistener.com/api/rest/v4/clusters/10621611/?format=json"],"audio_files":[],"assigned_to":"https://www.courtlistener.com/api/rest/v4/people/1206/?format=json","referred_to":"https://www.courtlistener.com/api/rest/v4/people/9088/?

--- docket=68882043 call#5037 ---
URL: https://www.courtlistener.com/api/rest/v4/dockets/68882043/?format=json
Status: 200
Body: {"resource_uri":"https://www.courtlistener.com/api/rest/v4/dockets/68882043/?format=json","id":68882043,"court":"https://www.courtlistener.com/api/rest/v4/courts/ded/?format=json","court_id":"ded","original_court_info":null,"idb_data":null,"clusters":["https://www.courtlistener.com/api/rest/v4/clusters/10682774/?format=json"],"audio_files":[],"assigned_to":"https://www.courtlistener.com/api/rest/v4/people/9138/?format=json","referred_to":null,"bankruptcy_information":null,"absolute_url":"/docket

--- docket=8737153 call#5038 ---
URL: https://www.courtlistener.com/api/rest/v4/dockets/8737153/?format=json
Status: 200
Body: {"resource_uri":"https://www.courtlistener.com/api/rest/v4/dockets/8737153/?format=json","id":8737153,"court":"https://www.courtlistener.com/api/rest/v4/courts/ded/?format=json","court_id":"ded","original_court_info":null,"idb_data":{"resource_uri":"https://www.courtlistener.com/api/rest/v4/fjc-integrated-database/25823369/?format=json","date_created":"2020-08-27T04:13:30.744617-07:00","date_modified":"2022-01-28T11:43:48.223911-08:00","dataset_source":9,"office":"1","docket_number":"1900077","o

--- docket=66664871 call#5039 ---
URL: https://www.courtlistener.com/api/rest/v4/dockets/66664871/?format=json
Status: 200
Body: {"resource_uri":"https://www.courtlistener.com/api/rest/v4/dockets/66664871/?format=json","id":66664871,"court":"https://www.courtlistener.com/api/rest/v4/courts/njd/?format=json","court_id":"njd","original_court_info":null,"idb_data":null,"clusters":["https://www.courtlistener.com/api/rest/v4/clusters/10190119/?format=json"],"audio_files":[],"assigned_to":"https://www.courtlistener.com/api/rest/v4/people/2826/?format=json","referred_to":"https://www.courtlistener.com/api/rest/v4/people/9382/?fo

--- docket=18630764 call#5040 ---
URL: https://www.courtlistener.com/api/rest/v4/dockets/18630764/?format=json
Status: 200
Body: {"resource_uri":"https://www.courtlistener.com/api/rest/v4/dockets/18630764/?format=json","id":18630764,"court":"https://www.courtlistener.com/api/rest/v4/courts/nysd/?format=json","court_id":"nysd","original_court_info":null,"idb_data":null,"clusters":["https://www.courtlistener.com/api/rest/v4/clusters/9862831/?format=json"],"audio_files":[],"assigned_to":"https://www.courtlistener.com/api/rest/v4/people/2374/?format=json","referred_to":null,"bankruptcy_information":null,"absolute_url":"/docke

--- docket=68366824 call#5041 ---
URL: https://www.courtlistener.com/api/rest/v4/dockets/68366824/?format=json
Status: 200
Body: {"resource_uri":"https://www.courtlistener.com/api/rest/v4/dockets/68366824/?format=json","id":68366824,"court":"https://www.courtlistener.com/api/rest/v4/courts/nysd/?format=json","court_id":"nysd","original_court_info":null,"idb_data":null,"clusters":["https://www.courtlistener.com/api/rest/v4/clusters/10621707/?format=json","https://www.courtlistener.com/api/rest/v4/clusters/10194598/?format=json"],"audio_files":[],"assigned_to":null,"referred_to":null,"bankruptcy_information":null,"absolute_

--- docket=68444632 call#5042 ---
URL: https://www.courtlistener.com/api/rest/v4/dockets/68444632/?format=json
Status: 200
Body: {"resource_uri":"https://www.courtlistener.com/api/rest/v4/dockets/68444632/?format=json","id":68444632,"court":"https://www.courtlistener.com/api/rest/v4/courts/nysd/?format=json","court_id":"nysd","original_court_info":null,"idb_data":null,"clusters":["https://www.courtlistener.com/api/rest/v4/clusters/10328306/?format=json","https://www.courtlistener.com/api/rest/v4/clusters/10273399/?format=json"],"audio_files":[],"assigned_to":"https://www.courtlistener.com/api/rest/v4/people/1136/?format=j

--- docket=16689896 call#5043 ---
URL: https://www.courtlistener.com/api/rest/v4/dockets/16689896/?format=json
Status: 200
Body: {"resource_uri":"https://www.courtlistener.com/api/rest/v4/dockets/16689896/?format=json","id":16689896,"court":"https://www.courtlistener.com/api/rest/v4/courts/ilnd/?format=json","court_id":"ilnd","original_court_info":null,"idb_data":{"resource_uri":"https://www.courtlistener.com/api/rest/v4/fjc-integrated-database/25652805/?format=json","date_created":"2020-08-27T02:32:34.305663-07:00","date_modified":"2022-01-28T13:14:34.721880-08:00","dataset_source":9,"office":"1","docket_number":"1908454

--- docket=59877994 call#5044 ---
URL: https://www.courtlistener.com/api/rest/v4/dockets/59877994/?format=json
Status: 200
Body: {"resource_uri":"https://www.courtlistener.com/api/rest/v4/dockets/59877994/?format=json","id":59877994,"court":"https://www.courtlistener.com/api/rest/v4/courts/casd/?format=json","court_id":"casd","original_court_info":null,"idb_data":null,"clusters":["https://www.courtlistener.com/api/rest/v4/clusters/9618123/?format=json","https://www.courtlistener.com/api/rest/v4/clusters/9618309/?format=json"],"audio_files":[],"assigned_to":"https://www.courtlistener.com/api/rest/v4/people/1967/?format=jso

--- docket=8146062 call#5045 ---
URL: https://www.courtlistener.com/api/rest/v4/dockets/8146062/?format=json
Status: 200
Body: {"resource_uri":"https://www.courtlistener.com/api/rest/v4/dockets/8146062/?format=json","id":8146062,"court":"https://www.courtlistener.com/api/rest/v4/courts/mad/?format=json","court_id":"mad","original_court_info":null,"idb_data":{"resource_uri":"https://www.courtlistener.com/api/rest/v4/fjc-integrated-database/25867197/?format=json","date_created":"2020-08-27T04:36:37.237093-07:00","date_modified":"2022-01-28T11:23:39.737965-08:00","dataset_source":9,"office":"1","docket_number":"1812330","o

--- docket=6757063 call#5046 ---
URL: https://www.courtlistener.com/api/rest/v4/dockets/6757063/?format=json
Status: 200
Body: {"resource_uri":"https://www.courtlistener.com/api/rest/v4/dockets/6757063/?format=json","id":6757063,"court":"https://www.courtlistener.com/api/rest/v4/courts/cand/?format=json","court_id":"cand","original_court_info":null,"idb_data":{"resource_uri":"https://www.courtlistener.com/api/rest/v4/fjc-integrated-database/24963733/?format=json","date_created":"2018-11-21T10:37:03.078473-08:00","date_modified":"2022-01-28T13:38:07.096543-08:00","dataset_source":9,"office":"3","docket_number":"1802902",

--- docket=17107158 call#5047 ---
URL: https://www.courtlistener.com/api/rest/v4/dockets/17107158/?format=json
Status: 200
Body: {"resource_uri":"https://www.courtlistener.com/api/rest/v4/dockets/17107158/?format=json","id":17107158,"court":"https://www.courtlistener.com/api/rest/v4/courts/ded/?format=json","court_id":"ded","original_court_info":null,"idb_data":{"resource_uri":"https://www.courtlistener.com/api/rest/v4/fjc-integrated-database/25821055/?format=json","date_created":"2020-08-27T04:12:32.216718-07:00","date_modified":"2022-01-28T11:44:08.805655-08:00","dataset_source":9,"office":"1","docket_number":"2000577",

--- docket=61607032 call#5048 ---
URL: https://www.courtlistener.com/api/rest/v4/dockets/61607032/?format=json
Status: 200
Body: {"resource_uri":"https://www.courtlistener.com/api/rest/v4/dockets/61607032/?format=json","id":61607032,"court":"https://www.courtlistener.com/api/rest/v4/courts/nysd/?format=json","court_id":"nysd","original_court_info":null,"idb_data":null,"clusters":["https://www.courtlistener.com/api/rest/v4/clusters/9881114/?format=json"],"audio_files":[],"assigned_to":"https://www.courtlistener.com/api/rest/v4/people/3243/?format=json","referred_to":null,"bankruptcy_information":null,"absolute_url":"/docke

--- docket=63296667 call#5049 ---
URL: https://www.courtlistener.com/api/rest/v4/dockets/63296667/?format=json
Status: 200
Body: {"resource_uri":"https://www.courtlistener.com/api/rest/v4/dockets/63296667/?format=json","id":63296667,"court":"https://www.courtlistener.com/api/rest/v4/courts/njd/?format=json","court_id":"njd","original_court_info":null,"idb_data":null,"clusters":["https://www.courtlistener.com/api/rest/v4/clusters/9808233/?format=json","https://www.courtlistener.com/api/rest/v4/clusters/10190285/?format=json","https://www.courtlistener.com/api/rest/v4/clusters/9811635/?format=json","https://www.courtlistene

--- docket=6338429 call#5050 ---
URL: https://www.courtlistener.com/api/rest/v4/dockets/6338429/?format=json
Status: 200
Body: {"resource_uri":"https://www.courtlistener.com/api/rest/v4/dockets/6338429/?format=json","id":6338429,"court":"https://www.courtlistener.com/api/rest/v4/courts/nysd/?format=json","court_id":"nysd","original_court_info":null,"idb_data":{"resource_uri":"https://www.courtlistener.com/api/rest/v4/fjc-integrated-database/24531409/?format=json","date_created":"2018-11-21T09:52:47.899609-08:00","date_modified":"2022-01-28T09:55:10.168369-08:00","dataset_source":9,"office":"1","docket_number":"1802352",

--- docket=8095246 call#5051 ---
URL: https://www.courtlistener.com/api/rest/v4/dockets/8095246/?format=json
Status: 200
Body: {"resource_uri":"https://www.courtlistener.com/api/rest/v4/dockets/8095246/?format=json","id":8095246,"court":"https://www.courtlistener.com/api/rest/v4/courts/ded/?format=json","court_id":"ded","original_court_info":null,"idb_data":{"resource_uri":"https://www.courtlistener.com/api/rest/v4/fjc-integrated-database/25823582/?format=json","date_created":"2020-08-27T04:13:37.053875-07:00","date_modified":"2022-01-28T09:59:34.762390-08:00","dataset_source":9,"office":"1","docket_number":"1801589","o

--- docket=59792499 call#5052 ---
URL: https://www.courtlistener.com/api/rest/v4/dockets/59792499/?format=json
Status: 200
Body: {"resource_uri":"https://www.courtlistener.com/api/rest/v4/dockets/59792499/?format=json","id":59792499,"court":"https://www.courtlistener.com/api/rest/v4/courts/ilnd/?format=json","court_id":"ilnd","original_court_info":null,"idb_data":null,"clusters":["https://www.courtlistener.com/api/rest/v4/clusters/9677961/?format=json"],"audio_files":[],"assigned_to":"https://www.courtlistener.com/api/rest/v4/people/301/?format=json","referred_to":null,"bankruptcy_information":null,"absolute_url":"/docket

--- docket=60966560 call#5053 ---
URL: https://www.courtlistener.com/api/rest/v4/dockets/60966560/?format=json
Status: 200
Body: {"resource_uri":"https://www.courtlistener.com/api/rest/v4/dockets/60966560/?format=json","id":60966560,"court":"https://www.courtlistener.com/api/rest/v4/courts/mnd/?format=json","court_id":"mnd","original_court_info":null,"idb_data":null,"clusters":["https://www.courtlistener.com/api/rest/v4/clusters/9763076/?format=json","https://www.courtlistener.com/api/rest/v4/clusters/9763149/?format=json","https://www.courtlistener.com/api/rest/v4/clusters/9764209/?format=json","https://www.courtlistener

--- docket=64929136 call#5054 ---
URL: https://www.courtlistener.com/api/rest/v4/dockets/64929136/?format=json
Status: 200
Body: {"resource_uri":"https://www.courtlistener.com/api/rest/v4/dockets/64929136/?format=json","id":64929136,"court":"https://www.courtlistener.com/api/rest/v4/courts/nysd/?format=json","court_id":"nysd","original_court_info":null,"idb_data":null,"clusters":["https://www.courtlistener.com/api/rest/v4/clusters/9879790/?format=json"],"audio_files":[],"assigned_to":"https://www.courtlistener.com/api/rest/v4/people/401/?format=json","referred_to":null,"bankruptcy_information":null,"absolute_url":"/docket

--- docket=67730549 call#5055 ---
URL: https://www.courtlistener.com/api/rest/v4/dockets/67730549/?format=json
Status: 200
Body: {"resource_uri":"https://www.courtlistener.com/api/rest/v4/dockets/67730549/?format=json","id":67730549,"court":"https://www.courtlistener.com/api/rest/v4/courts/caed/?format=json","court_id":"caed","original_court_info":null,"idb_data":null,"clusters":["https://www.courtlistener.com/api/rest/v4/clusters/10171674/?format=json","https://www.courtlistener.com/api/rest/v4/clusters/10332488/?format=json","https://www.courtlistener.com/api/rest/v4/clusters/9591183/?format=json","https://www.courtlist

--- docket=66705920 call#5056 ---
URL: https://www.courtlistener.com/api/rest/v4/dockets/66705920/?format=json
Status: 200
Body: {"resource_uri":"https://www.courtlistener.com/api/rest/v4/dockets/66705920/?format=json","id":66705920,"court":"https://www.courtlistener.com/api/rest/v4/courts/cand/?format=json","court_id":"cand","original_court_info":null,"idb_data":null,"clusters":["https://www.courtlistener.com/api/rest/v4/clusters/10172384/?format=json","https://www.courtlistener.com/api/rest/v4/clusters/10625445/?format=json","https://www.courtlistener.com/api/rest/v4/clusters/9608462/?format=json","https://www.courtlist

--- docket=63237659 call#5057 ---
URL: https://www.courtlistener.com/api/rest/v4/dockets/63237659/?format=json
Status: 200
Body: {"resource_uri":"https://www.courtlistener.com/api/rest/v4/dockets/63237659/?format=json","id":63237659,"court":"https://www.courtlistener.com/api/rest/v4/courts/ilnd/?format=json","court_id":"ilnd","original_court_info":null,"idb_data":null,"clusters":["https://www.courtlistener.com/api/rest/v4/clusters/9681445/?format=json"],"audio_files":[],"assigned_to":"https://www.courtlistener.com/api/rest/v4/people/9225/?format=json","referred_to":null,"bankruptcy_information":null,"absolute_url":"/docke

--- docket=16468353 call#5058 ---
URL: https://www.courtlistener.com/api/rest/v4/dockets/16468353/?format=json
Status: 200
Body: {"resource_uri":"https://www.courtlistener.com/api/rest/v4/dockets/16468353/?format=json","id":16468353,"court":"https://www.courtlistener.com/api/rest/v4/courts/ilnd/?format=json","court_id":"ilnd","original_court_info":null,"idb_data":{"resource_uri":"https://www.courtlistener.com/api/rest/v4/fjc-integrated-database/25653712/?format=json","date_created":"2020-08-27T02:32:51.019996-07:00","date_modified":"2022-01-28T13:14:25.030487-08:00","dataset_source":9,"office":"1","docket_number":"1907528

--- docket=69335684 call#5059 ---
URL: https://www.courtlistener.com/api/rest/v4/dockets/69335684/?format=json
Status: 200
Body: {"resource_uri":"https://www.courtlistener.com/api/rest/v4/dockets/69335684/?format=json","id":69335684,"court":"https://www.courtlistener.com/api/rest/v4/courts/nysd/?format=json","court_id":"nysd","original_court_info":null,"idb_data":null,"clusters":["https://www.courtlistener.com/api/rest/v4/clusters/10674971/?format=json","https://www.courtlistener.com/api/rest/v4/clusters/10290859/?format=json"],"audio_files":[],"assigned_to":"https://www.courtlistener.com/api/rest/v4/people/532/?format=js

--- docket=59297700 call#5060 ---
URL: https://www.courtlistener.com/api/rest/v4/dockets/59297700/?format=json
Status: 200
Body: {"resource_uri":"https://www.courtlistener.com/api/rest/v4/dockets/59297700/?format=json","id":59297700,"court":"https://www.courtlistener.com/api/rest/v4/courts/nysd/?format=json","court_id":"nysd","original_court_info":null,"idb_data":null,"clusters":["https://www.courtlistener.com/api/rest/v4/clusters/9883350/?format=json","https://www.courtlistener.com/api/rest/v4/clusters/9892835/?format=json"],"audio_files":[],"assigned_to":"https://www.courtlistener.com/api/rest/v4/people/552/?format=json

--- docket=69553987 call#5061 ---
URL: https://www.courtlistener.com/api/rest/v4/dockets/69553987/?format=json
Status: 200
Body: {"resource_uri":"https://www.courtlistener.com/api/rest/v4/dockets/69553987/?format=json","id":69553987,"court":"https://www.courtlistener.com/api/rest/v4/courts/ilnd/?format=json","court_id":"ilnd","original_court_info":null,"idb_data":null,"clusters":["https://www.courtlistener.com/api/rest/v4/clusters/10316410/?format=json"],"audio_files":[],"assigned_to":"https://www.courtlistener.com/api/rest/v4/people/587/?format=json","referred_to":null,"bankruptcy_information":null,"absolute_url":"/docke

--- docket=60217591 call#5062 ---
URL: https://www.courtlistener.com/api/rest/v4/dockets/60217591/?format=json
Status: 200
Body: {"resource_uri":"https://www.courtlistener.com/api/rest/v4/dockets/60217591/?format=json","id":60217591,"court":"https://www.courtlistener.com/api/rest/v4/courts/cand/?format=json","court_id":"cand","original_court_info":null,"idb_data":null,"clusters":["https://www.courtlistener.com/api/rest/v4/clusters/9603112/?format=json"],"audio_files":[],"assigned_to":"https://www.courtlistener.com/api/rest/v4/people/1206/?format=json","referred_to":null,"bankruptcy_information":null,"absolute_url":"/docke

--- docket=61564394 call#5063 ---
URL: https://www.courtlistener.com/api/rest/v4/dockets/61564394/?format=json
Status: 200
Body: {"resource_uri":"https://www.courtlistener.com/api/rest/v4/dockets/61564394/?format=json","id":61564394,"court":"https://www.courtlistener.com/api/rest/v4/courts/nyed/?format=json","court_id":"nyed","original_court_info":null,"idb_data":null,"clusters":["https://www.courtlistener.com/api/rest/v4/clusters/9843852/?format=json"],"audio_files":[],"assigned_to":"https://www.courtlistener.com/api/rest/v4/people/597/?format=json","referred_to":null,"bankruptcy_information":null,"absolute_url":"/docket

--- docket=6161702 call#5064 ---
URL: https://www.courtlistener.com/api/rest/v4/dockets/6161702/?format=json
Status: 200
Body: {"resource_uri":"https://www.courtlistener.com/api/rest/v4/dockets/6161702/?format=json","id":6161702,"court":"https://www.courtlistener.com/api/rest/v4/courts/nysd/?format=json","court_id":"nysd","original_court_info":null,"idb_data":{"resource_uri":"https://www.courtlistener.com/api/rest/v4/fjc-integrated-database/24526736/?format=json","date_created":"2018-11-21T09:52:26.011185-08:00","date_modified":"2022-01-28T09:55:03.329559-08:00","dataset_source":9,"office":"1","docket_number":"1707371",

--- docket=67777432 call#5065 ---
URL: https://www.courtlistener.com/api/rest/v4/dockets/67777432/?format=json
Status: 200
Body: {"resource_uri":"https://www.courtlistener.com/api/rest/v4/dockets/67777432/?format=json","id":67777432,"court":"https://www.courtlistener.com/api/rest/v4/courts/casd/?format=json","court_id":"casd","original_court_info":null,"idb_data":null,"clusters":["https://www.courtlistener.com/api/rest/v4/clusters/9622144/?format=json","https://www.courtlistener.com/api/rest/v4/clusters/9622842/?format=json"],"audio_files":[],"assigned_to":"https://www.courtlistener.com/api/rest/v4/people/9108/?format=jso

--- docket=69529045 call#5066 ---
URL: https://www.courtlistener.com/api/rest/v4/dockets/69529045/?format=json
Status: 200
Body: {"resource_uri":"https://www.courtlistener.com/api/rest/v4/dockets/69529045/?format=json","id":69529045,"court":"https://www.courtlistener.com/api/rest/v4/courts/flmd/?format=json","court_id":"flmd","original_court_info":null,"idb_data":null,"clusters":["https://www.courtlistener.com/api/rest/v4/clusters/10673556/?format=json"],"audio_files":[],"assigned_to":"https://www.courtlistener.com/api/rest/v4/people/8586/?format=json","referred_to":"https://www.courtlistener.com/api/rest/v4/people/9142/?

--- docket=66811331 call#5067 ---
URL: https://www.courtlistener.com/api/rest/v4/dockets/66811331/?format=json
Status: 200
Body: {"resource_uri":"https://www.courtlistener.com/api/rest/v4/dockets/66811331/?format=json","id":66811331,"court":"https://www.courtlistener.com/api/rest/v4/courts/txsd/?format=json","court_id":"txsd","original_court_info":null,"idb_data":null,"clusters":["https://www.courtlistener.com/api/rest/v4/clusters/10211345/?format=json"],"audio_files":[],"assigned_to":"https://www.courtlistener.com/api/rest/v4/people/2783/?format=json","referred_to":null,"bankruptcy_information":null,"absolute_url":"/dock

--- docket=17454679 call#5068 ---
URL: https://www.courtlistener.com/api/rest/v4/dockets/17454679/?format=json
Status: 200
Body: {"resource_uri":"https://www.courtlistener.com/api/rest/v4/dockets/17454679/?format=json","id":17454679,"court":"https://www.courtlistener.com/api/rest/v4/courts/nysd/?format=json","court_id":"nysd","original_court_info":null,"idb_data":null,"clusters":["https://www.courtlistener.com/api/rest/v4/clusters/9859926/?format=json"],"audio_files":[],"assigned_to":"https://www.courtlistener.com/api/rest/v4/people/2174/?format=json","referred_to":null,"bankruptcy_information":null,"absolute_url":"/docke

--- docket=15648605 call#5069 ---
URL: https://www.courtlistener.com/api/rest/v4/dockets/15648605/?format=json
Status: 200
Body: {"resource_uri":"https://www.courtlistener.com/api/rest/v4/dockets/15648605/?format=json","id":15648605,"court":"https://www.courtlistener.com/api/rest/v4/courts/flsd/?format=json","court_id":"flsd","original_court_info":null,"idb_data":{"resource_uri":"https://www.courtlistener.com/api/rest/v4/fjc-integrated-database/25346464/?format=json","date_created":"2020-08-27T00:23:05.043008-07:00","date_modified":"2022-01-28T11:17:43.474583-08:00","dataset_source":9,"office":"9","docket_number":"1980633

--- docket=16667928 call#5070 ---
URL: https://www.courtlistener.com/api/rest/v4/dockets/16667928/?format=json
Status: 200
Body: {"resource_uri":"https://www.courtlistener.com/api/rest/v4/dockets/16667928/?format=json","id":16667928,"court":"https://www.courtlistener.com/api/rest/v4/courts/nysd/?format=json","court_id":"nysd","original_court_info":null,"idb_data":{"resource_uri":"https://www.courtlistener.com/api/rest/v4/fjc-integrated-database/25834289/?format=json","date_created":"2020-08-27T04:19:32.909980-07:00","date_modified":"2022-01-28T11:36:25.314568-08:00","dataset_source":9,"office":"1","docket_number":"2000163

--- docket=16732522 call#5071 ---
URL: https://www.courtlistener.com/api/rest/v4/dockets/16732522/?format=json
Status: 200
Body: {"resource_uri":"https://www.courtlistener.com/api/rest/v4/dockets/16732522/?format=json","id":16732522,"court":"https://www.courtlistener.com/api/rest/v4/courts/nyed/?format=json","court_id":"nyed","original_court_info":null,"idb_data":{"resource_uri":"https://www.courtlistener.com/api/rest/v4/fjc-integrated-database/25848717/?format=json","date_created":"2020-08-27T04:27:27.828819-07:00","date_modified":"2022-01-28T11:30:42.459934-08:00","dataset_source":9,"office":"1","docket_number":"2000327

--- docket=67363339 call#5072 ---
URL: https://www.courtlistener.com/api/rest/v4/dockets/67363339/?format=json
Status: 200
Body: {"resource_uri":"https://www.courtlistener.com/api/rest/v4/dockets/67363339/?format=json","id":67363339,"court":"https://www.courtlistener.com/api/rest/v4/courts/cand/?format=json","court_id":"cand","original_court_info":null,"idb_data":null,"clusters":["https://www.courtlistener.com/api/rest/v4/clusters/9611991/?format=json","https://www.courtlistener.com/api/rest/v4/clusters/9612137/?format=json"],"audio_files":[],"assigned_to":"https://www.courtlistener.com/api/rest/v4/people/1206/?format=jso

--- docket=59978117 call#5073 ---
URL: https://www.courtlistener.com/api/rest/v4/dockets/59978117/?format=json
Status: 200
Body: {"resource_uri":"https://www.courtlistener.com/api/rest/v4/dockets/59978117/?format=json","id":59978117,"court":"https://www.courtlistener.com/api/rest/v4/courts/cod/?format=json","court_id":"cod","original_court_info":null,"idb_data":null,"clusters":["https://www.courtlistener.com/api/rest/v4/clusters/9627128/?format=json","https://www.courtlistener.com/api/rest/v4/clusters/9628229/?format=json","https://www.courtlistener.com/api/rest/v4/clusters/9628175/?format=json","https://www.courtlistener

--- docket=67499262 call#5074 ---
URL: https://www.courtlistener.com/api/rest/v4/dockets/67499262/?format=json
Status: 200
Body: {"resource_uri":"https://www.courtlistener.com/api/rest/v4/dockets/67499262/?format=json","id":67499262,"court":"https://www.courtlistener.com/api/rest/v4/courts/cacd/?format=json","court_id":"cacd","original_court_info":null,"idb_data":null,"clusters":["https://www.courtlistener.com/api/rest/v4/clusters/10304773/?format=json"],"audio_files":[],"assigned_to":null,"referred_to":null,"bankruptcy_information":null,"absolute_url":"/docket/67499262/taylor-thomson-v-persistence-technologies-bvi-pte-lt

--- docket=68229741 call#5075 ---
URL: https://www.courtlistener.com/api/rest/v4/dockets/68229741/?format=json
Status: 200
Body: {"resource_uri":"https://www.courtlistener.com/api/rest/v4/dockets/68229741/?format=json","id":68229741,"court":"https://www.courtlistener.com/api/rest/v4/courts/cand/?format=json","court_id":"cand","original_court_info":null,"idb_data":null,"clusters":["https://www.courtlistener.com/api/rest/v4/clusters/10649360/?format=json","https://www.courtlistener.com/api/rest/v4/clusters/9612403/?format=json","https://www.courtlistener.com/api/rest/v4/clusters/10597883/?format=json","https://www.courtlist

--- docket=18737804 call#5076 ---
URL: https://www.courtlistener.com/api/rest/v4/dockets/18737804/?format=json
Status: 200
Body: {"resource_uri":"https://www.courtlistener.com/api/rest/v4/dockets/18737804/?format=json","id":18737804,"court":"https://www.courtlistener.com/api/rest/v4/courts/nyed/?format=json","court_id":"nyed","original_court_info":null,"idb_data":null,"clusters":["https://www.courtlistener.com/api/rest/v4/clusters/9844133/?format=json","https://www.courtlistener.com/api/rest/v4/clusters/10741225/?format=json"],"audio_files":[],"assigned_to":"https://www.courtlistener.com/api/rest/v4/people/664/?format=jso

--- docket=60188416 call#5077 ---
URL: https://www.courtlistener.com/api/rest/v4/dockets/60188416/?format=json
Status: 200
Body: {"resource_uri":"https://www.courtlistener.com/api/rest/v4/dockets/60188416/?format=json","id":60188416,"court":"https://www.courtlistener.com/api/rest/v4/courts/mied/?format=json","court_id":"mied","original_court_info":null,"idb_data":null,"clusters":["https://www.courtlistener.com/api/rest/v4/clusters/9752830/?format=json"],"audio_files":[],"assigned_to":"https://www.courtlistener.com/api/rest/v4/people/1904/?format=json","referred_to":"https://www.courtlistener.com/api/rest/v4/people/14476/?

--- docket=18428408 call#5078 ---
URL: https://www.courtlistener.com/api/rest/v4/dockets/18428408/?format=json
Status: 200
Body: {"resource_uri":"https://www.courtlistener.com/api/rest/v4/dockets/18428408/?format=json","id":18428408,"court":"https://www.courtlistener.com/api/rest/v4/courts/nysd/?format=json","court_id":"nysd","original_court_info":null,"idb_data":null,"clusters":["https://www.courtlistener.com/api/rest/v4/clusters/9878721/?format=json"],"audio_files":[],"assigned_to":"https://www.courtlistener.com/api/rest/v4/people/14461/?format=json","referred_to":null,"bankruptcy_information":null,"absolute_url":"/dock

--- docket=59767169 call#5079 ---
URL: https://www.courtlistener.com/api/rest/v4/dockets/59767169/?format=json
Status: 200
Body: {"resource_uri":"https://www.courtlistener.com/api/rest/v4/dockets/59767169/?format=json","id":59767169,"court":"https://www.courtlistener.com/api/rest/v4/courts/ilnd/?format=json","court_id":"ilnd","original_court_info":null,"idb_data":null,"clusters":["https://www.courtlistener.com/api/rest/v4/clusters/9677883/?format=json"],"audio_files":[],"assigned_to":"https://www.courtlistener.com/api/rest/v4/people/987/?format=json","referred_to":null,"bankruptcy_information":null,"absolute_url":"/docket

--- docket=8149915 call#5080 ---
URL: https://www.courtlistener.com/api/rest/v4/dockets/8149915/?format=json
Status: 200
Body: {"resource_uri":"https://www.courtlistener.com/api/rest/v4/dockets/8149915/?format=json","id":8149915,"court":"https://www.courtlistener.com/api/rest/v4/courts/nysd/?format=json","court_id":"nysd","original_court_info":null,"idb_data":{"resource_uri":"https://www.courtlistener.com/api/rest/v4/fjc-integrated-database/25843130/?format=json","date_created":"2020-08-27T04:22:50.435946-07:00","date_modified":"2022-01-28T11:35:13.485452-08:00","dataset_source":9,"office":"1","docket_number":"1810356",

--- docket=17354187 call#5081 ---
URL: https://www.courtlistener.com/api/rest/v4/dockets/17354187/?format=json
Status: 200
Body: {"resource_uri":"https://www.courtlistener.com/api/rest/v4/dockets/17354187/?format=json","id":17354187,"court":"https://www.courtlistener.com/api/rest/v4/courts/idd/?format=json","court_id":"idd","original_court_info":null,"idb_data":null,"clusters":["https://www.courtlistener.com/api/rest/v4/clusters/9667272/?format=json","https://www.courtlistener.com/api/rest/v4/clusters/9667389/?format=json","https://www.courtlistener.com/api/rest/v4/clusters/9667460/?format=json","https://www.courtlistener

--- docket=69405736 call#5082 ---
URL: https://www.courtlistener.com/api/rest/v4/dockets/69405736/?format=json
Status: 200
Body: {"resource_uri":"https://www.courtlistener.com/api/rest/v4/dockets/69405736/?format=json","id":69405736,"court":"https://www.courtlistener.com/api/rest/v4/courts/nvd/?format=json","court_id":"nvd","original_court_info":null,"idb_data":null,"clusters":["https://www.courtlistener.com/api/rest/v4/clusters/10337958/?format=json"],"audio_files":[],"assigned_to":"https://www.courtlistener.com/api/rest/v4/people/2017/?format=json","referred_to":null,"bankruptcy_information":null,"absolute_url":"/docket

--- docket=18459617 call#5083 ---
URL: https://www.courtlistener.com/api/rest/v4/dockets/18459617/?format=json
Status: 200
Body: {"resource_uri":"https://www.courtlistener.com/api/rest/v4/dockets/18459617/?format=json","id":18459617,"court":"https://www.courtlistener.com/api/rest/v4/courts/casd/?format=json","court_id":"casd","original_court_info":null,"idb_data":null,"clusters":["https://www.courtlistener.com/api/rest/v4/clusters/10173875/?format=json","https://www.courtlistener.com/api/rest/v4/clusters/10294019/?format=json","https://www.courtlistener.com/api/rest/v4/clusters/10294074/?format=json","https://www.courtlis

--- docket=59969800 call#5084 ---
URL: https://www.courtlistener.com/api/rest/v4/dockets/59969800/?format=json
Status: 200
Body: {"resource_uri":"https://www.courtlistener.com/api/rest/v4/dockets/59969800/?format=json","id":59969800,"court":"https://www.courtlistener.com/api/rest/v4/courts/ilcd/?format=json","court_id":"ilcd","original_court_info":null,"idb_data":null,"clusters":["https://www.courtlistener.com/api/rest/v4/clusters/9670100/?format=json"],"audio_files":[],"assigned_to":"https://www.courtlistener.com/api/rest/v4/people/798/?format=json","referred_to":"https://www.courtlistener.com/api/rest/v4/people/9220/?fo

--- docket=59694812 call#5085 ---
URL: https://www.courtlistener.com/api/rest/v4/dockets/59694812/?format=json
Status: 200
Body: {"resource_uri":"https://www.courtlistener.com/api/rest/v4/dockets/59694812/?format=json","id":59694812,"court":"https://www.courtlistener.com/api/rest/v4/courts/nysd/?format=json","court_id":"nysd","original_court_info":null,"idb_data":null,"clusters":["https://www.courtlistener.com/api/rest/v4/clusters/9869841/?format=json","https://www.courtlistener.com/api/rest/v4/clusters/9873121/?format=json","https://www.courtlistener.com/api/rest/v4/clusters/9878715/?format=json"],"audio_files":[],"assig

--- docket=16045070 call#5086 ---
URL: https://www.courtlistener.com/api/rest/v4/dockets/16045070/?format=json
Status: 200
Body: {"resource_uri":"https://www.courtlistener.com/api/rest/v4/dockets/16045070/?format=json","id":16045070,"court":"https://www.courtlistener.com/api/rest/v4/courts/ded/?format=json","court_id":"ded","original_court_info":null,"idb_data":{"resource_uri":"https://www.courtlistener.com/api/rest/v4/fjc-integrated-database/25822507/?format=json","date_created":"2020-08-27T04:13:03.951502-07:00","date_modified":"2022-01-28T11:43:55.935414-08:00","dataset_source":9,"office":"1","docket_number":"1901506",

--- docket=18745528 call#5087 ---
URL: https://www.courtlistener.com/api/rest/v4/dockets/18745528/?format=json
Status: 200
Body: {"resource_uri":"https://www.courtlistener.com/api/rest/v4/dockets/18745528/?format=json","id":18745528,"court":"https://www.courtlistener.com/api/rest/v4/courts/tnmd/?format=json","court_id":"tnmd","original_court_info":null,"idb_data":null,"clusters":["https://www.courtlistener.com/api/rest/v4/clusters/9971618/?format=json","https://www.courtlistener.com/api/rest/v4/clusters/9971244/?format=json"],"audio_files":[],"assigned_to":"https://www.courtlistener.com/api/rest/v4/people/8567/?format=jso

--- docket=18729757 call#5088 ---
URL: https://www.courtlistener.com/api/rest/v4/dockets/18729757/?format=json
Status: 200
Body: {"resource_uri":"https://www.courtlistener.com/api/rest/v4/dockets/18729757/?format=json","id":18729757,"court":"https://www.courtlistener.com/api/rest/v4/courts/cand/?format=json","court_id":"cand","original_court_info":null,"idb_data":null,"clusters":["https://www.courtlistener.com/api/rest/v4/clusters/9604372/?format=json"],"audio_files":[],"assigned_to":"https://www.courtlistener.com/api/rest/v4/people/2474/?format=json","referred_to":"https://www.courtlistener.com/api/rest/v4/people/9096/?f

--- docket=16816304 call#5089 ---
URL: https://www.courtlistener.com/api/rest/v4/dockets/16816304/?format=json
Status: 200
Body: {"resource_uri":"https://www.courtlistener.com/api/rest/v4/dockets/16816304/?format=json","id":16816304,"court":"https://www.courtlistener.com/api/rest/v4/courts/hid/?format=json","court_id":"hid","original_court_info":null,"idb_data":{"resource_uri":"https://www.courtlistener.com/api/rest/v4/fjc-integrated-database/25560554/?format=json","date_created":"2020-08-27T01:46:31.000768-07:00","date_modified":"2022-01-28T13:55:43.434481-08:00","dataset_source":9,"office":"1","docket_number":"2000052",

--- docket=18486507 call#5090 ---
URL: https://www.courtlistener.com/api/rest/v4/dockets/18486507/?format=json
Status: 200
Body: {"resource_uri":"https://www.courtlistener.com/api/rest/v4/dockets/18486507/?format=json","id":18486507,"court":"https://www.courtlistener.com/api/rest/v4/courts/mnd/?format=json","court_id":"mnd","original_court_info":null,"idb_data":null,"clusters":["https://www.courtlistener.com/api/rest/v4/clusters/9763045/?format=json"],"audio_files":[],"assigned_to":"https://www.courtlistener.com/api/rest/v4/people/8659/?format=json","referred_to":"https://www.courtlistener.com/api/rest/v4/people/9327/?for

--- docket=7758523 call#5091 ---
URL: https://www.courtlistener.com/api/rest/v4/dockets/7758523/?format=json
Status: 200
Body: {"resource_uri":"https://www.courtlistener.com/api/rest/v4/dockets/7758523/?format=json","id":7758523,"court":"https://www.courtlistener.com/api/rest/v4/courts/ded/?format=json","court_id":"ded","original_court_info":null,"idb_data":{"resource_uri":"https://www.courtlistener.com/api/rest/v4/fjc-integrated-database/24551056/?format=json","date_created":"2018-11-21T09:54:40.269976-08:00","date_modified":"2022-01-28T11:43:44.871964-08:00","dataset_source":9,"office":"1","docket_number":"1801330","o

--- docket=15943520 call#5092 ---
URL: https://www.courtlistener.com/api/rest/v4/dockets/15943520/?format=json
Status: 200
Body: {"resource_uri":"https://www.courtlistener.com/api/rest/v4/dockets/15943520/?format=json","id":15943520,"court":"https://www.courtlistener.com/api/rest/v4/courts/nvd/?format=json","court_id":"nvd","original_court_info":null,"idb_data":{"resource_uri":"https://www.courtlistener.com/api/rest/v4/fjc-integrated-database/25554946/?format=json","date_created":"2020-08-27T01:43:18.182361-07:00","date_modified":"2022-01-28T11:02:41.137910-08:00","dataset_source":9,"office":"3","docket_number":"1900410",

--- docket=67687629 call#5093 ---
URL: https://www.courtlistener.com/api/rest/v4/dockets/67687629/?format=json
Status: 200
Body: {"resource_uri":"https://www.courtlistener.com/api/rest/v4/dockets/67687629/?format=json","id":67687629,"court":"https://www.courtlistener.com/api/rest/v4/courts/ord/?format=json","court_id":"ord","original_court_info":null,"idb_data":null,"clusters":["https://www.courtlistener.com/api/rest/v4/clusters/9930179/?format=json"],"audio_files":[],"assigned_to":"https://www.courtlistener.com/api/rest/v4/people/2196/?format=json","referred_to":null,"bankruptcy_information":null,"absolute_url":"/docket/

--- docket=8093209 call#5094 ---
URL: https://www.courtlistener.com/api/rest/v4/dockets/8093209/?format=json
Status: 200
Body: {"resource_uri":"https://www.courtlistener.com/api/rest/v4/dockets/8093209/?format=json","id":8093209,"court":"https://www.courtlistener.com/api/rest/v4/courts/nysd/?format=json","court_id":"nysd","original_court_info":null,"idb_data":{"resource_uri":"https://www.courtlistener.com/api/rest/v4/fjc-integrated-database/25843296/?format=json","date_created":"2020-08-27T04:22:57.721198-07:00","date_modified":"2022-01-28T11:35:10.966737-08:00","dataset_source":9,"office":"1","docket_number":"1809927",

--- docket=8114043 call#5095 ---
URL: https://www.courtlistener.com/api/rest/v4/dockets/8114043/?format=json
Status: 200
Body: {"resource_uri":"https://www.courtlistener.com/api/rest/v4/dockets/8114043/?format=json","id":8114043,"court":"https://www.courtlistener.com/api/rest/v4/courts/ded/?format=json","court_id":"ded","original_court_info":null,"idb_data":{"resource_uri":"https://www.courtlistener.com/api/rest/v4/fjc-integrated-database/25966192/?format=json","date_created":"2020-08-27T06:26:20.698317-07:00","date_modified":"2022-01-28T08:16:48.558896-08:00","dataset_source":9,"office":"1","docket_number":"1801686","o

--- docket=60103431 call#5096 ---
URL: https://www.courtlistener.com/api/rest/v4/dockets/60103431/?format=json
Status: 200
Body: {"resource_uri":"https://www.courtlistener.com/api/rest/v4/dockets/60103431/?format=json","id":60103431,"court":"https://www.courtlistener.com/api/rest/v4/courts/cand/?format=json","court_id":"cand","original_court_info":null,"idb_data":null,"clusters":["https://www.courtlistener.com/api/rest/v4/clusters/9603321/?format=json"],"audio_files":[],"assigned_to":"https://www.courtlistener.com/api/rest/v4/people/1346/?format=json","referred_to":"https://www.courtlistener.com/api/rest/v4/people/9094/?f

--- docket=8439048 call#5097 ---
URL: https://www.courtlistener.com/api/rest/v4/dockets/8439048/?format=json
Status: 200
Body: {"resource_uri":"https://www.courtlistener.com/api/rest/v4/dockets/8439048/?format=json","id":8439048,"court":"https://www.courtlistener.com/api/rest/v4/courts/kywd/?format=json","court_id":"kywd","original_court_info":null,"idb_data":{"resource_uri":"https://www.courtlistener.com/api/rest/v4/fjc-integrated-database/25691481/?format=json","date_created":"2020-08-27T02:52:56.309829-07:00","date_modified":"2022-01-28T10:29:59.149020-08:00","dataset_source":9,"office":"1","docket_number":"1800180",

--- docket=67756236 call#5098 ---
URL: https://www.courtlistener.com/api/rest/v4/dockets/67756236/?format=json
Status: 200
Body: {"resource_uri":"https://www.courtlistener.com/api/rest/v4/dockets/67756236/?format=json","id":67756236,"court":"https://www.courtlistener.com/api/rest/v4/courts/njd/?format=json","court_id":"njd","original_court_info":null,"idb_data":null,"clusters":["https://www.courtlistener.com/api/rest/v4/clusters/9811269/?format=json"],"audio_files":[],"assigned_to":"https://www.courtlistener.com/api/rest/v4/people/9386/?format=json","referred_to":"https://www.courtlistener.com/api/rest/v4/people/9376/?for

--- docket=69786919 call#5099 ---
URL: https://www.courtlistener.com/api/rest/v4/dockets/69786919/?format=json
Status: 200
Body: {"resource_uri":"https://www.courtlistener.com/api/rest/v4/dockets/69786919/?format=json","id":69786919,"court":"https://www.courtlistener.com/api/rest/v4/courts/cand/?format=json","court_id":"cand","original_court_info":null,"idb_data":null,"clusters":["https://www.courtlistener.com/api/rest/v4/clusters/10384882/?format=json"],"audio_files":[],"assigned_to":"https://www.courtlistener.com/api/rest/v4/people/892/?format=json","referred_to":null,"bankruptcy_information":null,"absolute_url":"/docke

--- docket=67554875 call#5100 ---
URL: https://www.courtlistener.com/api/rest/v4/dockets/67554875/?format=json
Status: 200
Body: {"resource_uri":"https://www.courtlistener.com/api/rest/v4/dockets/67554875/?format=json","id":67554875,"court":"https://www.courtlistener.com/api/rest/v4/courts/cacd/?format=json","court_id":"cacd","original_court_info":null,"idb_data":null,"clusters":["https://www.courtlistener.com/api/rest/v4/clusters/9519028/?format=json"],"audio_files":[],"assigned_to":"https://www.courtlistener.com/api/rest/v4/people/282/?format=json","referred_to":"https://www.courtlistener.com/api/rest/v4/people/14427/?f

--- docket=18521672 call#5101 ---
URL: https://www.courtlistener.com/api/rest/v4/dockets/18521672/?format=json
Status: 200
Body: {"resource_uri":"https://www.courtlistener.com/api/rest/v4/dockets/18521672/?format=json","id":18521672,"court":"https://www.courtlistener.com/api/rest/v4/courts/nysd/?format=json","court_id":"nysd","original_court_info":null,"idb_data":null,"clusters":["https://www.courtlistener.com/api/rest/v4/clusters/9861927/?format=json"],"audio_files":[],"assigned_to":"https://www.courtlistener.com/api/rest/v4/people/14466/?format=json","referred_to":null,"bankruptcy_information":null,"absolute_url":"/dock

--- docket=69259183 call#5102 ---
URL: https://www.courtlistener.com/api/rest/v4/dockets/69259183/?format=json
Status: 200
Body: {"resource_uri":"https://www.courtlistener.com/api/rest/v4/dockets/69259183/?format=json","id":69259183,"court":"https://www.courtlistener.com/api/rest/v4/courts/nysd/?format=json","court_id":"nysd","original_court_info":null,"idb_data":null,"clusters":["https://www.courtlistener.com/api/rest/v4/clusters/10346682/?format=json"],"audio_files":[],"assigned_to":"https://www.courtlistener.com/api/rest/v4/people/733/?format=json","referred_to":null,"bankruptcy_information":null,"absolute_url":"/docke

--- docket=60636390 call#5103 ---
URL: https://www.courtlistener.com/api/rest/v4/dockets/60636390/?format=json
Status: 200
Body: {"resource_uri":"https://www.courtlistener.com/api/rest/v4/dockets/60636390/?format=json","id":60636390,"court":"https://www.courtlistener.com/api/rest/v4/courts/cand/?format=json","court_id":"cand","original_court_info":null,"idb_data":null,"clusters":["https://www.courtlistener.com/api/rest/v4/clusters/9606734/?format=json"],"audio_files":[],"assigned_to":"https://www.courtlistener.com/api/rest/v4/people/9091/?format=json","referred_to":null,"bankruptcy_information":null,"absolute_url":"/docke

--- docket=17030748 call#5104 ---
URL: https://www.courtlistener.com/api/rest/v4/dockets/17030748/?format=json
Status: 200
Body: {"resource_uri":"https://www.courtlistener.com/api/rest/v4/dockets/17030748/?format=json","id":17030748,"court":"https://www.courtlistener.com/api/rest/v4/courts/cand/?format=json","court_id":"cand","original_court_info":null,"idb_data":{"resource_uri":"https://www.courtlistener.com/api/rest/v4/fjc-integrated-database/25590676/?format=json","date_created":"2020-08-27T02:00:23.432273-07:00","date_modified":"2022-01-28T13:43:16.148640-08:00","dataset_source":9,"office":"5","docket_number":"2002182

--- docket=6894743 call#5105 ---
URL: https://www.courtlistener.com/api/rest/v4/dockets/6894743/?format=json
Status: 200
Body: {"resource_uri":"https://www.courtlistener.com/api/rest/v4/dockets/6894743/?format=json","id":6894743,"court":"https://www.courtlistener.com/api/rest/v4/courts/nysd/?format=json","court_id":"nysd","original_court_info":null,"idb_data":{"resource_uri":"https://www.courtlistener.com/api/rest/v4/fjc-integrated-database/24523085/?format=json","date_created":"2018-11-21T09:52:03.224711-08:00","date_modified":"2022-01-28T09:54:58.068740-08:00","dataset_source":9,"office":"1","docket_number":"1701944",

--- docket=29114166 call#5106 ---
URL: https://www.courtlistener.com/api/rest/v4/dockets/29114166/?format=json
Status: 200
Body: {"resource_uri":"https://www.courtlistener.com/api/rest/v4/dockets/29114166/?format=json","id":29114166,"court":"https://www.courtlistener.com/api/rest/v4/courts/nysd/?format=json","court_id":"nysd","original_court_info":null,"idb_data":null,"clusters":["https://www.courtlistener.com/api/rest/v4/clusters/9873310/?format=json"],"audio_files":[],"assigned_to":"https://www.courtlistener.com/api/rest/v4/people/567/?format=json","referred_to":null,"bankruptcy_information":null,"absolute_url":"/docket

--- docket=60331502 call#5107 ---
URL: https://www.courtlistener.com/api/rest/v4/dockets/60331502/?format=json
Status: 200
Body: {"resource_uri":"https://www.courtlistener.com/api/rest/v4/dockets/60331502/?format=json","id":60331502,"court":"https://www.courtlistener.com/api/rest/v4/courts/azd/?format=json","court_id":"azd","original_court_info":null,"idb_data":null,"clusters":["https://www.courtlistener.com/api/rest/v4/clusters/10166671/?format=json","https://www.courtlistener.com/api/rest/v4/clusters/9534118/?format=json","https://www.courtlistener.com/api/rest/v4/clusters/9534125/?format=json","https://www.courtlistene

--- docket=60052599 call#5108 ---
URL: https://www.courtlistener.com/api/rest/v4/dockets/60052599/?format=json
Status: 200
Body: {"resource_uri":"https://www.courtlistener.com/api/rest/v4/dockets/60052599/?format=json","id":60052599,"court":"https://www.courtlistener.com/api/rest/v4/courts/vaed/?format=json","court_id":"vaed","original_court_info":null,"idb_data":null,"clusters":["https://www.courtlistener.com/api/rest/v4/clusters/10223506/?format=json"],"audio_files":[],"assigned_to":"https://www.courtlistener.com/api/rest/v4/people/9622/?format=json","referred_to":null,"bankruptcy_information":null,"absolute_url":"/dock

--- docket=13566517 call#5109 ---
URL: https://www.courtlistener.com/api/rest/v4/dockets/13566517/?format=json
Status: 200
Body: {"resource_uri":"https://www.courtlistener.com/api/rest/v4/dockets/13566517/?format=json","id":13566517,"court":"https://www.courtlistener.com/api/rest/v4/courts/utd/?format=json","court_id":"utd","original_court_info":null,"idb_data":{"resource_uri":"https://www.courtlistener.com/api/rest/v4/fjc-integrated-database/25055391/?format=json","date_created":"2018-11-21T10:45:40.989718-08:00","date_modified":"2022-01-28T14:07:59.239323-08:00","dataset_source":9,"office":"2","docket_number":"1600511",

--- docket=65677282 call#5110 ---
URL: https://www.courtlistener.com/api/rest/v4/dockets/65677282/?format=json
Status: 200
Body: {"resource_uri":"https://www.courtlistener.com/api/rest/v4/dockets/65677282/?format=json","id":65677282,"court":"https://www.courtlistener.com/api/rest/v4/courts/mdd/?format=json","court_id":"mdd","original_court_info":null,"idb_data":null,"clusters":["https://www.courtlistener.com/api/rest/v4/clusters/9741228/?format=json"],"audio_files":[],"assigned_to":"https://www.courtlistener.com/api/rest/v4/people/8655/?format=json","referred_to":null,"bankruptcy_information":null,"absolute_url":"/docket/

--- docket=15421585 call#5111 ---
URL: https://www.courtlistener.com/api/rest/v4/dockets/15421585/?format=json
Status: 200
Body: {"resource_uri":"https://www.courtlistener.com/api/rest/v4/dockets/15421585/?format=json","id":15421585,"court":"https://www.courtlistener.com/api/rest/v4/courts/ded/?format=json","court_id":"ded","original_court_info":null,"idb_data":{"resource_uri":"https://www.courtlistener.com/api/rest/v4/fjc-integrated-database/25822967/?format=json","date_created":"2020-08-27T04:13:22.608128-07:00","date_modified":"2022-01-28T09:59:40.500920-08:00","dataset_source":9,"office":"1","docket_number":"1900889",

--- docket=15765229 call#5112 ---
URL: https://www.courtlistener.com/api/rest/v4/dockets/15765229/?format=json
Status: 200
Body: {"resource_uri":"https://www.courtlistener.com/api/rest/v4/dockets/15765229/?format=json","id":15765229,"court":"https://www.courtlistener.com/api/rest/v4/courts/casd/?format=json","court_id":"casd","original_court_info":null,"idb_data":{"resource_uri":"https://www.courtlistener.com/api/rest/v4/fjc-integrated-database/25563793/?format=json","date_created":"2020-08-27T01:47:43.386347-07:00","date_modified":"2022-01-28T10:59:58.133568-08:00","dataset_source":9,"office":"3","docket_number":"1901094

--- docket=60013996 call#5113 ---
URL: https://www.courtlistener.com/api/rest/v4/dockets/60013996/?format=json
Status: 200
Body: {"resource_uri":"https://www.courtlistener.com/api/rest/v4/dockets/60013996/?format=json","id":60013996,"court":"https://www.courtlistener.com/api/rest/v4/courts/ded/?format=json","court_id":"ded","original_court_info":null,"idb_data":null,"clusters":["https://www.courtlistener.com/api/rest/v4/clusters/9635531/?format=json"],"audio_files":[],"assigned_to":"https://www.courtlistener.com/api/rest/v4/people/113/?format=json","referred_to":null,"bankruptcy_information":null,"absolute_url":"/docket/6

--- docket=17023169 call#5114 ---
URL: https://www.courtlistener.com/api/rest/v4/dockets/17023169/?format=json
Status: 200
Body: {"resource_uri":"https://www.courtlistener.com/api/rest/v4/dockets/17023169/?format=json","id":17023169,"court":"https://www.courtlistener.com/api/rest/v4/courts/idd/?format=json","court_id":"idd","original_court_info":null,"idb_data":{"resource_uri":"https://www.courtlistener.com/api/rest/v4/fjc-integrated-database/25559670/?format=json","date_created":"2020-08-27T01:46:06.920616-07:00","date_modified":"2022-01-28T13:56:11.851986-08:00","dataset_source":9,"office":"2","docket_number":"2000157",

--- docket=64903955 call#5115 ---
URL: https://www.courtlistener.com/api/rest/v4/dockets/64903955/?format=json
Status: 200
Body: {"resource_uri":"https://www.courtlistener.com/api/rest/v4/dockets/64903955/?format=json","id":64903955,"court":"https://www.courtlistener.com/api/rest/v4/courts/ksd/?format=json","court_id":"ksd","original_court_info":null,"idb_data":null,"clusters":["https://www.courtlistener.com/api/rest/v4/clusters/9710018/?format=json"],"audio_files":[],"assigned_to":"https://www.courtlistener.com/api/rest/v4/people/8641/?format=json","referred_to":null,"bankruptcy_information":null,"absolute_url":"/docket/

--- docket=7890091 call#5116 ---
URL: https://www.courtlistener.com/api/rest/v4/dockets/7890091/?format=json
Status: 200
Body: {"resource_uri":"https://www.courtlistener.com/api/rest/v4/dockets/7890091/?format=json","id":7890091,"court":"https://www.courtlistener.com/api/rest/v4/courts/nysd/?format=json","court_id":"nysd","original_court_info":null,"idb_data":{"resource_uri":"https://www.courtlistener.com/api/rest/v4/fjc-integrated-database/24536871/?format=json","date_created":"2018-11-21T09:53:21.054162-08:00","date_modified":"2022-01-28T09:55:23.369736-08:00","dataset_source":9,"office":"1","docket_number":"1808460",

--- docket=16087893 call#5117 ---
URL: https://www.courtlistener.com/api/rest/v4/dockets/16087893/?format=json
Status: 200
Body: {"resource_uri":"https://www.courtlistener.com/api/rest/v4/dockets/16087893/?format=json","id":16087893,"court":"https://www.courtlistener.com/api/rest/v4/courts/nysd/?format=json","court_id":"nysd","original_court_info":null,"idb_data":{"resource_uri":"https://www.courtlistener.com/api/rest/v4/fjc-integrated-database/25838068/?format=json","date_created":"2020-08-27T04:20:45.681418-07:00","date_modified":"2022-01-28T11:35:58.644473-08:00","dataset_source":9,"office":"1","docket_number":"1907816

--- docket=16637633 call#5118 ---
URL: https://www.courtlistener.com/api/rest/v4/dockets/16637633/?format=json
Status: 200
Body: {"resource_uri":"https://www.courtlistener.com/api/rest/v4/dockets/16637633/?format=json","id":16637633,"court":"https://www.courtlistener.com/api/rest/v4/courts/ohsd/?format=json","court_id":"ohsd","original_court_info":null,"idb_data":{"resource_uri":"https://www.courtlistener.com/api/rest/v4/fjc-integrated-database/25665675/?format=json","date_created":"2020-08-27T02:40:56.773088-07:00","date_modified":"2022-01-28T13:08:51.374604-08:00","dataset_source":9,"office":"3","docket_number":"1900405

--- docket=68120105 call#5119 ---
URL: https://www.courtlistener.com/api/rest/v4/dockets/68120105/?format=json
Status: 200
Body: {"resource_uri":"https://www.courtlistener.com/api/rest/v4/dockets/68120105/?format=json","id":68120105,"court":"https://www.courtlistener.com/api/rest/v4/courts/nysd/?format=json","court_id":"nysd","original_court_info":null,"idb_data":null,"clusters":["https://www.courtlistener.com/api/rest/v4/clusters/9892433/?format=json"],"audio_files":[],"assigned_to":"https://www.courtlistener.com/api/rest/v4/people/3243/?format=json","referred_to":null,"bankruptcy_information":null,"absolute_url":"/docke

--- docket=68025734 call#5120 ---
URL: https://www.courtlistener.com/api/rest/v4/dockets/68025734/?format=json
Status: 200
Body: {"resource_uri":"https://www.courtlistener.com/api/rest/v4/dockets/68025734/?format=json","id":68025734,"court":"https://www.courtlistener.com/api/rest/v4/courts/wiwd/?format=json","court_id":"wiwd","original_court_info":null,"idb_data":null,"clusters":["https://www.courtlistener.com/api/rest/v4/clusters/10257538/?format=json"],"audio_files":[],"assigned_to":"https://www.courtlistener.com/api/rest/v4/people/696/?format=json","referred_to":"https://www.courtlistener.com/api/rest/v4/people/9645/?f

--- docket=68838672 call#5121 ---
URL: https://www.courtlistener.com/api/rest/v4/dockets/68838672/?format=json
Status: 200
Body: {"resource_uri":"https://www.courtlistener.com/api/rest/v4/dockets/68838672/?format=json","id":68838672,"court":"https://www.courtlistener.com/api/rest/v4/courts/ohnd/?format=json","court_id":"ohnd","original_court_info":null,"idb_data":null,"clusters":["https://www.courtlistener.com/api/rest/v4/clusters/10668750/?format=json"],"audio_files":[],"assigned_to":"https://www.courtlistener.com/api/rest/v4/people/9469/?format=json","referred_to":null,"bankruptcy_information":null,"absolute_url":"/dock

--- docket=67865707 call#5122 ---
URL: https://www.courtlistener.com/api/rest/v4/dockets/67865707/?format=json
Status: 200
Body: {"resource_uri":"https://www.courtlistener.com/api/rest/v4/dockets/67865707/?format=json","id":67865707,"court":"https://www.courtlistener.com/api/rest/v4/courts/nced/?format=json","court_id":"nced","original_court_info":null,"idb_data":null,"clusters":["https://www.courtlistener.com/api/rest/v4/clusters/9786501/?format=json","https://www.courtlistener.com/api/rest/v4/clusters/10320209/?format=json"],"audio_files":[],"assigned_to":"https://www.courtlistener.com/api/rest/v4/people/861/?format=jso

--- docket=63260763 call#5123 ---
URL: https://www.courtlistener.com/api/rest/v4/dockets/63260763/?format=json
Status: 200
Body: {"resource_uri":"https://www.courtlistener.com/api/rest/v4/dockets/63260763/?format=json","id":63260763,"court":"https://www.courtlistener.com/api/rest/v4/courts/casd/?format=json","court_id":"casd","original_court_info":null,"idb_data":null,"clusters":["https://www.courtlistener.com/api/rest/v4/clusters/9619666/?format=json"],"audio_files":[],"assigned_to":"https://www.courtlistener.com/api/rest/v4/people/772/?format=json","referred_to":null,"bankruptcy_information":null,"absolute_url":"/docket

--- docket=63321228 call#5124 ---
URL: https://www.courtlistener.com/api/rest/v4/dockets/63321228/?format=json
Status: 200
Body: {"resource_uri":"https://www.courtlistener.com/api/rest/v4/dockets/63321228/?format=json","id":63321228,"court":"https://www.courtlistener.com/api/rest/v4/courts/ilnd/?format=json","court_id":"ilnd","original_court_info":null,"idb_data":null,"clusters":["https://www.courtlistener.com/api/rest/v4/clusters/10178753/?format=json"],"audio_files":[],"assigned_to":"https://www.courtlistener.com/api/rest/v4/people/10140/?format=json","referred_to":null,"bankruptcy_information":null,"absolute_url":"/doc

--- docket=8433398 call#5125 ---
URL: https://www.courtlistener.com/api/rest/v4/dockets/8433398/?format=json
Status: 200
Body: {"resource_uri":"https://www.courtlistener.com/api/rest/v4/dockets/8433398/?format=json","id":8433398,"court":"https://www.courtlistener.com/api/rest/v4/courts/mssd/?format=json","court_id":"mssd","original_court_info":null,"idb_data":{"resource_uri":"https://www.courtlistener.com/api/rest/v4/fjc-integrated-database/25721359/?format=json","date_created":"2020-08-27T03:09:03.327777-07:00","date_modified":"2022-01-28T12:40:49.630193-08:00","dataset_source":9,"office":"3","docket_number":"1800866",

--- docket=63048751 call#5126 ---
URL: https://www.courtlistener.com/api/rest/v4/dockets/63048751/?format=json
Status: 200
Body: {"resource_uri":"https://www.courtlistener.com/api/rest/v4/dockets/63048751/?format=json","id":63048751,"court":"https://www.courtlistener.com/api/rest/v4/courts/casd/?format=json","court_id":"casd","original_court_info":null,"idb_data":null,"clusters":["https://www.courtlistener.com/api/rest/v4/clusters/9619290/?format=json","https://www.courtlistener.com/api/rest/v4/clusters/10743884/?format=json"],"audio_files":[],"assigned_to":"https://www.courtlistener.com/api/rest/v4/people/1404/?format=js

--- docket=67266123 call#5127 ---
URL: https://www.courtlistener.com/api/rest/v4/dockets/67266123/?format=json
Status: 200
Body: {"resource_uri":"https://www.courtlistener.com/api/rest/v4/dockets/67266123/?format=json","id":67266123,"court":"https://www.courtlistener.com/api/rest/v4/courts/azd/?format=json","court_id":"azd","original_court_info":null,"idb_data":null,"clusters":["https://www.courtlistener.com/api/rest/v4/clusters/9536624/?format=json","https://www.courtlistener.com/api/rest/v4/clusters/10660425/?format=json","https://www.courtlistener.com/api/rest/v4/clusters/10347150/?format=json"],"audio_files":[],"assig

--- docket=60387293 call#5128 ---
URL: https://www.courtlistener.com/api/rest/v4/dockets/60387293/?format=json
Status: 200
Body: {"resource_uri":"https://www.courtlistener.com/api/rest/v4/dockets/60387293/?format=json","id":60387293,"court":"https://www.courtlistener.com/api/rest/v4/courts/mnd/?format=json","court_id":"mnd","original_court_info":null,"idb_data":null,"clusters":["https://www.courtlistener.com/api/rest/v4/clusters/9764409/?format=json","https://www.courtlistener.com/api/rest/v4/clusters/9764448/?format=json","https://www.courtlistener.com/api/rest/v4/clusters/9764600/?format=json"],"audio_files":[],"assigne

--- docket=6087749 call#5129 ---
URL: https://www.courtlistener.com/api/rest/v4/dockets/6087749/?format=json
Status: 200
Body: {"resource_uri":"https://www.courtlistener.com/api/rest/v4/dockets/6087749/?format=json","id":6087749,"court":"https://www.courtlistener.com/api/rest/v4/courts/paed/?format=json","court_id":"paed","original_court_info":null,"idb_data":{"resource_uri":"https://www.courtlistener.com/api/rest/v4/fjc-integrated-database/25960230/?format=json","date_created":"2020-08-27T06:21:01.547639-07:00","date_modified":"2022-01-28T08:21:28.545476-08:00","dataset_source":9,"office":"2","docket_number":"1702817",

--- docket=66608989 call#5130 ---
URL: https://www.courtlistener.com/api/rest/v4/dockets/66608989/?format=json
Status: 200
Body: {"resource_uri":"https://www.courtlistener.com/api/rest/v4/dockets/66608989/?format=json","id":66608989,"court":"https://www.courtlistener.com/api/rest/v4/courts/nvd/?format=json","court_id":"nvd","original_court_info":null,"idb_data":null,"clusters":["https://www.courtlistener.com/api/rest/v4/clusters/9834497/?format=json"],"audio_files":[],"assigned_to":"https://www.courtlistener.com/api/rest/v4/people/2375/?format=json","referred_to":"https://www.courtlistener.com/api/rest/v4/people/9412/?for

--- docket=16855632 call#5131 ---
URL: https://www.courtlistener.com/api/rest/v4/dockets/16855632/?format=json
Status: 200
Body: {"resource_uri":"https://www.courtlistener.com/api/rest/v4/dockets/16855632/?format=json","id":16855632,"court":"https://www.courtlistener.com/api/rest/v4/courts/flmd/?format=json","court_id":"flmd","original_court_info":null,"idb_data":{"resource_uri":"https://www.courtlistener.com/api/rest/v4/fjc-integrated-database/25357180/?format=json","date_created":"2020-08-27T00:27:16.974076-07:00","date_modified":"2022-01-28T15:40:40.475764-08:00","dataset_source":9,"office":"8","docket_number":"2000325

--- docket=17016535 call#5132 ---
URL: https://www.courtlistener.com/api/rest/v4/dockets/17016535/?format=json
Status: 200
Body: {"resource_uri":"https://www.courtlistener.com/api/rest/v4/dockets/17016535/?format=json","id":17016535,"court":"https://www.courtlistener.com/api/rest/v4/courts/ilnd/?format=json","court_id":"ilnd","original_court_info":null,"idb_data":{"resource_uri":"https://www.courtlistener.com/api/rest/v4/fjc-integrated-database/25650837/?format=json","date_created":"2020-08-27T02:31:50.446683-07:00","date_modified":"2022-01-28T13:14:56.540230-08:00","dataset_source":9,"office":"1","docket_number":"2001939

--- docket=68021612 call#5133 ---
URL: https://www.courtlistener.com/api/rest/v4/dockets/68021612/?format=json
Status: 200
Body: {"resource_uri":"https://www.courtlistener.com/api/rest/v4/dockets/68021612/?format=json","id":68021612,"court":"https://www.courtlistener.com/api/rest/v4/courts/flmd/?format=json","court_id":"flmd","original_court_info":null,"idb_data":null,"clusters":["https://www.courtlistener.com/api/rest/v4/clusters/9648317/?format=json"],"audio_files":[],"assigned_to":"https://www.courtlistener.com/api/rest/v4/people/14469/?format=json","referred_to":null,"bankruptcy_information":null,"absolute_url":"/dock

--- docket=67936997 call#5134 ---
URL: https://www.courtlistener.com/api/rest/v4/dockets/67936997/?format=json
Status: 200
Body: {"resource_uri":"https://www.courtlistener.com/api/rest/v4/dockets/67936997/?format=json","id":67936997,"court":"https://www.courtlistener.com/api/rest/v4/courts/nysd/?format=json","court_id":"nysd","original_court_info":null,"idb_data":null,"clusters":["https://www.courtlistener.com/api/rest/v4/clusters/9889652/?format=json","https://www.courtlistener.com/api/rest/v4/clusters/9889776/?format=json","https://www.courtlistener.com/api/rest/v4/clusters/10733938/?format=json"],"audio_files":[],"assi

--- docket=15670080 call#5135 ---
URL: https://www.courtlistener.com/api/rest/v4/dockets/15670080/?format=json
Status: 200
Body: {"resource_uri":"https://www.courtlistener.com/api/rest/v4/dockets/15670080/?format=json","id":15670080,"court":"https://www.courtlistener.com/api/rest/v4/courts/mssd/?format=json","court_id":"mssd","original_court_info":null,"idb_data":{"resource_uri":"https://www.courtlistener.com/api/rest/v4/fjc-integrated-database/25721107/?format=json","date_created":"2020-08-27T03:08:58.571737-07:00","date_modified":"2022-01-28T12:40:51.391312-08:00","dataset_source":9,"office":"3","docket_number":"1900364

--- docket=16871979 call#5136 ---
URL: https://www.courtlistener.com/api/rest/v4/dockets/16871979/?format=json
Status: 200
Body: {"resource_uri":"https://www.courtlistener.com/api/rest/v4/dockets/16871979/?format=json","id":16871979,"court":"https://www.courtlistener.com/api/rest/v4/courts/txnd/?format=json","court_id":"txnd","original_court_info":null,"idb_data":{"resource_uri":"https://www.courtlistener.com/api/rest/v4/fjc-integrated-database/25715998/?format=json","date_created":"2020-08-27T03:03:01.312202-07:00","date_modified":"2022-01-28T10:23:55.678592-08:00","dataset_source":9,"office":"3","docket_number":"2000408

--- docket=69781078 call#5137 ---
URL: https://www.courtlistener.com/api/rest/v4/dockets/69781078/?format=json
Status: 200
Body: {"resource_uri":"https://www.courtlistener.com/api/rest/v4/dockets/69781078/?format=json","id":69781078,"court":"https://www.courtlistener.com/api/rest/v4/courts/cacd/?format=json","court_id":"cacd","original_court_info":null,"idb_data":null,"clusters":["https://www.courtlistener.com/api/rest/v4/clusters/10672209/?format=json"],"audio_files":[],"assigned_to":"https://www.courtlistener.com/api/rest/v4/people/553/?format=json","referred_to":"https://www.courtlistener.com/api/rest/v4/people/9064/?f

--- docket=69205396 call#5138 ---
URL: https://www.courtlistener.com/api/rest/v4/dockets/69205396/?format=json
Status: 200
Body: {"resource_uri":"https://www.courtlistener.com/api/rest/v4/dockets/69205396/?format=json","id":69205396,"court":"https://www.courtlistener.com/api/rest/v4/courts/flsd/?format=json","court_id":"flsd","original_court_info":null,"idb_data":null,"clusters":["https://www.courtlistener.com/api/rest/v4/clusters/10659298/?format=json"],"audio_files":[],"assigned_to":null,"referred_to":"https://www.courtlistener.com/api/rest/v4/people/9179/?format=json","bankruptcy_information":null,"absolute_url":"/dock

--- docket=67843106 call#5139 ---
URL: https://www.courtlistener.com/api/rest/v4/dockets/67843106/?format=json
Status: 200
Body: {"resource_uri":"https://www.courtlistener.com/api/rest/v4/dockets/67843106/?format=json","id":67843106,"court":"https://www.courtlistener.com/api/rest/v4/courts/nysd/?format=json","court_id":"nysd","original_court_info":null,"idb_data":null,"clusters":["https://www.courtlistener.com/api/rest/v4/clusters/10195145/?format=json"],"audio_files":[],"assigned_to":"https://www.courtlistener.com/api/rest/v4/people/401/?format=json","referred_to":null,"bankruptcy_information":null,"absolute_url":"/docke

--- docket=68130704 call#5140 ---
URL: https://www.courtlistener.com/api/rest/v4/dockets/68130704/?format=json
Status: 200
Body: {"resource_uri":"https://www.courtlistener.com/api/rest/v4/dockets/68130704/?format=json","id":68130704,"court":"https://www.courtlistener.com/api/rest/v4/courts/flsd/?format=json","court_id":"flsd","original_court_info":null,"idb_data":null,"clusters":["https://www.courtlistener.com/api/rest/v4/clusters/9656770/?format=json"],"audio_files":[],"assigned_to":"https://www.courtlistener.com/api/rest/v4/people/9168/?format=json","referred_to":"https://www.courtlistener.com/api/rest/v4/people/9183/?f

--- docket=68489749 call#5141 ---
URL: https://www.courtlistener.com/api/rest/v4/dockets/68489749/?format=json
Status: 200
Body: {"resource_uri":"https://www.courtlistener.com/api/rest/v4/dockets/68489749/?format=json","id":68489749,"court":"https://www.courtlistener.com/api/rest/v4/courts/txed/?format=json","court_id":"txed","original_court_info":null,"idb_data":null,"clusters":["https://www.courtlistener.com/api/rest/v4/clusters/10681501/?format=json"],"audio_files":[],"assigned_to":"https://www.courtlistener.com/api/rest/v4/people/2093/?format=json","referred_to":null,"bankruptcy_information":null,"absolute_url":"/dock

--- docket=17350209 call#5142 ---
URL: https://www.courtlistener.com/api/rest/v4/dockets/17350209/?format=json
Status: 200
Body: {"resource_uri":"https://www.courtlistener.com/api/rest/v4/dockets/17350209/?format=json","id":17350209,"court":"https://www.courtlistener.com/api/rest/v4/courts/nysd/?format=json","court_id":"nysd","original_court_info":null,"idb_data":null,"clusters":["https://www.courtlistener.com/api/rest/v4/clusters/10768737/?format=json","https://www.courtlistener.com/api/rest/v4/clusters/10643306/?format=json"],"audio_files":[],"assigned_to":"https://www.courtlistener.com/api/rest/v4/people/1025/?format=j

--- docket=68071325 call#5143 ---
URL: https://www.courtlistener.com/api/rest/v4/dockets/68071325/?format=json
Status: 200
Body: {"resource_uri":"https://www.courtlistener.com/api/rest/v4/dockets/68071325/?format=json","id":68071325,"court":"https://www.courtlistener.com/api/rest/v4/courts/nysd/?format=json","court_id":"nysd","original_court_info":null,"idb_data":null,"clusters":["https://www.courtlistener.com/api/rest/v4/clusters/10649512/?format=json","https://www.courtlistener.com/api/rest/v4/clusters/9891602/?format=json","https://www.courtlistener.com/api/rest/v4/clusters/10647763/?format=json"],"audio_files":[],"ass

--- docket=68298577 call#5144 ---
URL: https://www.courtlistener.com/api/rest/v4/dockets/68298577/?format=json
Status: 200
Body: {"resource_uri":"https://www.courtlistener.com/api/rest/v4/dockets/68298577/?format=json","id":68298577,"court":"https://www.courtlistener.com/api/rest/v4/courts/hid/?format=json","court_id":"hid","original_court_info":null,"idb_data":null,"clusters":["https://www.courtlistener.com/api/rest/v4/clusters/10737745/?format=json"],"audio_files":[],"assigned_to":"https://www.courtlistener.com/api/rest/v4/people/3392/?format=json","referred_to":"https://www.courtlistener.com/api/rest/v4/people/9208/?fo

--- docket=68548793 call#5145 ---
URL: https://www.courtlistener.com/api/rest/v4/dockets/68548793/?format=json
Status: 200
Body: {"resource_uri":"https://www.courtlistener.com/api/rest/v4/dockets/68548793/?format=json","id":68548793,"court":"https://www.courtlistener.com/api/rest/v4/courts/txnd/?format=json","court_id":"txnd","original_court_info":null,"idb_data":null,"clusters":["https://www.courtlistener.com/api/rest/v4/clusters/10605714/?format=json"],"audio_files":[],"assigned_to":"https://www.courtlistener.com/api/rest/v4/people/1220/?format=json","referred_to":null,"bankruptcy_information":null,"absolute_url":"/dock

--- docket=68478356 call#5146 ---
URL: https://www.courtlistener.com/api/rest/v4/dockets/68478356/?format=json
Status: 200
Body: {"resource_uri":"https://www.courtlistener.com/api/rest/v4/dockets/68478356/?format=json","id":68478356,"court":"https://www.courtlistener.com/api/rest/v4/courts/njd/?format=json","court_id":"njd","original_court_info":null,"idb_data":null,"clusters":["https://www.courtlistener.com/api/rest/v4/clusters/10700596/?format=json"],"audio_files":[],"assigned_to":"https://www.courtlistener.com/api/rest/v4/people/459/?format=json","referred_to":"https://www.courtlistener.com/api/rest/v4/people/9379/?for

--- docket=5212674 call#5147 ---
URL: https://www.courtlistener.com/api/rest/v4/dockets/5212674/?format=json
Status: 200
Body: {"resource_uri":"https://www.courtlistener.com/api/rest/v4/dockets/5212674/?format=json","id":5212674,"court":"https://www.courtlistener.com/api/rest/v4/courts/mnd/?format=json","court_id":"mnd","original_court_info":null,"idb_data":{"resource_uri":"https://www.courtlistener.com/api/rest/v4/fjc-integrated-database/24369737/?format=json","date_created":"2018-11-21T09:37:10.499802-08:00","date_modified":"2022-01-28T05:55:08.109741-08:00","dataset_source":9,"office":"0","docket_number":"1501911","o

--- docket=16511605 call#5148 ---
URL: https://www.courtlistener.com/api/rest/v4/dockets/16511605/?format=json
Status: 200
Body: {"resource_uri":"https://www.courtlistener.com/api/rest/v4/dockets/16511605/?format=json","id":16511605,"court":"https://www.courtlistener.com/api/rest/v4/courts/scd/?format=json","court_id":"scd","original_court_info":null,"idb_data":{"resource_uri":"https://www.courtlistener.com/api/rest/v4/fjc-integrated-database/25755987/?format=json","date_created":"2020-08-27T03:39:40.443797-07:00","date_modified":"2022-01-28T12:20:42.807653-08:00","dataset_source":9,"office":"3","docket_number":"1903304",

--- docket=67527931 call#5149 ---
URL: https://www.courtlistener.com/api/rest/v4/dockets/67527931/?format=json
Status: 200
Body: {"resource_uri":"https://www.courtlistener.com/api/rest/v4/dockets/67527931/?format=json","id":67527931,"court":"https://www.courtlistener.com/api/rest/v4/courts/utd/?format=json","court_id":"utd","original_court_info":null,"idb_data":null,"clusters":["https://www.courtlistener.com/api/rest/v4/clusters/10729951/?format=json"],"audio_files":[],"assigned_to":null,"referred_to":"https://www.courtlistener.com/api/rest/v4/people/9610/?format=json","bankruptcy_information":null,"absolute_url":"/docket

--- docket=61640446 call#5150 ---
URL: https://www.courtlistener.com/api/rest/v4/dockets/61640446/?format=json
Status: 200
Body: {"resource_uri":"https://www.courtlistener.com/api/rest/v4/dockets/61640446/?format=json","id":61640446,"court":"https://www.courtlistener.com/api/rest/v4/courts/cand/?format=json","court_id":"cand","original_court_info":null,"idb_data":null,"clusters":["https://www.courtlistener.com/api/rest/v4/clusters/10172313/?format=json","https://www.courtlistener.com/api/rest/v4/clusters/9606133/?format=json","https://www.courtlistener.com/api/rest/v4/clusters/9611697/?format=json"],"audio_files":[],"assi

--- docket=4199551 call#5151 ---
URL: https://www.courtlistener.com/api/rest/v4/dockets/4199551/?format=json
Status: 200
Body: {"resource_uri":"https://www.courtlistener.com/api/rest/v4/dockets/4199551/?format=json","id":4199551,"court":"https://www.courtlistener.com/api/rest/v4/courts/ctd/?format=json","court_id":"ctd","original_court_info":null,"idb_data":{"resource_uri":"https://www.courtlistener.com/api/rest/v4/fjc-integrated-database/24491732/?format=json","date_created":"2018-11-21T09:49:01.440600-08:00","date_modified":"2022-01-28T06:32:31.776146-08:00","dataset_source":9,"office":"3","docket_number":"1500675","o

--- docket=69879573 call#5152 ---
URL: https://www.courtlistener.com/api/rest/v4/dockets/69879573/?format=json
Status: 200
Body: {"resource_uri":"https://www.courtlistener.com/api/rest/v4/dockets/69879573/?format=json","id":69879573,"court":"https://www.courtlistener.com/api/rest/v4/courts/flmd/?format=json","court_id":"flmd","original_court_info":null,"idb_data":null,"clusters":["https://www.courtlistener.com/api/rest/v4/clusters/10621461/?format=json"],"audio_files":[],"assigned_to":null,"referred_to":"https://www.courtlistener.com/api/rest/v4/people/9141/?format=json","bankruptcy_information":null,"absolute_url":"/dock

--- docket=67901543 call#5153 ---
URL: https://www.courtlistener.com/api/rest/v4/dockets/67901543/?format=json
Status: 200
Body: {"resource_uri":"https://www.courtlistener.com/api/rest/v4/dockets/67901543/?format=json","id":67901543,"court":"https://www.courtlistener.com/api/rest/v4/courts/ohnd/?format=json","court_id":"ohnd","original_court_info":null,"idb_data":null,"clusters":["https://www.courtlistener.com/api/rest/v4/clusters/10748515/?format=json"],"audio_files":[],"assigned_to":null,"referred_to":null,"bankruptcy_information":null,"absolute_url":"/docket/67901543/mosaic-financial-ltd-v-mutual-shareholder-services-l

--- docket=16002205 call#5154 ---
URL: https://www.courtlistener.com/api/rest/v4/dockets/16002205/?format=json
Status: 200
Body: {"resource_uri":"https://www.courtlistener.com/api/rest/v4/dockets/16002205/?format=json","id":16002205,"court":"https://www.courtlistener.com/api/rest/v4/courts/mad/?format=json","court_id":"mad","original_court_info":null,"idb_data":{"resource_uri":"https://www.courtlistener.com/api/rest/v4/fjc-integrated-database/25866110/?format=json","date_created":"2020-08-27T04:36:17.856663-07:00","date_modified":"2022-01-28T11:23:49.642882-08:00","dataset_source":9,"office":"1","docket_number":"1911655",

--- docket=70676031 call#5155 ---
URL: https://www.courtlistener.com/api/rest/v4/dockets/70676031/?format=json
Status: 200
Body: {"resource_uri":"https://www.courtlistener.com/api/rest/v4/dockets/70676031/?format=json","id":70676031,"court":"https://www.courtlistener.com/api/rest/v4/courts/casd/?format=json","court_id":"casd","original_court_info":null,"idb_data":null,"clusters":["https://www.courtlistener.com/api/rest/v4/clusters/10744475/?format=json"],"audio_files":[],"assigned_to":"https://www.courtlistener.com/api/rest/v4/people/2830/?format=json","referred_to":null,"bankruptcy_information":null,"absolute_url":"/dock

--- docket=69541107 call#5156 ---
URL: https://www.courtlistener.com/api/rest/v4/dockets/69541107/?format=json
Status: 200
Body: {"resource_uri":"https://www.courtlistener.com/api/rest/v4/dockets/69541107/?format=json","id":69541107,"court":"https://www.courtlistener.com/api/rest/v4/courts/nvd/?format=json","court_id":"nvd","original_court_info":null,"idb_data":null,"clusters":["https://www.courtlistener.com/api/rest/v4/clusters/10647721/?format=json"],"audio_files":[],"assigned_to":null,"referred_to":"https://www.courtlistener.com/api/rest/v4/people/9410/?format=json","bankruptcy_information":null,"absolute_url":"/docket

--- docket=60201503 call#5157 ---
URL: https://www.courtlistener.com/api/rest/v4/dockets/60201503/?format=json
Status: 200
Body: {"resource_uri":"https://www.courtlistener.com/api/rest/v4/dockets/60201503/?format=json","id":60201503,"court":"https://www.courtlistener.com/api/rest/v4/courts/cand/?format=json","court_id":"cand","original_court_info":null,"idb_data":null,"clusters":["https://www.courtlistener.com/api/rest/v4/clusters/10172493/?format=json","https://www.courtlistener.com/api/rest/v4/clusters/9603753/?format=json","https://www.courtlistener.com/api/rest/v4/clusters/9603927/?format=json","https://www.courtliste

--- docket=66911426 call#5158 ---
URL: https://www.courtlistener.com/api/rest/v4/dockets/66911426/?format=json
Status: 200
Body: {"resource_uri":"https://www.courtlistener.com/api/rest/v4/dockets/66911426/?format=json","id":66911426,"court":"https://www.courtlistener.com/api/rest/v4/courts/njd/?format=json","court_id":"njd","original_court_info":null,"idb_data":null,"clusters":["https://www.courtlistener.com/api/rest/v4/clusters/9811076/?format=json"],"audio_files":[],"assigned_to":"https://www.courtlistener.com/api/rest/v4/people/576/?format=json","referred_to":"https://www.courtlistener.com/api/rest/v4/people/9389/?form

--- docket=62645744 call#5159 ---
URL: https://www.courtlistener.com/api/rest/v4/dockets/62645744/?format=json
Status: 200
Body: {"resource_uri":"https://www.courtlistener.com/api/rest/v4/dockets/62645744/?format=json","id":62645744,"court":"https://www.courtlistener.com/api/rest/v4/courts/mied/?format=json","court_id":"mied","original_court_info":null,"idb_data":null,"clusters":["https://www.courtlistener.com/api/rest/v4/clusters/9756182/?format=json","https://www.courtlistener.com/api/rest/v4/clusters/9752307/?format=json","https://www.courtlistener.com/api/rest/v4/clusters/9754063/?format=json"],"audio_files":[],"assig

--- docket=60221107 call#5160 ---
URL: https://www.courtlistener.com/api/rest/v4/dockets/60221107/?format=json
Status: 200
Body: {"resource_uri":"https://www.courtlistener.com/api/rest/v4/dockets/60221107/?format=json","id":60221107,"court":"https://www.courtlistener.com/api/rest/v4/courts/nysd/?format=json","court_id":"nysd","original_court_info":null,"idb_data":null,"clusters":["https://www.courtlistener.com/api/rest/v4/clusters/9877410/?format=json"],"audio_files":[],"assigned_to":"https://www.courtlistener.com/api/rest/v4/people/1421/?format=json","referred_to":null,"bankruptcy_information":null,"absolute_url":"/docke

--- docket=16212724 call#5161 ---
URL: https://www.courtlistener.com/api/rest/v4/dockets/16212724/?format=json
Status: 200
Body: {"resource_uri":"https://www.courtlistener.com/api/rest/v4/dockets/16212724/?format=json","id":16212724,"court":"https://www.courtlistener.com/api/rest/v4/courts/cod/?format=json","court_id":"cod","original_court_info":null,"idb_data":{"resource_uri":"https://www.courtlistener.com/api/rest/v4/fjc-integrated-database/25543096/?format=json","date_created":"2020-08-27T01:38:07.539444-07:00","date_modified":"2022-01-28T14:03:13.329691-08:00","dataset_source":9,"office":"1","docket_number":"1902594",

--- docket=67675196 call#5162 ---
URL: https://www.courtlistener.com/api/rest/v4/dockets/67675196/?format=json
Status: 200
Body: {"resource_uri":"https://www.courtlistener.com/api/rest/v4/dockets/67675196/?format=json","id":67675196,"court":"https://www.courtlistener.com/api/rest/v4/courts/flmd/?format=json","court_id":"flmd","original_court_info":null,"idb_data":null,"clusters":["https://www.courtlistener.com/api/rest/v4/clusters/10598555/?format=json","https://www.courtlistener.com/api/rest/v4/clusters/10288165/?format=json"],"audio_files":[],"assigned_to":null,"referred_to":"https://www.courtlistener.com/api/rest/v4/pe

--- docket=67638514 call#5163 ---
URL: https://www.courtlistener.com/api/rest/v4/dockets/67638514/?format=json
Status: 200
Body: {"resource_uri":"https://www.courtlistener.com/api/rest/v4/dockets/67638514/?format=json","id":67638514,"court":"https://www.courtlistener.com/api/rest/v4/courts/njd/?format=json","court_id":"njd","original_court_info":null,"idb_data":null,"clusters":["https://www.courtlistener.com/api/rest/v4/clusters/10332323/?format=json","https://www.courtlistener.com/api/rest/v4/clusters/10741290/?format=json"],"audio_files":[],"assigned_to":"https://www.courtlistener.com/api/rest/v4/people/9386/?format=jso

--- docket=69311188 call#5164 ---
URL: https://www.courtlistener.com/api/rest/v4/dockets/69311188/?format=json
Status: 200
Body: {"resource_uri":"https://www.courtlistener.com/api/rest/v4/dockets/69311188/?format=json","id":69311188,"court":"https://www.courtlistener.com/api/rest/v4/courts/laed/?format=json","court_id":"laed","original_court_info":null,"idb_data":null,"clusters":["https://www.courtlistener.com/api/rest/v4/clusters/10336125/?format=json"],"audio_files":[],"assigned_to":"https://www.courtlistener.com/api/rest/v4/people/425/?format=json","referred_to":null,"bankruptcy_information":null,"absolute_url":"/docke

--- docket=69418424 call#5165 ---
URL: https://www.courtlistener.com/api/rest/v4/dockets/69418424/?format=json
Status: 200
Body: {"resource_uri":"https://www.courtlistener.com/api/rest/v4/dockets/69418424/?format=json","id":69418424,"court":"https://www.courtlistener.com/api/rest/v4/courts/mied/?format=json","court_id":"mied","original_court_info":null,"idb_data":null,"clusters":["https://www.courtlistener.com/api/rest/v4/clusters/10691905/?format=json"],"audio_files":[],"assigned_to":"https://www.courtlistener.com/api/rest/v4/people/1923/?format=json","referred_to":"https://www.courtlistener.com/api/rest/v4/people/9308/?

--- docket=60012602 call#5166 ---
URL: https://www.courtlistener.com/api/rest/v4/dockets/60012602/?format=json
Status: 200
Body: {"resource_uri":"https://www.courtlistener.com/api/rest/v4/dockets/60012602/?format=json","id":60012602,"court":"https://www.courtlistener.com/api/rest/v4/courts/njd/?format=json","court_id":"njd","original_court_info":null,"idb_data":null,"clusters":["https://www.courtlistener.com/api/rest/v4/clusters/9807700/?format=json","https://www.courtlistener.com/api/rest/v4/clusters/10310847/?format=json"],"audio_files":[],"assigned_to":null,"referred_to":null,"bankruptcy_information":null,"absolute_url

--- docket=6053868 call#5167 ---
URL: https://www.courtlistener.com/api/rest/v4/dockets/6053868/?format=json
Status: 200
Body: {"resource_uri":"https://www.courtlistener.com/api/rest/v4/dockets/6053868/?format=json","id":6053868,"court":"https://www.courtlistener.com/api/rest/v4/courts/nvd/?format=json","court_id":"nvd","original_court_info":null,"idb_data":{"resource_uri":"https://www.courtlistener.com/api/rest/v4/fjc-integrated-database/25023572/?format=json","date_created":"2018-11-21T10:42:43.683909-08:00","date_modified":"2022-01-28T07:45:31.776129-08:00","dataset_source":9,"office":"3","docket_number":"1600270","o

--- docket=63374092 call#5168 ---
URL: https://www.courtlistener.com/api/rest/v4/dockets/63374092/?format=json
Status: 200
Body: {"resource_uri":"https://www.courtlistener.com/api/rest/v4/dockets/63374092/?format=json","id":63374092,"court":"https://www.courtlistener.com/api/rest/v4/courts/nyed/?format=json","court_id":"nyed","original_court_info":null,"idb_data":null,"clusters":["https://www.courtlistener.com/api/rest/v4/clusters/10645088/?format=json"],"audio_files":[],"assigned_to":null,"referred_to":"https://www.courtlistener.com/api/rest/v4/people/9428/?format=json","bankruptcy_information":null,"absolute_url":"/dock

--- docket=67552203 call#5169 ---
URL: https://www.courtlistener.com/api/rest/v4/dockets/67552203/?format=json
Status: 200
Body: {"resource_uri":"https://www.courtlistener.com/api/rest/v4/dockets/67552203/?format=json","id":67552203,"court":"https://www.courtlistener.com/api/rest/v4/courts/cand/?format=json","court_id":"cand","original_court_info":null,"idb_data":null,"clusters":["https://www.courtlistener.com/api/rest/v4/clusters/10374968/?format=json","https://www.courtlistener.com/api/rest/v4/clusters/9611575/?format=json","https://www.courtlistener.com/api/rest/v4/clusters/10730208/?format=json","https://www.courtlist

--- docket=67927585 call#5170 ---
URL: https://www.courtlistener.com/api/rest/v4/dockets/67927585/?format=json
Status: 200
Body: {"resource_uri":"https://www.courtlistener.com/api/rest/v4/dockets/67927585/?format=json","id":67927585,"court":"https://www.courtlistener.com/api/rest/v4/courts/nysd/?format=json","court_id":"nysd","original_court_info":null,"idb_data":null,"clusters":["https://www.courtlistener.com/api/rest/v4/clusters/9894336/?format=json","https://www.courtlistener.com/api/rest/v4/clusters/9891086/?format=json","https://www.courtlistener.com/api/rest/v4/clusters/9892707/?format=json","https://www.courtlisten

--- docket=7090753 call#5171 ---
URL: https://www.courtlistener.com/api/rest/v4/dockets/7090753/?format=json
Status: 200
Body: {"resource_uri":"https://www.courtlistener.com/api/rest/v4/dockets/7090753/?format=json","id":7090753,"court":"https://www.courtlistener.com/api/rest/v4/courts/nysd/?format=json","court_id":"nysd","original_court_info":null,"idb_data":{"resource_uri":"https://www.courtlistener.com/api/rest/v4/fjc-integrated-database/24533873/?format=json","date_created":"2018-11-21T09:53:04.715121-08:00","date_modified":"2022-01-28T08:12:30.737824-08:00","dataset_source":9,"office":"1","docket_number":"1805104",

--- docket=65373174 call#5172 ---
URL: https://www.courtlistener.com/api/rest/v4/dockets/65373174/?format=json
Status: 200
Body: {"resource_uri":"https://www.courtlistener.com/api/rest/v4/dockets/65373174/?format=json","id":65373174,"court":"https://www.courtlistener.com/api/rest/v4/courts/nysd/?format=json","court_id":"nysd","original_court_info":null,"idb_data":null,"clusters":["https://www.courtlistener.com/api/rest/v4/clusters/9891264/?format=json"],"audio_files":[],"assigned_to":"https://www.courtlistener.com/api/rest/v4/people/532/?format=json","referred_to":null,"bankruptcy_information":null,"absolute_url":"/docket

--- docket=60110838 call#5173 ---
URL: https://www.courtlistener.com/api/rest/v4/dockets/60110838/?format=json
Status: 200
Body: {"resource_uri":"https://www.courtlistener.com/api/rest/v4/dockets/60110838/?format=json","id":60110838,"court":"https://www.courtlistener.com/api/rest/v4/courts/cand/?format=json","court_id":"cand","original_court_info":null,"idb_data":null,"clusters":["https://www.courtlistener.com/api/rest/v4/clusters/10295361/?format=json","https://www.courtlistener.com/api/rest/v4/clusters/10297523/?format=json","https://www.courtlistener.com/api/rest/v4/clusters/10171875/?format=json","https://www.courtlis

--- docket=68430040 call#5174 ---
URL: https://www.courtlistener.com/api/rest/v4/dockets/68430040/?format=json
Status: 200
Body: {"resource_uri":"https://www.courtlistener.com/api/rest/v4/dockets/68430040/?format=json","id":68430040,"court":"https://www.courtlistener.com/api/rest/v4/courts/cacd/?format=json","court_id":"cacd","original_court_info":null,"idb_data":null,"clusters":["https://www.courtlistener.com/api/rest/v4/clusters/10168563/?format=json"],"audio_files":[],"assigned_to":"https://www.courtlistener.com/api/rest/v4/people/13373/?format=json","referred_to":"https://www.courtlistener.com/api/rest/v4/people/9048/

--- docket=68427249 call#5175 ---
URL: https://www.courtlistener.com/api/rest/v4/dockets/68427249/?format=json
Status: 200
Body: {"resource_uri":"https://www.courtlistener.com/api/rest/v4/dockets/68427249/?format=json","id":68427249,"court":"https://www.courtlistener.com/api/rest/v4/courts/paed/?format=json","court_id":"paed","original_court_info":null,"idb_data":null,"clusters":["https://www.courtlistener.com/api/rest/v4/clusters/10644003/?format=json"],"audio_files":[],"assigned_to":null,"referred_to":null,"bankruptcy_information":null,"absolute_url":"/docket/68427249/patterson-v-ocugen-inc/","date_created":"2024-04-11T

--- docket=68440002 call#5176 ---
URL: https://www.courtlistener.com/api/rest/v4/dockets/68440002/?format=json
Status: 200
Body: {"resource_uri":"https://www.courtlistener.com/api/rest/v4/dockets/68440002/?format=json","id":68440002,"court":"https://www.courtlistener.com/api/rest/v4/courts/nysd/?format=json","court_id":"nysd","original_court_info":null,"idb_data":null,"clusters":["https://www.courtlistener.com/api/rest/v4/clusters/10619439/?format=json"],"audio_files":[],"assigned_to":"https://www.courtlistener.com/api/rest/v4/people/532/?format=json","referred_to":null,"bankruptcy_information":null,"absolute_url":"/docke

--- docket=8342479 call#5177 ---
URL: https://www.courtlistener.com/api/rest/v4/dockets/8342479/?format=json
Status: 200
Body: {"resource_uri":"https://www.courtlistener.com/api/rest/v4/dockets/8342479/?format=json","id":8342479,"court":"https://www.courtlistener.com/api/rest/v4/courts/flsd/?format=json","court_id":"flsd","original_court_info":null,"idb_data":{"resource_uri":"https://www.courtlistener.com/api/rest/v4/fjc-integrated-database/25097365/?format=json","date_created":"2018-11-21T10:49:37.176376-08:00","date_modified":"2022-01-28T11:16:00.638905-08:00","dataset_source":9,"office":"1","docket_number":"1823992",

--- docket=14545737 call#5178 ---
URL: https://www.courtlistener.com/api/rest/v4/dockets/14545737/?format=json
Status: 200
Body: {"resource_uri":"https://www.courtlistener.com/api/rest/v4/dockets/14545737/?format=json","id":14545737,"court":"https://www.courtlistener.com/api/rest/v4/courts/njd/?format=json","court_id":"njd","original_court_info":null,"idb_data":{"resource_uri":"https://www.courtlistener.com/api/rest/v4/fjc-integrated-database/25820263/?format=json","date_created":"2020-08-27T04:12:02.406001-07:00","date_modified":"2022-01-28T11:44:54.903818-08:00","dataset_source":9,"office":"1","docket_number":"1905296",

--- docket=65377378 call#5179 ---
URL: https://www.courtlistener.com/api/rest/v4/dockets/65377378/?format=json
Status: 200
Body: {"resource_uri":"https://www.courtlistener.com/api/rest/v4/dockets/65377378/?format=json","id":65377378,"court":"https://www.courtlistener.com/api/rest/v4/courts/nysd/?format=json","court_id":"nysd","original_court_info":null,"idb_data":null,"clusters":["https://www.courtlistener.com/api/rest/v4/clusters/9885439/?format=json"],"audio_files":[],"assigned_to":"https://www.courtlistener.com/api/rest/v4/people/2652/?format=json","referred_to":null,"bankruptcy_information":null,"absolute_url":"/docke

--- docket=69558488 call#5180 ---
URL: https://www.courtlistener.com/api/rest/v4/dockets/69558488/?format=json
Status: 200
Body: {"resource_uri":"https://www.courtlistener.com/api/rest/v4/dockets/69558488/?format=json","id":69558488,"court":"https://www.courtlistener.com/api/rest/v4/courts/nysd/?format=json","court_id":"nysd","original_court_info":null,"idb_data":null,"clusters":["https://www.courtlistener.com/api/rest/v4/clusters/10636857/?format=json"],"audio_files":[],"assigned_to":null,"referred_to":null,"bankruptcy_information":null,"absolute_url":"/docket/69558488/shannahan-v-ftai-aviation-ltd/","date_created":"2025

--- docket=59678620 call#5181 ---
URL: https://www.courtlistener.com/api/rest/v4/dockets/59678620/?format=json
Status: 200
Body: {"resource_uri":"https://www.courtlistener.com/api/rest/v4/dockets/59678620/?format=json","id":59678620,"court":"https://www.courtlistener.com/api/rest/v4/courts/nysd/?format=json","court_id":"nysd","original_court_info":null,"idb_data":null,"clusters":["https://www.courtlistener.com/api/rest/v4/clusters/9871103/?format=json"],"audio_files":[],"assigned_to":"https://www.courtlistener.com/api/rest/v4/people/3549/?format=json","referred_to":null,"bankruptcy_information":null,"absolute_url":"/docke

--- docket=68227841 call#5182 ---
URL: https://www.courtlistener.com/api/rest/v4/dockets/68227841/?format=json
Status: 200
Body: {"resource_uri":"https://www.courtlistener.com/api/rest/v4/dockets/68227841/?format=json","id":68227841,"court":"https://www.courtlistener.com/api/rest/v4/courts/nyed/?format=json","court_id":"nyed","original_court_info":null,"idb_data":null,"clusters":["https://www.courtlistener.com/api/rest/v4/clusters/9845243/?format=json","https://www.courtlistener.com/api/rest/v4/clusters/10370202/?format=json"],"audio_files":[],"assigned_to":null,"referred_to":null,"bankruptcy_information":null,"absolute_u

--- docket=8490233 call#5183 ---
URL: https://www.courtlistener.com/api/rest/v4/dockets/8490233/?format=json
Status: 200
Body: {"resource_uri":"https://www.courtlistener.com/api/rest/v4/dockets/8490233/?format=json","id":8490233,"court":"https://www.courtlistener.com/api/rest/v4/courts/cand/?format=json","court_id":"cand","original_court_info":null,"idb_data":{"resource_uri":"https://www.courtlistener.com/api/rest/v4/fjc-integrated-database/25594218/?format=json","date_created":"2020-08-27T02:01:48.574009-07:00","date_modified":"2022-01-28T13:42:02.770181-08:00","dataset_source":9,"office":"4","docket_number":"1807669",

--- docket=17038613 call#5184 ---
URL: https://www.courtlistener.com/api/rest/v4/dockets/17038613/?format=json
Status: 200
Body: {"resource_uri":"https://www.courtlistener.com/api/rest/v4/dockets/17038613/?format=json","id":17038613,"court":"https://www.courtlistener.com/api/rest/v4/courts/nyed/?format=json","court_id":"nyed","original_court_info":null,"idb_data":{"resource_uri":"https://www.courtlistener.com/api/rest/v4/fjc-integrated-database/25847723/?format=json","date_created":"2020-08-27T04:27:09.942716-07:00","date_modified":"2022-01-28T09:53:55.535105-08:00","dataset_source":9,"office":"1","docket_number":"2001677

--- docket=14536916 call#5185 ---
URL: https://www.courtlistener.com/api/rest/v4/dockets/14536916/?format=json
Status: 200
Body: {"resource_uri":"https://www.courtlistener.com/api/rest/v4/dockets/14536916/?format=json","id":14536916,"court":"https://www.courtlistener.com/api/rest/v4/courts/nysd/?format=json","court_id":"nysd","original_court_info":null,"idb_data":{"resource_uri":"https://www.courtlistener.com/api/rest/v4/fjc-integrated-database/25842000/?format=json","date_created":"2020-08-27T04:22:14.308105-07:00","date_modified":"2022-01-28T09:55:38.494100-08:00","dataset_source":9,"office":"1","docket_number":"1901013

--- docket=8394500 call#5186 ---
URL: https://www.courtlistener.com/api/rest/v4/dockets/8394500/?format=json
Status: 200
Body: {"resource_uri":"https://www.courtlistener.com/api/rest/v4/dockets/8394500/?format=json","id":8394500,"court":"https://www.courtlistener.com/api/rest/v4/courts/nyed/?format=json","court_id":"nyed","original_court_info":null,"idb_data":{"resource_uri":"https://www.courtlistener.com/api/rest/v4/fjc-integrated-database/25852962/?format=json","date_created":"2020-08-27T04:28:50.613641-07:00","date_modified":"2022-01-28T11:30:02.929655-08:00","dataset_source":9,"office":"1","docket_number":"1807059",

--- docket=29087079 call#5187 ---
URL: https://www.courtlistener.com/api/rest/v4/dockets/29087079/?format=json
Status: 200
Body: {"resource_uri":"https://www.courtlistener.com/api/rest/v4/dockets/29087079/?format=json","id":29087079,"court":"https://www.courtlistener.com/api/rest/v4/courts/cand/?format=json","court_id":"cand","original_court_info":null,"idb_data":null,"clusters":["https://www.courtlistener.com/api/rest/v4/clusters/9599745/?format=json","https://www.courtlistener.com/api/rest/v4/clusters/9600080/?format=json"],"audio_files":[],"assigned_to":"https://www.courtlistener.com/api/rest/v4/people/2766/?format=jso

--- docket=68163699 call#5188 ---
URL: https://www.courtlistener.com/api/rest/v4/dockets/68163699/?format=json
Status: 200
Body: {"resource_uri":"https://www.courtlistener.com/api/rest/v4/dockets/68163699/?format=json","id":68163699,"court":"https://www.courtlistener.com/api/rest/v4/courts/nysd/?format=json","court_id":"nysd","original_court_info":null,"idb_data":null,"clusters":["https://www.courtlistener.com/api/rest/v4/clusters/10380417/?format=json"],"audio_files":[],"assigned_to":"https://www.courtlistener.com/api/rest/v4/people/733/?format=json","referred_to":null,"bankruptcy_information":null,"absolute_url":"/docke

--- docket=13566523 call#5189 ---
URL: https://www.courtlistener.com/api/rest/v4/dockets/13566523/?format=json
Status: 200
Body: {"resource_uri":"https://www.courtlistener.com/api/rest/v4/dockets/13566523/?format=json","id":13566523,"court":"https://www.courtlistener.com/api/rest/v4/courts/utd/?format=json","court_id":"utd","original_court_info":null,"idb_data":{"resource_uri":"https://www.courtlistener.com/api/rest/v4/fjc-integrated-database/25055398/?format=json","date_created":"2018-11-21T10:45:40.990586-08:00","date_modified":"2022-01-28T14:07:59.345844-08:00","dataset_source":9,"office":"2","docket_number":"1600529",

--- docket=4608994 call#5190 ---
URL: https://www.courtlistener.com/api/rest/v4/dockets/4608994/?format=json
Status: 200
Body: {"resource_uri":"https://www.courtlistener.com/api/rest/v4/dockets/4608994/?format=json","id":4608994,"court":"https://www.courtlistener.com/api/rest/v4/courts/ned/?format=json","court_id":"ned","original_court_info":null,"idb_data":{"resource_uri":"https://www.courtlistener.com/api/rest/v4/fjc-integrated-database/25614011/?format=json","date_created":"2020-08-27T02:12:52.873616-07:00","date_modified":"2022-01-28T10:46:31.061099-08:00","dataset_source":9,"office":"4","docket_number":"1703021","o

--- docket=13566519 call#5191 ---
URL: https://www.courtlistener.com/api/rest/v4/dockets/13566519/?format=json
Status: 200
Body: {"resource_uri":"https://www.courtlistener.com/api/rest/v4/dockets/13566519/?format=json","id":13566519,"court":"https://www.courtlistener.com/api/rest/v4/courts/utd/?format=json","court_id":"utd","original_court_info":null,"idb_data":{"resource_uri":"https://www.courtlistener.com/api/rest/v4/fjc-integrated-database/25055394/?format=json","date_created":"2018-11-21T10:45:40.990102-08:00","date_modified":"2022-01-28T14:07:59.314531-08:00","dataset_source":9,"office":"2","docket_number":"1600522",

--- docket=15780924 call#5192 ---
URL: https://www.courtlistener.com/api/rest/v4/dockets/15780924/?format=json
Status: 200
Body: {"resource_uri":"https://www.courtlistener.com/api/rest/v4/dockets/15780924/?format=json","id":15780924,"court":"https://www.courtlistener.com/api/rest/v4/courts/mdd/?format=json","court_id":"mdd","original_court_info":null,"idb_data":{"resource_uri":"https://www.courtlistener.com/api/rest/v4/fjc-integrated-database/25766812/?format=json","date_created":"2020-08-27T03:44:23.800788-07:00","date_modified":"2022-01-28T12:16:16.102648-08:00","dataset_source":9,"office":"8","docket_number":"1803094",

--- docket=68946160 call#5193 ---
URL: https://www.courtlistener.com/api/rest/v4/dockets/68946160/?format=json
Status: 200
Body: {"resource_uri":"https://www.courtlistener.com/api/rest/v4/dockets/68946160/?format=json","id":68946160,"court":"https://www.courtlistener.com/api/rest/v4/courts/cacd/?format=json","court_id":"cacd","original_court_info":null,"idb_data":null,"clusters":["https://www.courtlistener.com/api/rest/v4/clusters/10168760/?format=json"],"audio_files":[],"assigned_to":"https://www.courtlistener.com/api/rest/v4/people/2903/?format=json","referred_to":"https://www.courtlistener.com/api/rest/v4/people/9049/?

--- docket=7122004 call#5194 ---
URL: https://www.courtlistener.com/api/rest/v4/dockets/7122004/?format=json
Status: 200
Body: {"resource_uri":"https://www.courtlistener.com/api/rest/v4/dockets/7122004/?format=json","id":7122004,"court":"https://www.courtlistener.com/api/rest/v4/courts/nysd/?format=json","court_id":"nysd","original_court_info":null,"idb_data":{"resource_uri":"https://www.courtlistener.com/api/rest/v4/fjc-integrated-database/24533995/?format=json","date_created":"2018-11-21T09:53:04.730511-08:00","date_modified":"2022-01-28T11:34:59.142494-08:00","dataset_source":9,"office":"1","docket_number":"1805237",

--- docket=69179091 call#5195 ---
URL: https://www.courtlistener.com/api/rest/v4/dockets/69179091/?format=json
Status: 200
Body: {"resource_uri":"https://www.courtlistener.com/api/rest/v4/dockets/69179091/?format=json","id":69179091,"court":"https://www.courtlistener.com/api/rest/v4/courts/nvd/?format=json","court_id":"nvd","original_court_info":null,"idb_data":null,"clusters":["https://www.courtlistener.com/api/rest/v4/clusters/10359630/?format=json"],"audio_files":[],"assigned_to":"https://www.courtlistener.com/api/rest/v4/people/2017/?format=json","referred_to":"https://www.courtlistener.com/api/rest/v4/people/9406/?fo

--- docket=66757009 call#5196 ---
URL: https://www.courtlistener.com/api/rest/v4/dockets/66757009/?format=json
Status: 200
Body: {"resource_uri":"https://www.courtlistener.com/api/rest/v4/dockets/66757009/?format=json","id":66757009,"court":"https://www.courtlistener.com/api/rest/v4/courts/nysd/?format=json","court_id":"nysd","original_court_info":null,"idb_data":null,"clusters":["https://www.courtlistener.com/api/rest/v4/clusters/9884651/?format=json","https://www.courtlistener.com/api/rest/v4/clusters/9885039/?format=json","https://www.courtlistener.com/api/rest/v4/clusters/9884469/?format=json","https://www.courtlisten

--- docket=6596370 call#5197 ---
URL: https://www.courtlistener.com/api/rest/v4/dockets/6596370/?format=json
Status: 200
Body: {"resource_uri":"https://www.courtlistener.com/api/rest/v4/dockets/6596370/?format=json","id":6596370,"court":"https://www.courtlistener.com/api/rest/v4/courts/nysd/?format=json","court_id":"nysd","original_court_info":null,"idb_data":{"resource_uri":"https://www.courtlistener.com/api/rest/v4/fjc-integrated-database/24533057/?format=json","date_created":"2018-11-21T09:52:59.115062-08:00","date_modified":"2022-01-28T11:34:56.302011-08:00","dataset_source":9,"office":"1","docket_number":"1804201",

--- docket=7848311 call#5198 ---
URL: https://www.courtlistener.com/api/rest/v4/dockets/7848311/?format=json
Status: 200
Body: {"resource_uri":"https://www.courtlistener.com/api/rest/v4/dockets/7848311/?format=json","id":7848311,"court":"https://www.courtlistener.com/api/rest/v4/courts/nvd/?format=json","court_id":"nvd","original_court_info":null,"idb_data":{"resource_uri":"https://www.courtlistener.com/api/rest/v4/fjc-integrated-database/25023077/?format=json","date_created":"2018-11-21T10:42:37.438121-08:00","date_modified":"2022-01-28T11:01:58.333936-08:00","dataset_source":9,"office":"2","docket_number":"1801758","o

--- docket=7965338 call#5199 ---
URL: https://www.courtlistener.com/api/rest/v4/dockets/7965338/?format=json
Status: 200
Body: {"resource_uri":"https://www.courtlistener.com/api/rest/v4/dockets/7965338/?format=json","id":7965338,"court":"https://www.courtlistener.com/api/rest/v4/courts/mssd/?format=json","court_id":"mssd","original_court_info":null,"idb_data":{"resource_uri":"https://www.courtlistener.com/api/rest/v4/fjc-integrated-database/25943050/?format=json","date_created":"2020-08-27T05:49:27.013691-07:00","date_modified":"2022-01-28T08:48:11.762785-08:00","dataset_source":9,"office":"3","docket_number":"1800679",

--- docket=65652082 call#5200 ---
URL: https://www.courtlistener.com/api/rest/v4/dockets/65652082/?format=json
Status: 200
Body: {"resource_uri":"https://www.courtlistener.com/api/rest/v4/dockets/65652082/?format=json","id":65652082,"court":"https://www.courtlistener.com/api/rest/v4/courts/cacd/?format=json","court_id":"cacd","original_court_info":null,"idb_data":null,"clusters":["https://www.courtlistener.com/api/rest/v4/clusters/10313767/?format=json"],"audio_files":[],"assigned_to":"https://www.courtlistener.com/api/rest/v4/people/3566/?format=json","referred_to":"https://www.courtlistener.com/api/rest/v4/people/9061/?

--- docket=59746817 call#5201 ---
URL: https://www.courtlistener.com/api/rest/v4/dockets/59746817/?format=json
Status: 200
Body: {"resource_uri":"https://www.courtlistener.com/api/rest/v4/dockets/59746817/?format=json","id":59746817,"court":"https://www.courtlistener.com/api/rest/v4/courts/nysd/?format=json","court_id":"nysd","original_court_info":null,"idb_data":null,"clusters":["https://www.courtlistener.com/api/rest/v4/clusters/9871624/?format=json","https://www.courtlistener.com/api/rest/v4/clusters/9882009/?format=json"],"audio_files":[],"assigned_to":"https://www.courtlistener.com/api/rest/v4/people/552/?format=json

--- docket=8106812 call#5202 ---
URL: https://www.courtlistener.com/api/rest/v4/dockets/8106812/?format=json
Status: 200
Body: {"resource_uri":"https://www.courtlistener.com/api/rest/v4/dockets/8106812/?format=json","id":8106812,"court":"https://www.courtlistener.com/api/rest/v4/courts/nysd/?format=json","court_id":"nysd","original_court_info":null,"idb_data":{"resource_uri":"https://www.courtlistener.com/api/rest/v4/fjc-integrated-database/25843270/?format=json","date_created":"2020-08-27T04:22:57.245395-07:00","date_modified":"2022-01-28T11:35:11.213574-08:00","dataset_source":9,"office":"1","docket_number":"1810007",

--- docket=6280601 call#5203 ---
URL: https://www.courtlistener.com/api/rest/v4/dockets/6280601/?format=json
Status: 200
Body: {"resource_uri":"https://www.courtlistener.com/api/rest/v4/dockets/6280601/?format=json","id":6280601,"court":"https://www.courtlistener.com/api/rest/v4/courts/nysd/?format=json","court_id":"nysd","original_court_info":null,"idb_data":{"resource_uri":"https://www.courtlistener.com/api/rest/v4/fjc-integrated-database/24529700/?format=json","date_created":"2018-11-21T09:52:42.201261-08:00","date_modified":"2022-01-28T08:11:59.859686-08:00","dataset_source":9,"office":"1","docket_number":"1800467",

--- docket=6992044 call#5204 ---
URL: https://www.courtlistener.com/api/rest/v4/dockets/6992044/?format=json
Status: 200
Body: {"resource_uri":"https://www.courtlistener.com/api/rest/v4/dockets/6992044/?format=json","id":6992044,"court":"https://www.courtlistener.com/api/rest/v4/courts/paed/?format=json","court_id":"paed","original_court_info":null,"idb_data":{"resource_uri":"https://www.courtlistener.com/api/rest/v4/fjc-integrated-database/24595639/?format=json","date_created":"2018-11-21T10:01:26.830173-08:00","date_modified":"2022-01-28T10:04:28.821559-08:00","dataset_source":9,"office":"2","docket_number":"1802279",

--- docket=6332757 call#5205 ---
URL: https://www.courtlistener.com/api/rest/v4/dockets/6332757/?format=json
Status: 200
Body: {"resource_uri":"https://www.courtlistener.com/api/rest/v4/dockets/6332757/?format=json","id":6332757,"court":"https://www.courtlistener.com/api/rest/v4/courts/ilnd/?format=json","court_id":"ilnd","original_court_info":null,"idb_data":{"resource_uri":"https://www.courtlistener.com/api/rest/v4/fjc-integrated-database/24878978/?format=json","date_created":"2018-11-21T10:29:01.832629-08:00","date_modified":"2022-01-28T13:13:07.798826-08:00","dataset_source":9,"office":"1","docket_number":"1801577",

--- docket=63117141 call#5206 ---
URL: https://www.courtlistener.com/api/rest/v4/dockets/63117141/?format=json
Status: 200
Body: {"resource_uri":"https://www.courtlistener.com/api/rest/v4/dockets/63117141/?format=json","id":63117141,"court":"https://www.courtlistener.com/api/rest/v4/courts/ilnd/?format=json","court_id":"ilnd","original_court_info":null,"idb_data":null,"clusters":["https://www.courtlistener.com/api/rest/v4/clusters/10290567/?format=json","https://www.courtlistener.com/api/rest/v4/clusters/9683181/?format=json"],"audio_files":[],"assigned_to":"https://www.courtlistener.com/api/rest/v4/people/2922/?format=js

--- docket=59747310 call#5207 ---
URL: https://www.courtlistener.com/api/rest/v4/dockets/59747310/?format=json
Status: 200
Body: {"resource_uri":"https://www.courtlistener.com/api/rest/v4/dockets/59747310/?format=json","id":59747310,"court":"https://www.courtlistener.com/api/rest/v4/courts/nysd/?format=json","court_id":"nysd","original_court_info":null,"idb_data":null,"clusters":["https://www.courtlistener.com/api/rest/v4/clusters/9871622/?format=json"],"audio_files":[],"assigned_to":"https://www.courtlistener.com/api/rest/v4/people/552/?format=json","referred_to":null,"bankruptcy_information":null,"absolute_url":"/docket

--- docket=59748487 call#5208 ---
URL: https://www.courtlistener.com/api/rest/v4/dockets/59748487/?format=json
Status: 200
Body: {"resource_uri":"https://www.courtlistener.com/api/rest/v4/dockets/59748487/?format=json","id":59748487,"court":"https://www.courtlistener.com/api/rest/v4/courts/nysd/?format=json","court_id":"nysd","original_court_info":null,"idb_data":null,"clusters":["https://www.courtlistener.com/api/rest/v4/clusters/9864263/?format=json","https://www.courtlistener.com/api/rest/v4/clusters/9872880/?format=json"],"audio_files":[],"assigned_to":"https://www.courtlistener.com/api/rest/v4/people/1152/?format=jso

--- docket=16353259 call#5209 ---
URL: https://www.courtlistener.com/api/rest/v4/dockets/16353259/?format=json
Status: 200
Body: {"resource_uri":"https://www.courtlistener.com/api/rest/v4/dockets/16353259/?format=json","id":16353259,"court":"https://www.courtlistener.com/api/rest/v4/courts/nysd/?format=json","court_id":"nysd","original_court_info":null,"idb_data":{"resource_uri":"https://www.courtlistener.com/api/rest/v4/fjc-integrated-database/25836524/?format=json","date_created":"2020-08-27T04:20:13.999286-07:00","date_modified":"2022-01-28T11:36:08.204996-08:00","dataset_source":9,"office":"1","docket_number":"1909647

--- docket=15507615 call#5210 ---
URL: https://www.courtlistener.com/api/rest/v4/dockets/15507615/?format=json
Status: 200
Body: {"resource_uri":"https://www.courtlistener.com/api/rest/v4/dockets/15507615/?format=json","id":15507615,"court":"https://www.courtlistener.com/api/rest/v4/courts/nyed/?format=json","court_id":"nyed","original_court_info":null,"idb_data":{"resource_uri":"https://www.courtlistener.com/api/rest/v4/fjc-integrated-database/25851716/?format=json","date_created":"2020-08-27T04:28:25.629832-07:00","date_modified":"2022-01-28T11:30:14.087299-08:00","dataset_source":9,"office":"1","docket_number":"1902859

--- docket=17055127 call#5211 ---
URL: https://www.courtlistener.com/api/rest/v4/dockets/17055127/?format=json
Status: 200
Body: {"resource_uri":"https://www.courtlistener.com/api/rest/v4/dockets/17055127/?format=json","id":17055127,"court":"https://www.courtlistener.com/api/rest/v4/courts/cand/?format=json","court_id":"cand","original_court_info":null,"idb_data":{"resource_uri":"https://www.courtlistener.com/api/rest/v4/fjc-integrated-database/25592455/?format=json","date_created":"2020-08-27T02:01:11.356283-07:00","date_modified":"2022-01-28T13:42:18.422260-08:00","dataset_source":9,"office":"4","docket_number":"2002395

--- docket=8458009 call#5212 ---
URL: https://www.courtlistener.com/api/rest/v4/dockets/8458009/?format=json
Status: 200
Body: {"resource_uri":"https://www.courtlistener.com/api/rest/v4/dockets/8458009/?format=json","id":8458009,"court":"https://www.courtlistener.com/api/rest/v4/courts/nyed/?format=json","court_id":"nyed","original_court_info":null,"idb_data":{"resource_uri":"https://www.courtlistener.com/api/rest/v4/fjc-integrated-database/25852842/?format=json","date_created":"2020-08-27T04:28:48.247049-07:00","date_modified":"2022-01-28T11:30:04.209883-08:00","dataset_source":9,"office":"1","docket_number":"1807410",

--- docket=7960853 call#5213 ---
URL: https://www.courtlistener.com/api/rest/v4/dockets/7960853/?format=json
Status: 200
Body: {"resource_uri":"https://www.courtlistener.com/api/rest/v4/dockets/7960853/?format=json","id":7960853,"court":"https://www.courtlistener.com/api/rest/v4/courts/njd/?format=json","court_id":"njd","original_court_info":null,"idb_data":{"resource_uri":"https://www.courtlistener.com/api/rest/v4/fjc-integrated-database/24556847/?format=json","date_created":"2018-11-21T09:55:52.010255-08:00","date_modified":"2022-01-28T11:44:52.727520-08:00","dataset_source":9,"office":"1","docket_number":"1814385","o

--- docket=6051291 call#5214 ---
URL: https://www.courtlistener.com/api/rest/v4/dockets/6051291/?format=json
Status: 200
Body: {"resource_uri":"https://www.courtlistener.com/api/rest/v4/dockets/6051291/?format=json","id":6051291,"court":"https://www.courtlistener.com/api/rest/v4/courts/nvd/?format=json","court_id":"nvd","original_court_info":null,"idb_data":{"resource_uri":"https://www.courtlistener.com/api/rest/v4/fjc-integrated-database/24415480/?format=json","date_created":"2018-11-21T09:41:34.033888-08:00","date_modified":"2022-01-28T06:11:05.749599-08:00","dataset_source":9,"office":"2","docket_number":"1500988","o

--- docket=18692405 call#5215 ---
URL: https://www.courtlistener.com/api/rest/v4/dockets/18692405/?format=json
Status: 200
Body: {"resource_uri":"https://www.courtlistener.com/api/rest/v4/dockets/18692405/?format=json","id":18692405,"court":"https://www.courtlistener.com/api/rest/v4/courts/cand/?format=json","court_id":"cand","original_court_info":null,"idb_data":null,"clusters":["https://www.courtlistener.com/api/rest/v4/clusters/9602459/?format=json"],"audio_files":[],"assigned_to":"https://www.courtlistener.com/api/rest/v4/people/2474/?format=json","referred_to":null,"bankruptcy_information":null,"absolute_url":"/docke

--- docket=67838681 call#5216 ---
URL: https://www.courtlistener.com/api/rest/v4/dockets/67838681/?format=json
Status: 200
Body: {"resource_uri":"https://www.courtlistener.com/api/rest/v4/dockets/67838681/?format=json","id":67838681,"court":"https://www.courtlistener.com/api/rest/v4/courts/njd/?format=json","court_id":"njd","original_court_info":null,"idb_data":null,"clusters":["https://www.courtlistener.com/api/rest/v4/clusters/9811481/?format=json"],"audio_files":[],"assigned_to":"https://www.courtlistener.com/api/rest/v4/people/2069/?format=json","referred_to":"https://www.courtlistener.com/api/rest/v4/people/9383/?for

--- docket=68306846 call#5217 ---
URL: https://www.courtlistener.com/api/rest/v4/dockets/68306846/?format=json
Status: 200
Body: {"resource_uri":"https://www.courtlistener.com/api/rest/v4/dockets/68306846/?format=json","id":68306846,"court":"https://www.courtlistener.com/api/rest/v4/courts/nysd/?format=json","court_id":"nysd","original_court_info":null,"idb_data":null,"clusters":["https://www.courtlistener.com/api/rest/v4/clusters/10366430/?format=json"],"audio_files":[],"assigned_to":null,"referred_to":null,"bankruptcy_information":null,"absolute_url":"/docket/68306846/lavale-burns-v-up-fintech-holding-limited/","date_cr

--- docket=67633581 call#5218 ---
URL: https://www.courtlistener.com/api/rest/v4/dockets/67633581/?format=json
Status: 200
Body: {"resource_uri":"https://www.courtlistener.com/api/rest/v4/dockets/67633581/?format=json","id":67633581,"court":"https://www.courtlistener.com/api/rest/v4/courts/cand/?format=json","court_id":"cand","original_court_info":null,"idb_data":null,"clusters":["https://www.courtlistener.com/api/rest/v4/clusters/10172469/?format=json","https://www.courtlistener.com/api/rest/v4/clusters/10374965/?format=json"],"audio_files":[],"assigned_to":"https://www.courtlistener.com/api/rest/v4/people/1114/?format=j

--- docket=8012366 call#5219 ---
URL: https://www.courtlistener.com/api/rest/v4/dockets/8012366/?format=json
Status: 200
Body: {"resource_uri":"https://www.courtlistener.com/api/rest/v4/dockets/8012366/?format=json","id":8012366,"court":"https://www.courtlistener.com/api/rest/v4/courts/mad/?format=json","court_id":"mad","original_court_info":null,"idb_data":{"resource_uri":"https://www.courtlistener.com/api/rest/v4/fjc-integrated-database/24483113/?format=json","date_created":"2018-11-21T09:48:10.914963-08:00","date_modified":"2022-01-28T08:05:35.869525-08:00","dataset_source":9,"office":"1","docket_number":"1811301","o

--- docket=14572290 call#5220 ---
URL: https://www.courtlistener.com/api/rest/v4/dockets/14572290/?format=json
Status: 200
Body: {"resource_uri":"https://www.courtlistener.com/api/rest/v4/dockets/14572290/?format=json","id":14572290,"court":"https://www.courtlistener.com/api/rest/v4/courts/flmd/?format=json","court_id":"flmd","original_court_info":null,"idb_data":{"resource_uri":"https://www.courtlistener.com/api/rest/v4/fjc-integrated-database/25359554/?format=json","date_created":"2020-08-27T00:28:11.365492-07:00","date_modified":"2022-01-28T15:40:25.269454-08:00","dataset_source":9,"office":"8","docket_number":"1900421

--- docket=14536190 call#5221 ---
URL: https://www.courtlistener.com/api/rest/v4/dockets/14536190/?format=json
Status: 200
Body: {"resource_uri":"https://www.courtlistener.com/api/rest/v4/dockets/14536190/?format=json","id":14536190,"court":"https://www.courtlistener.com/api/rest/v4/courts/nysd/?format=json","court_id":"nysd","original_court_info":null,"idb_data":{"resource_uri":"https://www.courtlistener.com/api/rest/v4/fjc-integrated-database/25841984/?format=json","date_created":"2020-08-27T04:22:14.012359-07:00","date_modified":"2022-01-28T09:55:38.685723-08:00","dataset_source":9,"office":"1","docket_number":"1901069

--- docket=63003261 call#5222 ---
URL: https://www.courtlistener.com/api/rest/v4/dockets/63003261/?format=json
Status: 200
Body: {"resource_uri":"https://www.courtlistener.com/api/rest/v4/dockets/63003261/?format=json","id":63003261,"court":"https://www.courtlistener.com/api/rest/v4/courts/casd/?format=json","court_id":"casd","original_court_info":null,"idb_data":null,"clusters":["https://www.courtlistener.com/api/rest/v4/clusters/9619458/?format=json"],"audio_files":[],"assigned_to":null,"referred_to":null,"bankruptcy_information":null,"absolute_url":"/docket/63003261/brown-v-acutus-medical-inc/","date_created":"2022-02-

--- docket=14576150 call#5223 ---
URL: https://www.courtlistener.com/api/rest/v4/dockets/14576150/?format=json
Status: 200
Body: {"resource_uri":"https://www.courtlistener.com/api/rest/v4/dockets/14576150/?format=json","id":14576150,"court":"https://www.courtlistener.com/api/rest/v4/courts/nysd/?format=json","court_id":"nysd","original_court_info":null,"idb_data":{"resource_uri":"https://www.courtlistener.com/api/rest/v4/fjc-integrated-database/25841664/?format=json","date_created":"2020-08-27T04:22:07.846376-07:00","date_modified":"2022-01-28T11:35:29.561005-08:00","dataset_source":9,"office":"1","docket_number":"1901876

--- docket=7535794 call#5224 ---
URL: https://www.courtlistener.com/api/rest/v4/dockets/7535794/?format=json
Status: 200
Body: {"resource_uri":"https://www.courtlistener.com/api/rest/v4/dockets/7535794/?format=json","id":7535794,"court":"https://www.courtlistener.com/api/rest/v4/courts/casd/?format=json","court_id":"casd","original_court_info":null,"idb_data":{"resource_uri":"https://www.courtlistener.com/api/rest/v4/fjc-integrated-database/25011099/?format=json","date_created":"2018-11-21T10:41:30.420919-08:00","date_modified":"2022-01-28T13:54:19.142134-08:00","dataset_source":9,"office":"3","docket_number":"1800463",

--- docket=13566518 call#5225 ---
URL: https://www.courtlistener.com/api/rest/v4/dockets/13566518/?format=json
Status: 200
Body: {"resource_uri":"https://www.courtlistener.com/api/rest/v4/dockets/13566518/?format=json","id":13566518,"court":"https://www.courtlistener.com/api/rest/v4/courts/utd/?format=json","court_id":"utd","original_court_info":null,"idb_data":{"resource_uri":"https://www.courtlistener.com/api/rest/v4/fjc-integrated-database/25055392/?format=json","date_created":"2018-11-21T10:45:40.989859-08:00","date_modified":"2022-01-28T14:07:59.261935-08:00","dataset_source":9,"office":"2","docket_number":"1600514",

--- docket=68654082 call#5226 ---
URL: https://www.courtlistener.com/api/rest/v4/dockets/68654082/?format=json
Status: 200
Body: {"resource_uri":"https://www.courtlistener.com/api/rest/v4/dockets/68654082/?format=json","id":68654082,"court":"https://www.courtlistener.com/api/rest/v4/courts/msnd/?format=json","court_id":"msnd","original_court_info":null,"idb_data":null,"clusters":["https://www.courtlistener.com/api/rest/v4/clusters/10185964/?format=json"],"audio_files":[],"assigned_to":"https://www.courtlistener.com/api/rest/v4/people/801/?format=json","referred_to":"https://www.courtlistener.com/api/rest/v4/people/9343/?f

--- docket=5307483 call#5227 ---
URL: https://www.courtlistener.com/api/rest/v4/dockets/5307483/?format=json
Status: 200
Body: {"resource_uri":"https://www.courtlistener.com/api/rest/v4/dockets/5307483/?format=json","id":5307483,"court":"https://www.courtlistener.com/api/rest/v4/courts/flmd/?format=json","court_id":"flmd","original_court_info":null,"idb_data":{"resource_uri":"https://www.courtlistener.com/api/rest/v4/fjc-integrated-database/25073054/?format=json","date_created":"2018-11-21T10:47:20.941036-08:00","date_modified":"2022-01-28T11:12:32.469031-08:00","dataset_source":9,"office":"3","docket_number":"1500005",

--- docket=8502437 call#5228 ---
URL: https://www.courtlistener.com/api/rest/v4/dockets/8502437/?format=json
Status: 200
Body: {"resource_uri":"https://www.courtlistener.com/api/rest/v4/dockets/8502437/?format=json","id":8502437,"court":"https://www.courtlistener.com/api/rest/v4/courts/nysd/?format=json","court_id":"nysd","original_court_info":null,"idb_data":{"resource_uri":"https://www.courtlistener.com/api/rest/v4/fjc-integrated-database/25842260/?format=json","date_created":"2020-08-27T04:22:18.917340-07:00","date_modified":"2022-01-28T09:55:35.098874-08:00","dataset_source":9,"office":"1","docket_number":"1900230",

--- docket=68162524 call#5229 ---
URL: https://www.courtlistener.com/api/rest/v4/dockets/68162524/?format=json
Status: 200
Body: {"resource_uri":"https://www.courtlistener.com/api/rest/v4/dockets/68162524/?format=json","id":68162524,"court":"https://www.courtlistener.com/api/rest/v4/courts/cacd/?format=json","court_id":"cacd","original_court_info":null,"idb_data":null,"clusters":["https://www.courtlistener.com/api/rest/v4/clusters/9519409/?format=json"],"audio_files":[],"assigned_to":null,"referred_to":null,"bankruptcy_information":null,"absolute_url":"/docket/68162524/commodity-futures-trading-commission-v-bao/","date_cr

--- docket=17211405 call#5230 ---
URL: https://www.courtlistener.com/api/rest/v4/dockets/17211405/?format=json
Status: 200
Body: {"resource_uri":"https://www.courtlistener.com/api/rest/v4/dockets/17211405/?format=json","id":17211405,"court":"https://www.courtlistener.com/api/rest/v4/courts/ctd/?format=json","court_id":"ctd","original_court_info":null,"idb_data":{"resource_uri":"https://www.courtlistener.com/api/rest/v4/fjc-integrated-database/25856077/?format=json","date_created":"2020-08-27T04:31:20.152747-07:00","date_modified":"2022-01-28T11:27:53.357053-08:00","dataset_source":9,"office":"3","docket_number":"2000743",

--- docket=14567642 call#5231 ---
URL: https://www.courtlistener.com/api/rest/v4/dockets/14567642/?format=json
Status: 200
Body: {"resource_uri":"https://www.courtlistener.com/api/rest/v4/dockets/14567642/?format=json","id":14567642,"court":"https://www.courtlistener.com/api/rest/v4/courts/nysd/?format=json","court_id":"nysd","original_court_info":null,"idb_data":{"resource_uri":"https://www.courtlistener.com/api/rest/v4/fjc-integrated-database/25841771/?format=json","date_created":"2020-08-27T04:22:10.099126-07:00","date_modified":"2022-01-28T11:35:28.313266-08:00","dataset_source":9,"office":"1","docket_number":"1901654

--- docket=60695487 call#5232 ---
URL: https://www.courtlistener.com/api/rest/v4/dockets/60695487/?format=json
Status: 200
Body: {"resource_uri":"https://www.courtlistener.com/api/rest/v4/dockets/60695487/?format=json","id":60695487,"court":"https://www.courtlistener.com/api/rest/v4/courts/paed/?format=json","court_id":"paed","original_court_info":null,"idb_data":null,"clusters":["https://www.courtlistener.com/api/rest/v4/clusters/9940419/?format=json","https://www.courtlistener.com/api/rest/v4/clusters/9939280/?format=json","https://www.courtlistener.com/api/rest/v4/clusters/9940011/?format=json"],"audio_files":[],"assig

--- docket=67987565 call#5233 ---
URL: https://www.courtlistener.com/api/rest/v4/dockets/67987565/?format=json
Status: 200
Body: {"resource_uri":"https://www.courtlistener.com/api/rest/v4/dockets/67987565/?format=json","id":67987565,"court":"https://www.courtlistener.com/api/rest/v4/courts/njd/?format=json","court_id":"njd","original_court_info":null,"idb_data":null,"clusters":["https://www.courtlistener.com/api/rest/v4/clusters/10189655/?format=json","https://www.courtlistener.com/api/rest/v4/clusters/10644963/?format=json"],"audio_files":[],"assigned_to":"https://www.courtlistener.com/api/rest/v4/people/8598/?format=jso

--- docket=14599494 call#5234 ---
URL: https://www.courtlistener.com/api/rest/v4/dockets/14599494/?format=json
Status: 200
Body: {"resource_uri":"https://www.courtlistener.com/api/rest/v4/dockets/14599494/?format=json","id":14599494,"court":"https://www.courtlistener.com/api/rest/v4/courts/ilnd/?format=json","court_id":"ilnd","original_court_info":null,"idb_data":{"resource_uri":"https://www.courtlistener.com/api/rest/v4/fjc-integrated-database/25658306/?format=json","date_created":"2020-08-27T02:34:29.019125-07:00","date_modified":"2022-01-28T13:13:43.773319-08:00","dataset_source":9,"office":"1","docket_number":"1901339

--- docket=14562245 call#5235 ---
URL: https://www.courtlistener.com/api/rest/v4/dockets/14562245/?format=json
Status: 200
Body: {"resource_uri":"https://www.courtlistener.com/api/rest/v4/dockets/14562245/?format=json","id":14562245,"court":"https://www.courtlistener.com/api/rest/v4/courts/flmd/?format=json","court_id":"flmd","original_court_info":null,"idb_data":{"resource_uri":"https://www.courtlistener.com/api/rest/v4/fjc-integrated-database/25359542/?format=json","date_created":"2020-08-27T00:28:11.145364-07:00","date_modified":"2022-01-28T15:40:25.293171-08:00","dataset_source":9,"office":"8","docket_number":"1900448

--- docket=4512194 call#5236 ---
URL: https://www.courtlistener.com/api/rest/v4/dockets/4512194/?format=json
Status: 200
Body: {"resource_uri":"https://www.courtlistener.com/api/rest/v4/dockets/4512194/?format=json","id":4512194,"court":"https://www.courtlistener.com/api/rest/v4/courts/mad/?format=json","court_id":"mad","original_court_info":null,"idb_data":{"resource_uri":"https://www.courtlistener.com/api/rest/v4/fjc-integrated-database/24479482/?format=json","date_created":"2018-11-21T09:47:48.017739-08:00","date_modified":"2022-01-28T06:30:49.968789-08:00","dataset_source":9,"office":"1","docket_number":"1612101","o

--- docket=14571809 call#5237 ---
URL: https://www.courtlistener.com/api/rest/v4/dockets/14571809/?format=json
Status: 200
Body: {"resource_uri":"https://www.courtlistener.com/api/rest/v4/dockets/14571809/?format=json","id":14571809,"court":"https://www.courtlistener.com/api/rest/v4/courts/nysd/?format=json","court_id":"nysd","original_court_info":null,"idb_data":{"resource_uri":"https://www.courtlistener.com/api/rest/v4/fjc-integrated-database/25841703/?format=json","date_created":"2020-08-27T04:22:08.735459-07:00","date_modified":"2022-01-28T11:35:29.059543-08:00","dataset_source":9,"office":"1","docket_number":"1901799

--- docket=14599463 call#5238 ---
URL: https://www.courtlistener.com/api/rest/v4/dockets/14599463/?format=json
Status: 200
Body: {"resource_uri":"https://www.courtlistener.com/api/rest/v4/dockets/14599463/?format=json","id":14599463,"court":"https://www.courtlistener.com/api/rest/v4/courts/njd/?format=json","court_id":"njd","original_court_info":null,"idb_data":{"resource_uri":"https://www.courtlistener.com/api/rest/v4/fjc-integrated-database/25796221/?format=json","date_created":"2020-08-27T03:57:21.558601-07:00","date_modified":"2022-01-28T11:58:02.202025-08:00","dataset_source":9,"office":"3","docket_number":"1906601",

--- docket=14522844 call#5239 ---
URL: https://www.courtlistener.com/api/rest/v4/dockets/14522844/?format=json
Status: 200
Body: {"resource_uri":"https://www.courtlistener.com/api/rest/v4/dockets/14522844/?format=json","id":14522844,"court":"https://www.courtlistener.com/api/rest/v4/courts/nysd/?format=json","court_id":"nysd","original_court_info":null,"idb_data":{"resource_uri":"https://www.courtlistener.com/api/rest/v4/fjc-integrated-database/25842124/?format=json","date_created":"2020-08-27T04:22:16.457895-07:00","date_modified":"2022-01-28T11:35:25.566115-08:00","dataset_source":9,"office":"1","docket_number":"1900629

--- docket=14561591 call#5240 ---
URL: https://www.courtlistener.com/api/rest/v4/dockets/14561591/?format=json
Status: 200
Body: {"resource_uri":"https://www.courtlistener.com/api/rest/v4/dockets/14561591/?format=json","id":14561591,"court":"https://www.courtlistener.com/api/rest/v4/courts/nyed/?format=json","court_id":"nyed","original_court_info":null,"idb_data":{"resource_uri":"https://www.courtlistener.com/api/rest/v4/fjc-integrated-database/25852547/?format=json","date_created":"2020-08-27T04:28:42.744715-07:00","date_modified":"2022-01-28T11:30:06.820975-08:00","dataset_source":9,"office":"1","docket_number":"1900825

--- docket=14598845 call#5241 ---
URL: https://www.courtlistener.com/api/rest/v4/dockets/14598845/?format=json
Status: 200
Body: {"resource_uri":"https://www.courtlistener.com/api/rest/v4/dockets/14598845/?format=json","id":14598845,"court":"https://www.courtlistener.com/api/rest/v4/courts/casd/?format=json","court_id":"casd","original_court_info":null,"idb_data":{"resource_uri":"https://www.courtlistener.com/api/rest/v4/fjc-integrated-database/25564201/?format=json","date_created":"2020-08-27T01:47:55.727437-07:00","date_modified":"2022-01-28T13:54:24.655951-08:00","dataset_source":9,"office":"3","docket_number":"1900244

--- docket=7110142 call#5242 ---
URL: https://www.courtlistener.com/api/rest/v4/dockets/7110142/?format=json
Status: 200
Body: {"resource_uri":"https://www.courtlistener.com/api/rest/v4/dockets/7110142/?format=json","id":7110142,"court":"https://www.courtlistener.com/api/rest/v4/courts/casd/?format=json","court_id":"casd","original_court_info":null,"idb_data":{"resource_uri":"https://www.courtlistener.com/api/rest/v4/fjc-integrated-database/25011878/?format=json","date_created":"2018-11-21T10:41:36.039926-08:00","date_modified":"2022-01-28T13:54:20.263650-08:00","dataset_source":9,"office":"3","docket_number":"1801208",

--- docket=67865701 call#5243 ---
URL: https://www.courtlistener.com/api/rest/v4/dockets/67865701/?format=json
Status: 200
Body: {"resource_uri":"https://www.courtlistener.com/api/rest/v4/dockets/67865701/?format=json","id":67865701,"court":"https://www.courtlistener.com/api/rest/v4/courts/nysd/?format=json","court_id":"nysd","original_court_info":null,"idb_data":null,"clusters":["https://www.courtlistener.com/api/rest/v4/clusters/10193943/?format=json"],"audio_files":[],"assigned_to":null,"referred_to":null,"bankruptcy_information":null,"absolute_url":"/docket/67865701/buch-v-asuncion-aramburuzabala-larregui/","date_crea

--- docket=14524037 call#5244 ---
URL: https://www.courtlistener.com/api/rest/v4/dockets/14524037/?format=json
Status: 200
Body: {"resource_uri":"https://www.courtlistener.com/api/rest/v4/dockets/14524037/?format=json","id":14524037,"court":"https://www.courtlistener.com/api/rest/v4/courts/nysd/?format=json","court_id":"nysd","original_court_info":null,"idb_data":{"resource_uri":"https://www.courtlistener.com/api/rest/v4/fjc-integrated-database/25842128/?format=json","date_created":"2020-08-27T04:22:16.528310-07:00","date_modified":"2022-01-28T11:35:25.546645-08:00","dataset_source":9,"office":"1","docket_number":"1900622

--- docket=63160140 call#5245 ---
URL: https://www.courtlistener.com/api/rest/v4/dockets/63160140/?format=json
Status: 200
Body: {"resource_uri":"https://www.courtlistener.com/api/rest/v4/dockets/63160140/?format=json","id":63160140,"court":"https://www.courtlistener.com/api/rest/v4/courts/wawd/?format=json","court_id":"wawd","original_court_info":null,"idb_data":null,"clusters":["https://www.courtlistener.com/api/rest/v4/clusters/10241097/?format=json"],"audio_files":[],"assigned_to":null,"referred_to":null,"bankruptcy_information":null,"absolute_url":"/docket/63160140/securities-and-exchange-commission-v-s-ray-incorpora

--- docket=14553761 call#5246 ---
URL: https://www.courtlistener.com/api/rest/v4/dockets/14553761/?format=json
Status: 200
Body: {"resource_uri":"https://www.courtlistener.com/api/rest/v4/dockets/14553761/?format=json","id":14553761,"court":"https://www.courtlistener.com/api/rest/v4/courts/ctd/?format=json","court_id":"ctd","original_court_info":null,"idb_data":{"resource_uri":"https://www.courtlistener.com/api/rest/v4/fjc-integrated-database/25858360/?format=json","date_created":"2020-08-27T04:32:14.526614-07:00","date_modified":"2022-01-28T09:51:30.742397-08:00","dataset_source":9,"office":"3","docket_number":"1900199",

--- docket=59774584 call#5247 ---
URL: https://www.courtlistener.com/api/rest/v4/dockets/59774584/?format=json
Status: 200
Body: {"resource_uri":"https://www.courtlistener.com/api/rest/v4/dockets/59774584/?format=json","id":59774584,"court":"https://www.courtlistener.com/api/rest/v4/courts/nhd/?format=json","court_id":"nhd","original_court_info":null,"idb_data":null,"clusters":["https://www.courtlistener.com/api/rest/v4/clusters/9799000/?format=json","https://www.courtlistener.com/api/rest/v4/clusters/9799125/?format=json","https://www.courtlistener.com/api/rest/v4/clusters/9799244/?format=json"],"audio_files":[],"assigne

--- docket=66664583 call#5248 ---
URL: https://www.courtlistener.com/api/rest/v4/dockets/66664583/?format=json
Status: 200
Body: {"resource_uri":"https://www.courtlistener.com/api/rest/v4/dockets/66664583/?format=json","id":66664583,"court":"https://www.courtlistener.com/api/rest/v4/courts/nysd/?format=json","court_id":"nysd","original_court_info":null,"idb_data":null,"clusters":["https://www.courtlistener.com/api/rest/v4/clusters/10194770/?format=json","https://www.courtlistener.com/api/rest/v4/clusters/10194527/?format=json"],"audio_files":[],"assigned_to":"https://www.courtlistener.com/api/rest/v4/people/2655/?format=j

--- docket=59903930 call#5249 ---
URL: https://www.courtlistener.com/api/rest/v4/dockets/59903930/?format=json
Status: 200
Body: {"resource_uri":"https://www.courtlistener.com/api/rest/v4/dockets/59903930/?format=json","id":59903930,"court":"https://www.courtlistener.com/api/rest/v4/courts/nysd/?format=json","court_id":"nysd","original_court_info":null,"idb_data":null,"clusters":["https://www.courtlistener.com/api/rest/v4/clusters/9867523/?format=json"],"audio_files":[],"assigned_to":"https://www.courtlistener.com/api/rest/v4/people/2045/?format=json","referred_to":null,"bankruptcy_information":null,"absolute_url":"/docke

--- docket=60062823 call#5250 ---
URL: https://www.courtlistener.com/api/rest/v4/dockets/60062823/?format=json
Status: 200
Body: {"resource_uri":"https://www.courtlistener.com/api/rest/v4/dockets/60062823/?format=json","id":60062823,"court":"https://www.courtlistener.com/api/rest/v4/courts/utd/?format=json","court_id":"utd","original_court_info":null,"idb_data":null,"clusters":["https://www.courtlistener.com/api/rest/v4/clusters/10218570/?format=json","https://www.courtlistener.com/api/rest/v4/clusters/10218690/?format=json","https://www.courtlistener.com/api/rest/v4/clusters/10218920/?format=json"],"audio_files":[],"assi

--- docket=67534387 call#5251 ---
URL: https://www.courtlistener.com/api/rest/v4/dockets/67534387/?format=json
Status: 200
Body: {"resource_uri":"https://www.courtlistener.com/api/rest/v4/dockets/67534387/?format=json","id":67534387,"court":"https://www.courtlistener.com/api/rest/v4/courts/ded/?format=json","court_id":"ded","original_court_info":null,"idb_data":null,"clusters":["https://www.courtlistener.com/api/rest/v4/clusters/10175281/?format=json"],"audio_files":[],"assigned_to":"https://www.courtlistener.com/api/rest/v4/people/9138/?format=json","referred_to":null,"bankruptcy_information":null,"absolute_url":"/docket

--- docket=4539726 call#5252 ---
URL: https://www.courtlistener.com/api/rest/v4/dockets/4539726/?format=json
Status: 200
Body: {"resource_uri":"https://www.courtlistener.com/api/rest/v4/dockets/4539726/?format=json","id":4539726,"court":"https://www.courtlistener.com/api/rest/v4/courts/nysd/?format=json","court_id":"nysd","original_court_info":null,"idb_data":{"resource_uri":"https://www.courtlistener.com/api/rest/v4/fjc-integrated-database/24521873/?format=json","date_created":"2018-11-21T09:51:57.594632-08:00","date_modified":"2022-01-28T08:11:23.653125-08:00","dataset_source":9,"office":"1","docket_number":"1608800",

--- docket=59773555 call#5253 ---
URL: https://www.courtlistener.com/api/rest/v4/dockets/59773555/?format=json
Status: 200
Body: {"resource_uri":"https://www.courtlistener.com/api/rest/v4/dockets/59773555/?format=json","id":59773555,"court":"https://www.courtlistener.com/api/rest/v4/courts/nysd/?format=json","court_id":"nysd","original_court_info":null,"idb_data":null,"clusters":["https://www.courtlistener.com/api/rest/v4/clusters/9867486/?format=json","https://www.courtlistener.com/api/rest/v4/clusters/9866360/?format=json","https://www.courtlistener.com/api/rest/v4/clusters/9889068/?format=json"],"audio_files":[],"assig

--- docket=61687840 call#5254 ---
URL: https://www.courtlistener.com/api/rest/v4/dockets/61687840/?format=json
Status: 200
Body: {"resource_uri":"https://www.courtlistener.com/api/rest/v4/dockets/61687840/?format=json","id":61687840,"court":"https://www.courtlistener.com/api/rest/v4/courts/nysd/?format=json","court_id":"nysd","original_court_info":null,"idb_data":null,"clusters":["https://www.courtlistener.com/api/rest/v4/clusters/9882443/?format=json"],"audio_files":[],"assigned_to":"https://www.courtlistener.com/api/rest/v4/people/2867/?format=json","referred_to":null,"bankruptcy_information":null,"absolute_url":"/docke

--- docket=67033514 call#5255 ---
URL: https://www.courtlistener.com/api/rest/v4/dockets/67033514/?format=json
Status: 200
Body: {"resource_uri":"https://www.courtlistener.com/api/rest/v4/dockets/67033514/?format=json","id":67033514,"court":"https://www.courtlistener.com/api/rest/v4/courts/cand/?format=json","court_id":"cand","original_court_info":null,"idb_data":null,"clusters":["https://www.courtlistener.com/api/rest/v4/clusters/9609186/?format=json","https://www.courtlistener.com/api/rest/v4/clusters/9612224/?format=json"],"audio_files":[],"assigned_to":null,"referred_to":"https://www.courtlistener.com/api/rest/v4/peop

--- docket=60186360 call#5256 ---
URL: https://www.courtlistener.com/api/rest/v4/dockets/60186360/?format=json
Status: 200
Body: {"resource_uri":"https://www.courtlistener.com/api/rest/v4/dockets/60186360/?format=json","id":60186360,"court":"https://www.courtlistener.com/api/rest/v4/courts/nysd/?format=json","court_id":"nysd","original_court_info":null,"idb_data":null,"clusters":["https://www.courtlistener.com/api/rest/v4/clusters/9877437/?format=json","https://www.courtlistener.com/api/rest/v4/clusters/9892972/?format=json","https://www.courtlistener.com/api/rest/v4/clusters/10372715/?format=json"],"audio_files":[],"assi

--- docket=68534058 call#5257 ---
URL: https://www.courtlistener.com/api/rest/v4/dockets/68534058/?format=json
Status: 200
Body: {"resource_uri":"https://www.courtlistener.com/api/rest/v4/dockets/68534058/?format=json","id":68534058,"court":"https://www.courtlistener.com/api/rest/v4/courts/oknd/?format=json","court_id":"oknd","original_court_info":null,"idb_data":null,"clusters":["https://www.courtlistener.com/api/rest/v4/clusters/9920852/?format=json"],"audio_files":[],"assigned_to":"https://www.courtlistener.com/api/rest/v4/people/957/?format=json","referred_to":"https://www.courtlistener.com/api/rest/v4/people/14423/?f

--- docket=14630948 call#5258 ---
URL: https://www.courtlistener.com/api/rest/v4/dockets/14630948/?format=json
Status: 200
Body: {"resource_uri":"https://www.courtlistener.com/api/rest/v4/dockets/14630948/?format=json","id":14630948,"court":"https://www.courtlistener.com/api/rest/v4/courts/ilnd/?format=json","court_id":"ilnd","original_court_info":null,"idb_data":{"resource_uri":"https://www.courtlistener.com/api/rest/v4/fjc-integrated-database/25658265/?format=json","date_created":"2020-08-27T02:34:28.307134-07:00","date_modified":"2022-01-28T13:13:44.240318-08:00","dataset_source":9,"office":"1","docket_number":"1901438

--- docket=63109178 call#5259 ---
URL: https://www.courtlistener.com/api/rest/v4/dockets/63109178/?format=json
Status: 200
Body: {"resource_uri":"https://www.courtlistener.com/api/rest/v4/dockets/63109178/?format=json","id":63109178,"court":"https://www.courtlistener.com/api/rest/v4/courts/nvd/?format=json","court_id":"nvd","original_court_info":null,"idb_data":null,"clusters":["https://www.courtlistener.com/api/rest/v4/clusters/9829670/?format=json"],"audio_files":[],"assigned_to":null,"referred_to":"https://www.courtlistener.com/api/rest/v4/people/9406/?format=json","bankruptcy_information":null,"absolute_url":"/docket/

--- docket=67766340 call#5260 ---
URL: https://www.courtlistener.com/api/rest/v4/dockets/67766340/?format=json
Status: 200
Body: {"resource_uri":"https://www.courtlistener.com/api/rest/v4/dockets/67766340/?format=json","id":67766340,"court":"https://www.courtlistener.com/api/rest/v4/courts/prd/?format=json","court_id":"prd","original_court_info":null,"idb_data":null,"clusters":["https://www.courtlistener.com/api/rest/v4/clusters/9954457/?format=json","https://www.courtlistener.com/api/rest/v4/clusters/9954531/?format=json"],"audio_files":[],"assigned_to":"https://www.courtlistener.com/api/rest/v4/people/9526/?format=json"

--- docket=14624204 call#5261 ---
URL: https://www.courtlistener.com/api/rest/v4/dockets/14624204/?format=json
Status: 200
Body: {"resource_uri":"https://www.courtlistener.com/api/rest/v4/dockets/14624204/?format=json","id":14624204,"court":"https://www.courtlistener.com/api/rest/v4/courts/casd/?format=json","court_id":"casd","original_court_info":null,"idb_data":{"resource_uri":"https://www.courtlistener.com/api/rest/v4/fjc-integrated-database/25012581/?format=json","date_created":"2018-11-21T10:41:41.493182-08:00","date_modified":"2022-01-28T13:54:21.713692-08:00","dataset_source":9,"office":"3","docket_number":"1801895

--- docket=14689976 call#5262 ---
URL: https://www.courtlistener.com/api/rest/v4/dockets/14689976/?format=json
Status: 200
Body: {"resource_uri":"https://www.courtlistener.com/api/rest/v4/dockets/14689976/?format=json","id":14689976,"court":"https://www.courtlistener.com/api/rest/v4/courts/nysd/?format=json","court_id":"nysd","original_court_info":null,"idb_data":{"resource_uri":"https://www.courtlistener.com/api/rest/v4/fjc-integrated-database/25842255/?format=json","date_created":"2020-08-27T04:22:18.819788-07:00","date_modified":"2022-01-28T09:55:35.164628-08:00","dataset_source":9,"office":"1","docket_number":"1900238

--- docket=14600931 call#5263 ---
URL: https://www.courtlistener.com/api/rest/v4/dockets/14600931/?format=json
Status: 200
Body: {"resource_uri":"https://www.courtlistener.com/api/rest/v4/dockets/14600931/?format=json","id":14600931,"court":"https://www.courtlistener.com/api/rest/v4/courts/ded/?format=json","court_id":"ded","original_court_info":null,"idb_data":{"resource_uri":"https://www.courtlistener.com/api/rest/v4/fjc-integrated-database/25823189/?format=json","date_created":"2020-08-27T04:13:26.541718-07:00","date_modified":"2022-01-28T11:43:50.251972-08:00","dataset_source":9,"office":"1","docket_number":"1900447",

--- docket=14612568 call#5264 ---
URL: https://www.courtlistener.com/api/rest/v4/dockets/14612568/?format=json
Status: 200
Body: {"resource_uri":"https://www.courtlistener.com/api/rest/v4/dockets/14612568/?format=json","id":14612568,"court":"https://www.courtlistener.com/api/rest/v4/courts/ctd/?format=json","court_id":"ctd","original_court_info":null,"idb_data":{"resource_uri":"https://www.courtlistener.com/api/rest/v4/fjc-integrated-database/25858514/?format=json","date_created":"2020-08-27T04:32:17.278210-07:00","date_modified":"2022-01-28T11:27:30.922605-08:00","dataset_source":9,"office":"3","docket_number":"1802062",

--- docket=14661241 call#5265 ---
URL: https://www.courtlistener.com/api/rest/v4/dockets/14661241/?format=json
Status: 200
Body: {"resource_uri":"https://www.courtlistener.com/api/rest/v4/dockets/14661241/?format=json","id":14661241,"court":"https://www.courtlistener.com/api/rest/v4/courts/cand/?format=json","court_id":"cand","original_court_info":null,"idb_data":{"resource_uri":"https://www.courtlistener.com/api/rest/v4/fjc-integrated-database/25594195/?format=json","date_created":"2020-08-27T02:01:48.141785-07:00","date_modified":"2022-01-28T13:42:02.988173-08:00","dataset_source":9,"office":"4","docket_number":"1900054

--- docket=65635785 call#5266 ---
URL: https://www.courtlistener.com/api/rest/v4/dockets/65635785/?format=json
Status: 200
Body: {"resource_uri":"https://www.courtlistener.com/api/rest/v4/dockets/65635785/?format=json","id":65635785,"court":"https://www.courtlistener.com/api/rest/v4/courts/nysd/?format=json","court_id":"nysd","original_court_info":null,"idb_data":null,"clusters":["https://www.courtlistener.com/api/rest/v4/clusters/9891761/?format=json","https://www.courtlistener.com/api/rest/v4/clusters/9882016/?format=json"],"audio_files":[],"assigned_to":"https://www.courtlistener.com/api/rest/v4/people/15332/?format=js

--- docket=14671068 call#5267 ---
URL: https://www.courtlistener.com/api/rest/v4/dockets/14671068/?format=json
Status: 200
Body: {"resource_uri":"https://www.courtlistener.com/api/rest/v4/dockets/14671068/?format=json","id":14671068,"court":"https://www.courtlistener.com/api/rest/v4/courts/casd/?format=json","court_id":"casd","original_court_info":null,"idb_data":{"resource_uri":"https://www.courtlistener.com/api/rest/v4/fjc-integrated-database/25564131/?format=json","date_created":"2020-08-27T01:47:54.512016-07:00","date_modified":"2022-01-28T10:59:53.371366-08:00","dataset_source":9,"office":"3","docket_number":"1900460

--- docket=14653050 call#5268 ---
URL: https://www.courtlistener.com/api/rest/v4/dockets/14653050/?format=json
Status: 200
Body: {"resource_uri":"https://www.courtlistener.com/api/rest/v4/dockets/14653050/?format=json","id":14653050,"court":"https://www.courtlistener.com/api/rest/v4/courts/ctd/?format=json","court_id":"ctd","original_court_info":null,"idb_data":{"resource_uri":"https://www.courtlistener.com/api/rest/v4/fjc-integrated-database/25977016/?format=json","date_created":"2020-08-27T06:35:53.166396-07:00","date_modified":"2022-01-28T08:07:41.892507-08:00","dataset_source":9,"office":"3","docket_number":"1801846",

--- docket=16437905 call#5269 ---
URL: https://www.courtlistener.com/api/rest/v4/dockets/16437905/?format=json
Status: 200
Body: {"resource_uri":"https://www.courtlistener.com/api/rest/v4/dockets/16437905/?format=json","id":16437905,"court":"https://www.courtlistener.com/api/rest/v4/courts/nysd/?format=json","court_id":"nysd","original_court_info":null,"idb_data":{"resource_uri":"https://www.courtlistener.com/api/rest/v4/fjc-integrated-database/25835943/?format=json","date_created":"2020-08-27T04:20:03.245957-07:00","date_modified":"2022-01-28T11:36:12.570421-08:00","dataset_source":9,"office":"1","docket_number":"1910299

--- docket=15747213 call#5270 ---
URL: https://www.courtlistener.com/api/rest/v4/dockets/15747213/?format=json
Status: 200
Body: {"resource_uri":"https://www.courtlistener.com/api/rest/v4/dockets/15747213/?format=json","id":15747213,"court":"https://www.courtlistener.com/api/rest/v4/courts/okwd/?format=json","court_id":"okwd","original_court_info":null,"idb_data":{"resource_uri":"https://www.courtlistener.com/api/rest/v4/fjc-integrated-database/25534143/?format=json","date_created":"2020-08-27T01:34:22.534560-07:00","date_modified":"2022-01-28T14:07:09.910309-08:00","dataset_source":9,"office":"5","docket_number":"1900522

--- docket=67232346 call#5271 ---
URL: https://www.courtlistener.com/api/rest/v4/dockets/67232346/?format=json
Status: 200
Body: {"resource_uri":"https://www.courtlistener.com/api/rest/v4/dockets/67232346/?format=json","id":67232346,"court":"https://www.courtlistener.com/api/rest/v4/courts/cacd/?format=json","court_id":"cacd","original_court_info":null,"idb_data":null,"clusters":["https://www.courtlistener.com/api/rest/v4/clusters/9516747/?format=json","https://www.courtlistener.com/api/rest/v4/clusters/9516962/?format=json"],"audio_files":[],"assigned_to":"https://www.courtlistener.com/api/rest/v4/people/2465/?format=jso

--- docket=6280508 call#5272 ---
URL: https://www.courtlistener.com/api/rest/v4/dockets/6280508/?format=json
Status: 200
Body: {"resource_uri":"https://www.courtlistener.com/api/rest/v4/dockets/6280508/?format=json","id":6280508,"court":"https://www.courtlistener.com/api/rest/v4/courts/mad/?format=json","court_id":"mad","original_court_info":null,"idb_data":{"resource_uri":"https://www.courtlistener.com/api/rest/v4/fjc-integrated-database/24481934/?format=json","date_created":"2018-11-21T09:48:05.365566-08:00","date_modified":"2022-01-28T08:05:28.048979-08:00","dataset_source":9,"office":"1","docket_number":"1810086","o

--- docket=16993037 call#5273 ---
URL: https://www.courtlistener.com/api/rest/v4/dockets/16993037/?format=json
Status: 200
Body: {"resource_uri":"https://www.courtlistener.com/api/rest/v4/dockets/16993037/?format=json","id":16993037,"court":"https://www.courtlistener.com/api/rest/v4/courts/nysd/?format=json","court_id":"nysd","original_court_info":null,"idb_data":{"resource_uri":"https://www.courtlistener.com/api/rest/v4/fjc-integrated-database/25832310/?format=json","date_created":"2020-08-27T04:18:39.764957-07:00","date_modified":"2022-01-28T11:36:44.468583-08:00","dataset_source":9,"office":"1","docket_number":"2002414

--- docket=60074111 call#5274 ---
URL: https://www.courtlistener.com/api/rest/v4/dockets/60074111/?format=json
Status: 200
Body: {"resource_uri":"https://www.courtlistener.com/api/rest/v4/dockets/60074111/?format=json","id":60074111,"court":"https://www.courtlistener.com/api/rest/v4/courts/utd/?format=json","court_id":"utd","original_court_info":null,"idb_data":null,"clusters":["https://www.courtlistener.com/api/rest/v4/clusters/10218806/?format=json"],"audio_files":[],"assigned_to":"https://www.courtlistener.com/api/rest/v4/people/2942/?format=json","referred_to":null,"bankruptcy_information":null,"absolute_url":"/docket

--- docket=67939841 call#5275 ---
URL: https://www.courtlistener.com/api/rest/v4/dockets/67939841/?format=json
Status: 200
Body: {"resource_uri":"https://www.courtlistener.com/api/rest/v4/dockets/67939841/?format=json","id":67939841,"court":"https://www.courtlistener.com/api/rest/v4/courts/nced/?format=json","court_id":"nced","original_court_info":null,"idb_data":null,"clusters":["https://www.courtlistener.com/api/rest/v4/clusters/10186800/?format=json"],"audio_files":[],"assigned_to":"https://www.courtlistener.com/api/rest/v4/people/861/?format=json","referred_to":"https://www.courtlistener.com/api/rest/v4/people/9357/?f

--- docket=67764003 call#5276 ---
URL: https://www.courtlistener.com/api/rest/v4/dockets/67764003/?format=json
Status: 200
Body: {"resource_uri":"https://www.courtlistener.com/api/rest/v4/dockets/67764003/?format=json","id":67764003,"court":"https://www.courtlistener.com/api/rest/v4/courts/nysd/?format=json","court_id":"nysd","original_court_info":null,"idb_data":null,"clusters":["https://www.courtlistener.com/api/rest/v4/clusters/9890127/?format=json"],"audio_files":[],"assigned_to":"https://www.courtlistener.com/api/rest/v4/people/733/?format=json","referred_to":null,"bankruptcy_information":null,"absolute_url":"/docket

--- docket=14536211 call#5277 ---
URL: https://www.courtlistener.com/api/rest/v4/dockets/14536211/?format=json
Status: 200
Body: {"resource_uri":"https://www.courtlistener.com/api/rest/v4/dockets/14536211/?format=json","id":14536211,"court":"https://www.courtlistener.com/api/rest/v4/courts/nysd/?format=json","court_id":"nysd","original_court_info":null,"idb_data":{"resource_uri":"https://www.courtlistener.com/api/rest/v4/fjc-integrated-database/25842013/?format=json","date_created":"2020-08-27T04:22:14.545511-07:00","date_modified":"2022-01-28T09:55:38.333867-08:00","dataset_source":9,"office":"1","docket_number":"1900980

--- docket=8385712 call#5278 ---
URL: https://www.courtlistener.com/api/rest/v4/dockets/8385712/?format=json
Status: 200
Body: {"resource_uri":"https://www.courtlistener.com/api/rest/v4/dockets/8385712/?format=json","id":8385712,"court":"https://www.courtlistener.com/api/rest/v4/courts/ksd/?format=json","court_id":"ksd","original_court_info":null,"idb_data":{"resource_uri":"https://www.courtlistener.com/api/rest/v4/fjc-integrated-database/25540070/?format=json","date_created":"2020-08-27T01:36:58.850937-07:00","date_modified":"2022-01-28T14:04:49.606717-08:00","dataset_source":9,"office":"2","docket_number":"1802662","o

--- docket=68387500 call#5279 ---
URL: https://www.courtlistener.com/api/rest/v4/dockets/68387500/?format=json
Status: 200
Body: {"resource_uri":"https://www.courtlistener.com/api/rest/v4/dockets/68387500/?format=json","id":68387500,"court":"https://www.courtlistener.com/api/rest/v4/courts/njd/?format=json","court_id":"njd","original_court_info":null,"idb_data":null,"clusters":["https://www.courtlistener.com/api/rest/v4/clusters/10369473/?format=json"],"audio_files":[],"assigned_to":"https://www.courtlistener.com/api/rest/v4/people/9383/?format=json","referred_to":"https://www.courtlistener.com/api/rest/v4/people/9379/?fo

--- docket=17471429 call#5280 ---
URL: https://www.courtlistener.com/api/rest/v4/dockets/17471429/?format=json
Status: 200
Body: {"resource_uri":"https://www.courtlistener.com/api/rest/v4/dockets/17471429/?format=json","id":17471429,"court":"https://www.courtlistener.com/api/rest/v4/courts/ohsd/?format=json","court_id":"ohsd","original_court_info":null,"idb_data":null,"clusters":["https://www.courtlistener.com/api/rest/v4/clusters/9913375/?format=json"],"audio_files":[],"assigned_to":"https://www.courtlistener.com/api/rest/v4/people/15330/?format=json","referred_to":null,"bankruptcy_information":null,"absolute_url":"/dock

--- docket=8001478 call#5281 ---
URL: https://www.courtlistener.com/api/rest/v4/dockets/8001478/?format=json
Status: 200
Body: {"resource_uri":"https://www.courtlistener.com/api/rest/v4/dockets/8001478/?format=json","id":8001478,"court":"https://www.courtlistener.com/api/rest/v4/courts/nysd/?format=json","court_id":"nysd","original_court_info":null,"idb_data":{"resource_uri":"https://www.courtlistener.com/api/rest/v4/fjc-integrated-database/25843503/?format=json","date_created":"2020-08-27T04:23:01.113760-07:00","date_modified":"2022-01-28T09:55:25.567705-08:00","dataset_source":9,"office":"1","docket_number":"1809228",

--- docket=7710070 call#5282 ---
URL: https://www.courtlistener.com/api/rest/v4/dockets/7710070/?format=json
Status: 200
Body: {"resource_uri":"https://www.courtlistener.com/api/rest/v4/dockets/7710070/?format=json","id":7710070,"court":"https://www.courtlistener.com/api/rest/v4/courts/nysd/?format=json","court_id":"nysd","original_court_info":null,"idb_data":{"resource_uri":"https://www.courtlistener.com/api/rest/v4/fjc-integrated-database/24536130/?format=json","date_created":"2018-11-21T09:53:15.695412-08:00","date_modified":"2022-01-28T09:55:21.229134-08:00","dataset_source":9,"office":"1","docket_number":"1807625",

--- docket=15498481 call#5283 ---
URL: https://www.courtlistener.com/api/rest/v4/dockets/15498481/?format=json
Status: 200
Body: {"resource_uri":"https://www.courtlistener.com/api/rest/v4/dockets/15498481/?format=json","id":15498481,"court":"https://www.courtlistener.com/api/rest/v4/courts/ded/?format=json","court_id":"ded","original_court_info":null,"idb_data":{"resource_uri":"https://www.courtlistener.com/api/rest/v4/fjc-integrated-database/25822959/?format=json","date_created":"2020-08-27T04:13:22.472967-07:00","date_modified":"2022-01-28T11:43:52.551758-08:00","dataset_source":9,"office":"1","docket_number":"1900898",

--- docket=17139306 call#5284 ---
URL: https://www.courtlistener.com/api/rest/v4/dockets/17139306/?format=json
Status: 200
Body: {"resource_uri":"https://www.courtlistener.com/api/rest/v4/dockets/17139306/?format=json","id":17139306,"court":"https://www.courtlistener.com/api/rest/v4/courts/nysd/?format=json","court_id":"nysd","original_court_info":null,"idb_data":{"resource_uri":"https://www.courtlistener.com/api/rest/v4/fjc-integrated-database/25831283/?format=json","date_created":"2020-08-27T04:18:21.313722-07:00","date_modified":"2022-01-28T11:36:57.579277-08:00","dataset_source":9,"office":"1","docket_number":"2003579

--- docket=61654670 call#5285 ---
URL: https://www.courtlistener.com/api/rest/v4/dockets/61654670/?format=json
Status: 200
Body: {"resource_uri":"https://www.courtlistener.com/api/rest/v4/dockets/61654670/?format=json","id":61654670,"court":"https://www.courtlistener.com/api/rest/v4/courts/nysd/?format=json","court_id":"nysd","original_court_info":null,"idb_data":null,"clusters":["https://www.courtlistener.com/api/rest/v4/clusters/9881330/?format=json"],"audio_files":[],"assigned_to":"https://www.courtlistener.com/api/rest/v4/people/2655/?format=json","referred_to":null,"bankruptcy_information":null,"absolute_url":"/docke

--- docket=68249273 call#5286 ---
URL: https://www.courtlistener.com/api/rest/v4/dockets/68249273/?format=json
Status: 200
Body: {"resource_uri":"https://www.courtlistener.com/api/rest/v4/dockets/68249273/?format=json","id":68249273,"court":"https://www.courtlistener.com/api/rest/v4/courts/cacd/?format=json","court_id":"cacd","original_court_info":null,"idb_data":null,"clusters":["https://www.courtlistener.com/api/rest/v4/clusters/10325915/?format=json"],"audio_files":[],"assigned_to":"https://www.courtlistener.com/api/rest/v4/people/261/?format=json","referred_to":"https://www.courtlistener.com/api/rest/v4/people/9052/?f

--- docket=18200346 call#5287 ---
URL: https://www.courtlistener.com/api/rest/v4/dockets/18200346/?format=json
Status: 200
Body: {"resource_uri":"https://www.courtlistener.com/api/rest/v4/dockets/18200346/?format=json","id":18200346,"court":"https://www.courtlistener.com/api/rest/v4/courts/txwd/?format=json","court_id":"txwd","original_court_info":null,"idb_data":null,"clusters":["https://www.courtlistener.com/api/rest/v4/clusters/10214107/?format=json","https://www.courtlistener.com/api/rest/v4/clusters/10215428/?format=json"],"audio_files":[],"assigned_to":"https://www.courtlistener.com/api/rest/v4/people/2573/?format=j

--- docket=67855467 call#5288 ---
URL: https://www.courtlistener.com/api/rest/v4/dockets/67855467/?format=json
Status: 200
Body: {"resource_uri":"https://www.courtlistener.com/api/rest/v4/dockets/67855467/?format=json","id":67855467,"court":"https://www.courtlistener.com/api/rest/v4/courts/prd/?format=json","court_id":"prd","original_court_info":null,"idb_data":null,"clusters":["https://www.courtlistener.com/api/rest/v4/clusters/9954487/?format=json"],"audio_files":[],"assigned_to":"https://www.courtlistener.com/api/rest/v4/people/8535/?format=json","referred_to":null,"bankruptcy_information":null,"absolute_url":"/docket/

--- docket=7724482 call#5289 ---
URL: https://www.courtlistener.com/api/rest/v4/dockets/7724482/?format=json
Status: 200
Body: {"resource_uri":"https://www.courtlistener.com/api/rest/v4/dockets/7724482/?format=json","id":7724482,"court":"https://www.courtlistener.com/api/rest/v4/courts/flsd/?format=json","court_id":"flsd","original_court_info":null,"idb_data":{"resource_uri":"https://www.courtlistener.com/api/rest/v4/fjc-integrated-database/25880972/?format=json","date_created":"2020-08-27T04:46:29.418802-07:00","date_modified":"2022-01-28T09:43:42.715445-08:00","dataset_source":9,"office":"1","docket_number":"1823369",

--- docket=6378779 call#5290 ---
URL: https://www.courtlistener.com/api/rest/v4/dockets/6378779/?format=json
Status: 200
Body: {"resource_uri":"https://www.courtlistener.com/api/rest/v4/dockets/6378779/?format=json","id":6378779,"court":"https://www.courtlistener.com/api/rest/v4/courts/caed/?format=json","court_id":"caed","original_court_info":null,"idb_data":{"resource_uri":"https://www.courtlistener.com/api/rest/v4/fjc-integrated-database/24980009/?format=json","date_created":"2018-11-21T10:38:32.554306-08:00","date_modified":"2022-01-28T10:53:38.365257-08:00","dataset_source":9,"office":"2","docket_number":"1800714",

--- docket=4611590 call#5291 ---
URL: https://www.courtlistener.com/api/rest/v4/dockets/4611590/?format=json
Status: 200
Body: {"resource_uri":"https://www.courtlistener.com/api/rest/v4/dockets/4611590/?format=json","id":4611590,"court":"https://www.courtlistener.com/api/rest/v4/courts/mad/?format=json","court_id":"mad","original_court_info":null,"idb_data":{"resource_uri":"https://www.courtlistener.com/api/rest/v4/fjc-integrated-database/24479869/?format=json","date_created":"2018-11-21T09:47:54.192066-08:00","date_modified":"2022-01-28T08:05:19.040398-08:00","dataset_source":9,"office":"1","docket_number":"1710247","o

--- docket=62629961 call#5292 ---
URL: https://www.courtlistener.com/api/rest/v4/dockets/62629961/?format=json
Status: 200
Body: {"resource_uri":"https://www.courtlistener.com/api/rest/v4/dockets/62629961/?format=json","id":62629961,"court":"https://www.courtlistener.com/api/rest/v4/courts/tnmd/?format=json","court_id":"tnmd","original_court_info":null,"idb_data":null,"clusters":["https://www.courtlistener.com/api/rest/v4/clusters/9971891/?format=json"],"audio_files":[],"assigned_to":"https://www.courtlistener.com/api/rest/v4/people/8567/?format=json","referred_to":"https://www.courtlistener.com/api/rest/v4/people/9552/?f

--- docket=62611424 call#5293 ---
URL: https://www.courtlistener.com/api/rest/v4/dockets/62611424/?format=json
Status: 200
Body: {"resource_uri":"https://www.courtlistener.com/api/rest/v4/dockets/62611424/?format=json","id":62611424,"court":"https://www.courtlistener.com/api/rest/v4/courts/nynd/?format=json","court_id":"nynd","original_court_info":null,"idb_data":null,"clusters":["https://www.courtlistener.com/api/rest/v4/clusters/9848072/?format=json","https://www.courtlistener.com/api/rest/v4/clusters/9848246/?format=json"],"audio_files":[],"assigned_to":"https://www.courtlistener.com/api/rest/v4/people/1574/?format=jso

--- docket=62660271 call#5294 ---
URL: https://www.courtlistener.com/api/rest/v4/dockets/62660271/?format=json
Status: 200
Body: {"resource_uri":"https://www.courtlistener.com/api/rest/v4/dockets/62660271/?format=json","id":62660271,"court":"https://www.courtlistener.com/api/rest/v4/courts/nysd/?format=json","court_id":"nysd","original_court_info":null,"idb_data":null,"clusters":["https://www.courtlistener.com/api/rest/v4/clusters/9874684/?format=json","https://www.courtlistener.com/api/rest/v4/clusters/9887149/?format=json"],"audio_files":[],"assigned_to":"https://www.courtlistener.com/api/rest/v4/people/3144/?format=jso

--- docket=62999932 call#5295 ---
URL: https://www.courtlistener.com/api/rest/v4/dockets/62999932/?format=json
Status: 200
Body: {"resource_uri":"https://www.courtlistener.com/api/rest/v4/dockets/62999932/?format=json","id":62999932,"court":"https://www.courtlistener.com/api/rest/v4/courts/cand/?format=json","court_id":"cand","original_court_info":null,"idb_data":null,"clusters":["https://www.courtlistener.com/api/rest/v4/clusters/9604799/?format=json"],"audio_files":[],"assigned_to":null,"referred_to":"https://www.courtlistener.com/api/rest/v4/people/9097/?format=json","bankruptcy_information":null,"absolute_url":"/docke

--- docket=14720981 call#5296 ---
URL: https://www.courtlistener.com/api/rest/v4/dockets/14720981/?format=json
Status: 200
Body: {"resource_uri":"https://www.courtlistener.com/api/rest/v4/dockets/14720981/?format=json","id":14720981,"court":"https://www.courtlistener.com/api/rest/v4/courts/cod/?format=json","court_id":"cod","original_court_info":null,"idb_data":{"resource_uri":"https://www.courtlistener.com/api/rest/v4/fjc-integrated-database/25544355/?format=json","date_created":"2020-08-27T01:38:37.737554-07:00","date_modified":"2022-01-28T11:05:17.128324-08:00","dataset_source":9,"office":"1","docket_number":"1900745",

--- docket=6261814 call#5297 ---
URL: https://www.courtlistener.com/api/rest/v4/dockets/6261814/?format=json
Status: 200
Body: {"resource_uri":"https://www.courtlistener.com/api/rest/v4/dockets/6261814/?format=json","id":6261814,"court":"https://www.courtlistener.com/api/rest/v4/courts/nysd/?format=json","court_id":"nysd","original_court_info":null,"idb_data":{"resource_uri":"https://www.courtlistener.com/api/rest/v4/fjc-integrated-database/24523047/?format=json","date_created":"2018-11-21T09:52:03.220020-08:00","date_modified":"2022-01-28T09:54:57.965093-08:00","dataset_source":9,"office":"1","docket_number":"1701866",

--- docket=4611874 call#5298 ---
URL: https://www.courtlistener.com/api/rest/v4/dockets/4611874/?format=json
Status: 200
Body: {"resource_uri":"https://www.courtlistener.com/api/rest/v4/dockets/4611874/?format=json","id":4611874,"court":"https://www.courtlistener.com/api/rest/v4/courts/ctd/?format=json","court_id":"ctd","original_court_info":null,"idb_data":{"resource_uri":"https://www.courtlistener.com/api/rest/v4/fjc-integrated-database/24492871/?format=json","date_created":"2018-11-21T09:49:07.269624-08:00","date_modified":"2022-01-28T11:27:24.820256-08:00","dataset_source":9,"office":"3","docket_number":"1700246","o

--- docket=61609987 call#5299 ---
URL: https://www.courtlistener.com/api/rest/v4/dockets/61609987/?format=json
Status: 200
Body: {"resource_uri":"https://www.courtlistener.com/api/rest/v4/dockets/61609987/?format=json","id":61609987,"court":"https://www.courtlistener.com/api/rest/v4/courts/nyed/?format=json","court_id":"nyed","original_court_info":null,"idb_data":null,"clusters":["https://www.courtlistener.com/api/rest/v4/clusters/9844930/?format=json"],"audio_files":[],"assigned_to":null,"referred_to":null,"bankruptcy_information":null,"absolute_url":"/docket/61609987/meyer-v-organogenesis-holdings-inc/","date_created":"

--- docket=14750620 call#5300 ---
URL: https://www.courtlistener.com/api/rest/v4/dockets/14750620/?format=json
Status: 200
Body: {"resource_uri":"https://www.courtlistener.com/api/rest/v4/dockets/14750620/?format=json","id":14750620,"court":"https://www.courtlistener.com/api/rest/v4/courts/nvd/?format=json","court_id":"nvd","original_court_info":null,"idb_data":{"resource_uri":"https://www.courtlistener.com/api/rest/v4/fjc-integrated-database/25558062/?format=json","date_created":"2020-08-27T01:44:45.995676-07:00","date_modified":"2022-01-28T13:57:03.837099-08:00","dataset_source":9,"office":"2","docket_number":"1900428",

--- docket=7882628 call#5301 ---
URL: https://www.courtlistener.com/api/rest/v4/dockets/7882628/?format=json
Status: 200
Body: {"resource_uri":"https://www.courtlistener.com/api/rest/v4/dockets/7882628/?format=json","id":7882628,"court":"https://www.courtlistener.com/api/rest/v4/courts/nvd/?format=json","court_id":"nvd","original_court_info":null,"idb_data":{"resource_uri":"https://www.courtlistener.com/api/rest/v4/fjc-integrated-database/25022926/?format=json","date_created":"2018-11-21T10:42:37.419080-08:00","date_modified":"2022-01-28T13:56:58.503319-08:00","dataset_source":9,"office":"2","docket_number":"1801602","o

--- docket=8239058 call#5302 ---
URL: https://www.courtlistener.com/api/rest/v4/dockets/8239058/?format=json
Status: 200
Body: {"resource_uri":"https://www.courtlistener.com/api/rest/v4/dockets/8239058/?format=json","id":8239058,"court":"https://www.courtlistener.com/api/rest/v4/courts/nyed/?format=json","court_id":"nyed","original_court_info":null,"idb_data":{"resource_uri":"https://www.courtlistener.com/api/rest/v4/fjc-integrated-database/25853073/?format=json","date_created":"2020-08-27T04:28:56.547454-07:00","date_modified":"2022-01-28T11:30:01.949010-08:00","dataset_source":9,"office":"1","docket_number":"1806716",

--- docket=4570058 call#5303 ---
URL: https://www.courtlistener.com/api/rest/v4/dockets/4570058/?format=json
Status: 200
Body: {"resource_uri":"https://www.courtlistener.com/api/rest/v4/dockets/4570058/?format=json","id":4570058,"court":"https://www.courtlistener.com/api/rest/v4/courts/njd/?format=json","court_id":"njd","original_court_info":null,"idb_data":{"resource_uri":"https://www.courtlistener.com/api/rest/v4/fjc-integrated-database/24558775/?format=json","date_created":"2018-11-21T09:57:01.607544-08:00","date_modified":"2022-01-28T08:18:36.912101-08:00","dataset_source":9,"office":"2","docket_number":"1604579","o

--- docket=14779888 call#5304 ---
URL: https://www.courtlistener.com/api/rest/v4/dockets/14779888/?format=json
Status: 200
Body: {"resource_uri":"https://www.courtlistener.com/api/rest/v4/dockets/14779888/?format=json","id":14779888,"court":"https://www.courtlistener.com/api/rest/v4/courts/nyed/?format=json","court_id":"nyed","original_court_info":null,"idb_data":{"resource_uri":"https://www.courtlistener.com/api/rest/v4/fjc-integrated-database/25852279/?format=json","date_created":"2020-08-27T04:28:35.972274-07:00","date_modified":"2022-01-28T11:30:09.023410-08:00","dataset_source":9,"office":"1","docket_number":"1901589

--- docket=17050000 call#5305 ---
URL: https://www.courtlistener.com/api/rest/v4/dockets/17050000/?format=json
Status: 200
Body: {"resource_uri":"https://www.courtlistener.com/api/rest/v4/dockets/17050000/?format=json","id":17050000,"court":"https://www.courtlistener.com/api/rest/v4/courts/cand/?format=json","court_id":"cand","original_court_info":null,"idb_data":{"resource_uri":"https://www.courtlistener.com/api/rest/v4/fjc-integrated-database/25592467/?format=json","date_created":"2020-08-27T02:01:11.569470-07:00","date_modified":"2022-01-28T13:42:18.315290-08:00","dataset_source":9,"office":"4","docket_number":"2002341

--- docket=6364547 call#5306 ---
URL: https://www.courtlistener.com/api/rest/v4/dockets/6364547/?format=json
Status: 200
Body: {"resource_uri":"https://www.courtlistener.com/api/rest/v4/dockets/6364547/?format=json","id":6364547,"court":"https://www.courtlistener.com/api/rest/v4/courts/ded/?format=json","court_id":"ded","original_court_info":null,"idb_data":{"resource_uri":"https://www.courtlistener.com/api/rest/v4/fjc-integrated-database/24549934/?format=json","date_created":"2018-11-21T09:54:34.554029-08:00","date_modified":"2022-01-28T11:43:41.085438-08:00","dataset_source":9,"office":"1","docket_number":"1800212","o

--- docket=14712040 call#5307 ---
URL: https://www.courtlistener.com/api/rest/v4/dockets/14712040/?format=json
Status: 200
Body: {"resource_uri":"https://www.courtlistener.com/api/rest/v4/dockets/14712040/?format=json","id":14712040,"court":"https://www.courtlistener.com/api/rest/v4/courts/txsd/?format=json","court_id":"txsd","original_court_info":null,"idb_data":{"resource_uri":"https://www.courtlistener.com/api/rest/v4/fjc-integrated-database/25705951/?format=json","date_created":"2020-08-27T02:58:28.726984-07:00","date_modified":"2022-01-28T10:26:44.667972-08:00","dataset_source":9,"office":"4","docket_number":"1900145

--- docket=16383693 call#5308 ---
URL: https://www.courtlistener.com/api/rest/v4/dockets/16383693/?format=json
Status: 200
Body: {"resource_uri":"https://www.courtlistener.com/api/rest/v4/dockets/16383693/?format=json","id":16383693,"court":"https://www.courtlistener.com/api/rest/v4/courts/cand/?format=json","court_id":"cand","original_court_info":null,"idb_data":{"resource_uri":"https://www.courtlistener.com/api/rest/v4/fjc-integrated-database/25593185/?format=json","date_created":"2020-08-27T02:01:29.169692-07:00","date_modified":"2022-01-28T13:42:11.072689-08:00","dataset_source":9,"office":"4","docket_number":"1906996

--- docket=68464568 call#5309 ---
URL: https://www.courtlistener.com/api/rest/v4/dockets/68464568/?format=json
Status: 200
Body: {"resource_uri":"https://www.courtlistener.com/api/rest/v4/dockets/68464568/?format=json","id":68464568,"court":"https://www.courtlistener.com/api/rest/v4/courts/njd/?format=json","court_id":"njd","original_court_info":null,"idb_data":null,"clusters":["https://www.courtlistener.com/api/rest/v4/clusters/10325830/?format=json"],"audio_files":[],"assigned_to":null,"referred_to":null,"bankruptcy_information":null,"absolute_url":"/docket/68464568/palomino-master-ltd-v-credit-suisse-group-ag/","date_c

--- docket=63201637 call#5310 ---
URL: https://www.courtlistener.com/api/rest/v4/dockets/63201637/?format=json
Status: 200
Body: {"resource_uri":"https://www.courtlistener.com/api/rest/v4/dockets/63201637/?format=json","id":63201637,"court":"https://www.courtlistener.com/api/rest/v4/courts/cand/?format=json","court_id":"cand","original_court_info":null,"idb_data":null,"clusters":["https://www.courtlistener.com/api/rest/v4/clusters/10173241/?format=json"],"audio_files":[],"assigned_to":"https://www.courtlistener.com/api/rest/v4/people/3228/?format=json","referred_to":null,"bankruptcy_information":null,"absolute_url":"/dock

--- docket=14711243 call#5311 ---
URL: https://www.courtlistener.com/api/rest/v4/dockets/14711243/?format=json
Status: 200
Body: {"resource_uri":"https://www.courtlistener.com/api/rest/v4/dockets/14711243/?format=json","id":14711243,"court":"https://www.courtlistener.com/api/rest/v4/courts/cand/?format=json","court_id":"cand","original_court_info":null,"idb_data":{"resource_uri":"https://www.courtlistener.com/api/rest/v4/fjc-integrated-database/25591729/?format=json","date_created":"2020-08-27T02:00:43.752229-07:00","date_modified":"2022-01-28T13:43:08.376169-08:00","dataset_source":9,"office":"5","docket_number":"1901372

--- docket=68405997 call#5312 ---
URL: https://www.courtlistener.com/api/rest/v4/dockets/68405997/?format=json
Status: 200
Body: {"resource_uri":"https://www.courtlistener.com/api/rest/v4/dockets/68405997/?format=json","id":68405997,"court":"https://www.courtlistener.com/api/rest/v4/courts/txnd/?format=json","court_id":"txnd","original_court_info":null,"idb_data":null,"clusters":["https://www.courtlistener.com/api/rest/v4/clusters/10316388/?format=json","https://www.courtlistener.com/api/rest/v4/clusters/10361766/?format=json","https://www.courtlistener.com/api/rest/v4/clusters/10376495/?format=json","https://www.courtlis

--- docket=68983181 call#5313 ---
URL: https://www.courtlistener.com/api/rest/v4/dockets/68983181/?format=json
Status: 200
Body: {"resource_uri":"https://www.courtlistener.com/api/rest/v4/dockets/68983181/?format=json","id":68983181,"court":"https://www.courtlistener.com/api/rest/v4/courts/nysd/?format=json","court_id":"nysd","original_court_info":null,"idb_data":null,"clusters":["https://www.courtlistener.com/api/rest/v4/clusters/10297454/?format=json","https://www.courtlistener.com/api/rest/v4/clusters/10331803/?format=json"],"audio_files":[],"assigned_to":"https://www.courtlistener.com/api/rest/v4/people/3144/?format=j

--- docket=63365321 call#5314 ---
URL: https://www.courtlistener.com/api/rest/v4/dockets/63365321/?format=json
Status: 200
Body: {"resource_uri":"https://www.courtlistener.com/api/rest/v4/dockets/63365321/?format=json","id":63365321,"court":"https://www.courtlistener.com/api/rest/v4/courts/mdd/?format=json","court_id":"mdd","original_court_info":null,"idb_data":null,"clusters":["https://www.courtlistener.com/api/rest/v4/clusters/10183173/?format=json","https://www.courtlistener.com/api/rest/v4/clusters/9741473/?format=json"],"audio_files":[],"assigned_to":null,"referred_to":null,"bankruptcy_information":null,"absolute_url

--- docket=8223064 call#5315 ---
URL: https://www.courtlistener.com/api/rest/v4/dockets/8223064/?format=json
Status: 200
Body: {"resource_uri":"https://www.courtlistener.com/api/rest/v4/dockets/8223064/?format=json","id":8223064,"court":"https://www.courtlistener.com/api/rest/v4/courts/cand/?format=json","court_id":"cand","original_court_info":null,"idb_data":{"resource_uri":"https://www.courtlistener.com/api/rest/v4/fjc-integrated-database/25591944/?format=json","date_created":"2020-08-27T02:00:47.453028-07:00","date_modified":"2022-01-28T10:52:39.745275-08:00","dataset_source":9,"office":"5","docket_number":"1806720",

--- docket=68983176 call#5316 ---
URL: https://www.courtlistener.com/api/rest/v4/dockets/68983176/?format=json
Status: 200
Body: {"resource_uri":"https://www.courtlistener.com/api/rest/v4/dockets/68983176/?format=json","id":68983176,"court":"https://www.courtlistener.com/api/rest/v4/courts/nysd/?format=json","court_id":"nysd","original_court_info":null,"idb_data":null,"clusters":["https://www.courtlistener.com/api/rest/v4/clusters/10297484/?format=json"],"audio_files":[],"assigned_to":"https://www.courtlistener.com/api/rest/v4/people/3144/?format=json","referred_to":null,"bankruptcy_information":null,"absolute_url":"/dock

--- docket=8165007 call#5317 ---
URL: https://www.courtlistener.com/api/rest/v4/dockets/8165007/?format=json
Status: 200
Body: {"resource_uri":"https://www.courtlistener.com/api/rest/v4/dockets/8165007/?format=json","id":8165007,"court":"https://www.courtlistener.com/api/rest/v4/courts/njd/?format=json","court_id":"njd","original_court_info":null,"idb_data":{"resource_uri":"https://www.courtlistener.com/api/rest/v4/fjc-integrated-database/25815901/?format=json","date_created":"2020-08-27T04:08:51.341525-07:00","date_modified":"2022-01-28T11:47:45.248225-08:00","dataset_source":9,"office":"2","docket_number":"1815536","o

--- docket=68283762 call#5318 ---
URL: https://www.courtlistener.com/api/rest/v4/dockets/68283762/?format=json
Status: 200
Body: {"resource_uri":"https://www.courtlistener.com/api/rest/v4/dockets/68283762/?format=json","id":68283762,"court":"https://www.courtlistener.com/api/rest/v4/courts/nysd/?format=json","court_id":"nysd","original_court_info":null,"idb_data":null,"clusters":["https://www.courtlistener.com/api/rest/v4/clusters/9892308/?format=json","https://www.courtlistener.com/api/rest/v4/clusters/9892056/?format=json"],"audio_files":[],"assigned_to":null,"referred_to":null,"bankruptcy_information":null,"absolute_ur

--- docket=14645349 call#5319 ---
URL: https://www.courtlistener.com/api/rest/v4/dockets/14645349/?format=json
Status: 200
Body: {"resource_uri":"https://www.courtlistener.com/api/rest/v4/dockets/14645349/?format=json","id":14645349,"court":"https://www.courtlistener.com/api/rest/v4/courts/wiwd/?format=json","court_id":"wiwd","original_court_info":null,"idb_data":{"resource_uri":"https://www.courtlistener.com/api/rest/v4/fjc-integrated-database/25629861/?format=json","date_created":"2020-08-27T02:21:03.646288-07:00","date_modified":"2022-01-28T13:27:21.040534-08:00","dataset_source":9,"office":"3","docket_number":"1900178

--- docket=67712073 call#5320 ---
URL: https://www.courtlistener.com/api/rest/v4/dockets/67712073/?format=json
Status: 200
Body: {"resource_uri":"https://www.courtlistener.com/api/rest/v4/dockets/67712073/?format=json","id":67712073,"court":"https://www.courtlistener.com/api/rest/v4/courts/scd/?format=json","court_id":"scd","original_court_info":null,"idb_data":null,"clusters":["https://www.courtlistener.com/api/rest/v4/clusters/9963705/?format=json","https://www.courtlistener.com/api/rest/v4/clusters/9964405/?format=json"],"audio_files":[],"assigned_to":"https://www.courtlistener.com/api/rest/v4/people/1926/?format=json"

--- docket=6138431 call#5321 ---
URL: https://www.courtlistener.com/api/rest/v4/dockets/6138431/?format=json
Status: 200
Body: {"resource_uri":"https://www.courtlistener.com/api/rest/v4/dockets/6138431/?format=json","id":6138431,"court":"https://www.courtlistener.com/api/rest/v4/courts/mad/?format=json","court_id":"mad","original_court_info":null,"idb_data":{"resource_uri":"https://www.courtlistener.com/api/rest/v4/fjc-integrated-database/24480806/?format=json","date_created":"2018-11-21T09:47:59.851117-08:00","date_modified":"2022-01-28T08:05:22.947908-08:00","dataset_source":9,"office":"1","docket_number":"1711504","o

--- docket=4276344 call#5322 ---
URL: https://www.courtlistener.com/api/rest/v4/dockets/4276344/?format=json
Status: 200
Body: {"resource_uri":"https://www.courtlistener.com/api/rest/v4/dockets/4276344/?format=json","id":4276344,"court":"https://www.courtlistener.com/api/rest/v4/courts/mad/?format=json","court_id":"mad","original_court_info":null,"idb_data":{"resource_uri":"https://www.courtlistener.com/api/rest/v4/fjc-integrated-database/24478994/?format=json","date_created":"2018-11-21T09:47:47.957142-08:00","date_modified":"2022-01-28T08:05:13.344485-08:00","dataset_source":9,"office":"1","docket_number":"1610607","o

--- docket=67112380 call#5323 ---
URL: https://www.courtlistener.com/api/rest/v4/dockets/67112380/?format=json
Status: 200
Body: {"resource_uri":"https://www.courtlistener.com/api/rest/v4/dockets/67112380/?format=json","id":67112380,"court":"https://www.courtlistener.com/api/rest/v4/courts/mnd/?format=json","court_id":"mnd","original_court_info":null,"idb_data":null,"clusters":["https://www.courtlistener.com/api/rest/v4/clusters/9764231/?format=json","https://www.courtlistener.com/api/rest/v4/clusters/9764474/?format=json","https://www.courtlistener.com/api/rest/v4/clusters/10275495/?format=json"],"audio_files":[],"assign

--- docket=67017641 call#5324 ---
URL: https://www.courtlistener.com/api/rest/v4/dockets/67017641/?format=json
Status: 200
Body: {"resource_uri":"https://www.courtlistener.com/api/rest/v4/dockets/67017641/?format=json","id":67017641,"court":"https://www.courtlistener.com/api/rest/v4/courts/nvd/?format=json","court_id":"nvd","original_court_info":null,"idb_data":null,"clusters":["https://www.courtlistener.com/api/rest/v4/clusters/9833513/?format=json","https://www.courtlistener.com/api/rest/v4/clusters/10191025/?format=json","https://www.courtlistener.com/api/rest/v4/clusters/9833947/?format=json"],"audio_files":[],"assign

--- docket=7825408 call#5325 ---
URL: https://www.courtlistener.com/api/rest/v4/dockets/7825408/?format=json
Status: 200
Body: {"resource_uri":"https://www.courtlistener.com/api/rest/v4/dockets/7825408/?format=json","id":7825408,"court":"https://www.courtlistener.com/api/rest/v4/courts/nyed/?format=json","court_id":"nyed","original_court_info":null,"idb_data":{"resource_uri":"https://www.courtlistener.com/api/rest/v4/fjc-integrated-database/24516901/?format=json","date_created":"2018-11-21T09:51:29.464515-08:00","date_modified":"2022-01-28T09:54:13.863342-08:00","dataset_source":9,"office":"2","docket_number":"1805072",

--- docket=63209611 call#5326 ---
URL: https://www.courtlistener.com/api/rest/v4/dockets/63209611/?format=json
Status: 200
Body: {"resource_uri":"https://www.courtlistener.com/api/rest/v4/dockets/63209611/?format=json","id":63209611,"court":"https://www.courtlistener.com/api/rest/v4/courts/casd/?format=json","court_id":"casd","original_court_info":null,"idb_data":null,"clusters":["https://www.courtlistener.com/api/rest/v4/clusters/9618978/?format=json"],"audio_files":[],"assigned_to":"https://www.courtlistener.com/api/rest/v4/people/247/?format=json","referred_to":"https://www.courtlistener.com/api/rest/v4/people/9103/?fo

--- docket=59791628 call#5327 ---
URL: https://www.courtlistener.com/api/rest/v4/dockets/59791628/?format=json
Status: 200
Body: {"resource_uri":"https://www.courtlistener.com/api/rest/v4/dockets/59791628/?format=json","id":59791628,"court":"https://www.courtlistener.com/api/rest/v4/courts/cacd/?format=json","court_id":"cacd","original_court_info":null,"idb_data":null,"clusters":["https://www.courtlistener.com/api/rest/v4/clusters/9574547/?format=json"],"audio_files":[],"assigned_to":"https://www.courtlistener.com/api/rest/v4/people/2465/?format=json","referred_to":"https://www.courtlistener.com/api/rest/v4/people/9062/?f

--- docket=67239692 call#5328 ---
URL: https://www.courtlistener.com/api/rest/v4/dockets/67239692/?format=json
Status: 200
Body: {"resource_uri":"https://www.courtlistener.com/api/rest/v4/dockets/67239692/?format=json","id":67239692,"court":"https://www.courtlistener.com/api/rest/v4/courts/idd/?format=json","court_id":"idd","original_court_info":null,"idb_data":null,"clusters":["https://www.courtlistener.com/api/rest/v4/clusters/9668400/?format=json"],"audio_files":[],"assigned_to":"https://www.courtlistener.com/api/rest/v4/people/3514/?format=json","referred_to":null,"bankruptcy_information":null,"absolute_url":"/docket/

--- docket=16471552 call#5329 ---
URL: https://www.courtlistener.com/api/rest/v4/dockets/16471552/?format=json
Status: 200
Body: {"resource_uri":"https://www.courtlistener.com/api/rest/v4/dockets/16471552/?format=json","id":16471552,"court":"https://www.courtlistener.com/api/rest/v4/courts/utd/?format=json","court_id":"utd","original_court_info":null,"idb_data":{"resource_uri":"https://www.courtlistener.com/api/rest/v4/fjc-integrated-database/25531780/?format=json","date_created":"2020-08-27T01:33:18.649609-07:00","date_modified":"2022-01-28T14:08:17.598116-08:00","dataset_source":9,"office":"2","docket_number":"1900906",

--- docket=59240015 call#5330 ---
URL: https://www.courtlistener.com/api/rest/v4/dockets/59240015/?format=json
Status: 200
Body: {"resource_uri":"https://www.courtlistener.com/api/rest/v4/dockets/59240015/?format=json","id":59240015,"court":"https://www.courtlistener.com/api/rest/v4/courts/txwd/?format=json","court_id":"txwd","original_court_info":null,"idb_data":null,"clusters":["https://www.courtlistener.com/api/rest/v4/clusters/10213870/?format=json"],"audio_files":[],"assigned_to":"https://www.courtlistener.com/api/rest/v4/people/2573/?format=json","referred_to":null,"bankruptcy_information":null,"absolute_url":"/dock

--- docket=60490901 call#5331 ---
URL: https://www.courtlistener.com/api/rest/v4/dockets/60490901/?format=json
Status: 200
Body: {"resource_uri":"https://www.courtlistener.com/api/rest/v4/dockets/60490901/?format=json","id":60490901,"court":"https://www.courtlistener.com/api/rest/v4/courts/utd/?format=json","court_id":"utd","original_court_info":null,"idb_data":null,"clusters":["https://www.courtlistener.com/api/rest/v4/clusters/10219806/?format=json"],"audio_files":[],"assigned_to":"https://www.courtlistener.com/api/rest/v4/people/1623/?format=json","referred_to":null,"bankruptcy_information":null,"absolute_url":"/docket

--- docket=7249577 call#5332 ---
URL: https://www.courtlistener.com/api/rest/v4/dockets/7249577/?format=json
Status: 200
Body: {"resource_uri":"https://www.courtlistener.com/api/rest/v4/dockets/7249577/?format=json","id":7249577,"court":"https://www.courtlistener.com/api/rest/v4/courts/cand/?format=json","court_id":"cand","original_court_info":null,"idb_data":{"resource_uri":"https://www.courtlistener.com/api/rest/v4/fjc-integrated-database/24970882/?format=json","date_created":"2018-11-21T10:37:42.533945-08:00","date_modified":"2022-01-28T13:43:05.022750-08:00","dataset_source":9,"office":"5","docket_number":"1803712",

--- docket=67375057 call#5333 ---
URL: https://www.courtlistener.com/api/rest/v4/dockets/67375057/?format=json
Status: 200
Body: {"resource_uri":"https://www.courtlistener.com/api/rest/v4/dockets/67375057/?format=json","id":67375057,"court":"https://www.courtlistener.com/api/rest/v4/courts/nvd/?format=json","court_id":"nvd","original_court_info":null,"idb_data":null,"clusters":["https://www.courtlistener.com/api/rest/v4/clusters/10191084/?format=json","https://www.courtlistener.com/api/rest/v4/clusters/9832889/?format=json"],"audio_files":[],"assigned_to":null,"referred_to":"https://www.courtlistener.com/api/rest/v4/peopl

--- docket=8419989 call#5334 ---
URL: https://www.courtlistener.com/api/rest/v4/dockets/8419989/?format=json
Status: 200
Body: {"resource_uri":"https://www.courtlistener.com/api/rest/v4/dockets/8419989/?format=json","id":8419989,"court":"https://www.courtlistener.com/api/rest/v4/courts/mad/?format=json","court_id":"mad","original_court_info":null,"idb_data":{"resource_uri":"https://www.courtlistener.com/api/rest/v4/fjc-integrated-database/25978847/?format=json","date_created":"2020-08-27T06:37:55.464610-07:00","date_modified":"2022-01-28T08:05:47.241278-08:00","dataset_source":9,"office":"1","docket_number":"1812412","o

--- docket=14874391 call#5335 ---
URL: https://www.courtlistener.com/api/rest/v4/dockets/14874391/?format=json
Status: 200
Body: {"resource_uri":"https://www.courtlistener.com/api/rest/v4/dockets/14874391/?format=json","id":14874391,"court":"https://www.courtlistener.com/api/rest/v4/courts/mnd/?format=json","court_id":"mnd","original_court_info":null,"idb_data":{"resource_uri":"https://www.courtlistener.com/api/rest/v4/fjc-integrated-database/25622738/?format=json","date_created":"2020-08-27T02:16:36.260742-07:00","date_modified":"2022-01-28T13:30:16.131527-08:00","dataset_source":9,"office":"0","docket_number":"1900918",

--- docket=18423933 call#5336 ---
URL: https://www.courtlistener.com/api/rest/v4/dockets/18423933/?format=json
Status: 200
Body: {"resource_uri":"https://www.courtlistener.com/api/rest/v4/dockets/18423933/?format=json","id":18423933,"court":"https://www.courtlistener.com/api/rest/v4/courts/ctd/?format=json","court_id":"ctd","original_court_info":null,"idb_data":null,"clusters":["https://www.courtlistener.com/api/rest/v4/clusters/9630407/?format=json"],"audio_files":[],"assigned_to":"https://www.courtlistener.com/api/rest/v4/people/2231/?format=json","referred_to":"https://www.courtlistener.com/api/rest/v4/people/9124/?for

--- docket=6173808 call#5337 ---
URL: https://www.courtlistener.com/api/rest/v4/dockets/6173808/?format=json
Status: 200
Body: {"resource_uri":"https://www.courtlistener.com/api/rest/v4/dockets/6173808/?format=json","id":6173808,"court":"https://www.courtlistener.com/api/rest/v4/courts/nysd/?format=json","court_id":"nysd","original_court_info":null,"idb_data":{"resource_uri":"https://www.courtlistener.com/api/rest/v4/fjc-integrated-database/24527356/?format=json","date_created":"2018-11-21T09:52:26.095379-08:00","date_modified":"2022-01-28T09:55:04.078608-08:00","dataset_source":9,"office":"1","docket_number":"1708065",

--- docket=14839867 call#5338 ---
URL: https://www.courtlistener.com/api/rest/v4/dockets/14839867/?format=json
Status: 200
Body: {"resource_uri":"https://www.courtlistener.com/api/rest/v4/dockets/14839867/?format=json","id":14839867,"court":"https://www.courtlistener.com/api/rest/v4/courts/cand/?format=json","court_id":"cand","original_court_info":null,"idb_data":{"resource_uri":"https://www.courtlistener.com/api/rest/v4/fjc-integrated-database/25601157/?format=json","date_created":"2020-08-27T02:04:29.049594-07:00","date_modified":"2022-01-28T13:38:23.645910-08:00","dataset_source":9,"office":"3","docket_number":"1901651

--- docket=16647621 call#5339 ---
URL: https://www.courtlistener.com/api/rest/v4/dockets/16647621/?format=json
Status: 200
Body: {"resource_uri":"https://www.courtlistener.com/api/rest/v4/dockets/16647621/?format=json","id":16647621,"court":"https://www.courtlistener.com/api/rest/v4/courts/nysd/?format=json","court_id":"nysd","original_court_info":null,"idb_data":{"resource_uri":"https://www.courtlistener.com/api/rest/v4/fjc-integrated-database/25834430/?format=json","date_created":"2020-08-27T04:19:35.401225-07:00","date_modified":"2022-01-28T11:36:24.319490-08:00","dataset_source":9,"office":"1","docket_number":"2000007

--- docket=66637999 call#5340 ---
URL: https://www.courtlistener.com/api/rest/v4/dockets/66637999/?format=json
Status: 200
Body: {"resource_uri":"https://www.courtlistener.com/api/rest/v4/dockets/66637999/?format=json","id":66637999,"court":"https://www.courtlistener.com/api/rest/v4/courts/cand/?format=json","court_id":"cand","original_court_info":null,"idb_data":null,"clusters":["https://www.courtlistener.com/api/rest/v4/clusters/9609372/?format=json"],"audio_files":[],"assigned_to":"https://www.courtlistener.com/api/rest/v4/people/383/?format=json","referred_to":null,"bankruptcy_information":null,"absolute_url":"/docket

--- docket=59742978 call#5341 ---
URL: https://www.courtlistener.com/api/rest/v4/dockets/59742978/?format=json
Status: 200
Body: {"resource_uri":"https://www.courtlistener.com/api/rest/v4/dockets/59742978/?format=json","id":59742978,"court":"https://www.courtlistener.com/api/rest/v4/courts/ohnd/?format=json","court_id":"ohnd","original_court_info":null,"idb_data":null,"clusters":["https://www.courtlistener.com/api/rest/v4/clusters/9903581/?format=json"],"audio_files":[],"assigned_to":"https://www.courtlistener.com/api/rest/v4/people/9469/?format=json","referred_to":null,"bankruptcy_information":null,"absolute_url":"/docke

--- docket=64435078 call#5342 ---
URL: https://www.courtlistener.com/api/rest/v4/dockets/64435078/?format=json
Status: 200
Body: {"resource_uri":"https://www.courtlistener.com/api/rest/v4/dockets/64435078/?format=json","id":64435078,"court":"https://www.courtlistener.com/api/rest/v4/courts/ohsd/?format=json","court_id":"ohsd","original_court_info":null,"idb_data":null,"clusters":["https://www.courtlistener.com/api/rest/v4/clusters/10682950/?format=json","https://www.courtlistener.com/api/rest/v4/clusters/10358980/?format=json","https://www.courtlistener.com/api/rest/v4/clusters/10198440/?format=json","https://www.courtlis

--- docket=14833024 call#5343 ---
URL: https://www.courtlistener.com/api/rest/v4/dockets/14833024/?format=json
Status: 200
Body: {"resource_uri":"https://www.courtlistener.com/api/rest/v4/dockets/14833024/?format=json","id":14833024,"court":"https://www.courtlistener.com/api/rest/v4/courts/nysd/?format=json","court_id":"nysd","original_court_info":null,"idb_data":{"resource_uri":"https://www.courtlistener.com/api/rest/v4/fjc-integrated-database/25841251/?format=json","date_created":"2020-08-27T04:21:58.275987-07:00","date_modified":"2022-01-28T09:55:47.083044-08:00","dataset_source":9,"office":"1","docket_number":"1902827

--- docket=4357105 call#5344 ---
URL: https://www.courtlistener.com/api/rest/v4/dockets/4357105/?format=json
Status: 200
Body: {"resource_uri":"https://www.courtlistener.com/api/rest/v4/dockets/4357105/?format=json","id":4357105,"court":"https://www.courtlistener.com/api/rest/v4/courts/nysd/?format=json","court_id":"nysd","original_court_info":null,"idb_data":{"resource_uri":"https://www.courtlistener.com/api/rest/v4/fjc-integrated-database/24520370/?format=json","date_created":"2018-11-21T09:51:46.387524-08:00","date_modified":"2022-01-28T11:34:30.231676-08:00","dataset_source":9,"office":"1","docket_number":"1603573",

--- docket=7967316 call#5345 ---
URL: https://www.courtlistener.com/api/rest/v4/dockets/7967316/?format=json
Status: 200
Body: {"resource_uri":"https://www.courtlistener.com/api/rest/v4/dockets/7967316/?format=json","id":7967316,"court":"https://www.courtlistener.com/api/rest/v4/courts/utd/?format=json","court_id":"utd","original_court_info":null,"idb_data":{"resource_uri":"https://www.courtlistener.com/api/rest/v4/fjc-integrated-database/25057477/?format=json","date_created":"2018-11-21T10:45:52.016246-08:00","date_modified":"2022-01-28T14:08:06.899796-08:00","dataset_source":9,"office":"2","docket_number":"1800761","o

--- docket=63363341 call#5346 ---
URL: https://www.courtlistener.com/api/rest/v4/dockets/63363341/?format=json
Status: 200
Body: {"resource_uri":"https://www.courtlistener.com/api/rest/v4/dockets/63363341/?format=json","id":63363341,"court":"https://www.courtlistener.com/api/rest/v4/courts/flmd/?format=json","court_id":"flmd","original_court_info":null,"idb_data":null,"clusters":["https://www.courtlistener.com/api/rest/v4/clusters/9646531/?format=json"],"audio_files":[],"assigned_to":"https://www.courtlistener.com/api/rest/v4/people/8586/?format=json","referred_to":"https://www.courtlistener.com/api/rest/v4/people/9142/?f

--- docket=16893422 call#5347 ---
URL: https://www.courtlistener.com/api/rest/v4/dockets/16893422/?format=json
Status: 200
Body: {"resource_uri":"https://www.courtlistener.com/api/rest/v4/dockets/16893422/?format=json","id":16893422,"court":"https://www.courtlistener.com/api/rest/v4/courts/njd/?format=json","court_id":"njd","original_court_info":null,"idb_data":{"resource_uri":"https://www.courtlistener.com/api/rest/v4/fjc-integrated-database/25789606/?format=json","date_created":"2020-08-27T03:55:14.740584-07:00","date_modified":"2022-01-28T11:59:55.778487-08:00","dataset_source":9,"office":"3","docket_number":"2002104",

--- docket=67232009 call#5348 ---
URL: https://www.courtlistener.com/api/rest/v4/dockets/67232009/?format=json
Status: 200
Body: {"resource_uri":"https://www.courtlistener.com/api/rest/v4/dockets/67232009/?format=json","id":67232009,"court":"https://www.courtlistener.com/api/rest/v4/courts/ksd/?format=json","court_id":"ksd","original_court_info":null,"idb_data":null,"clusters":["https://www.courtlistener.com/api/rest/v4/clusters/9711892/?format=json"],"audio_files":[],"assigned_to":"https://www.courtlistener.com/api/rest/v4/people/2211/?format=json","referred_to":null,"bankruptcy_information":null,"absolute_url":"/docket/

--- docket=69304322 call#5349 ---
URL: https://www.courtlistener.com/api/rest/v4/dockets/69304322/?format=json
Status: 200
Body: {"resource_uri":"https://www.courtlistener.com/api/rest/v4/dockets/69304322/?format=json","id":69304322,"court":"https://www.courtlistener.com/api/rest/v4/courts/mad/?format=json","court_id":"mad","original_court_info":null,"idb_data":null,"clusters":["https://www.courtlistener.com/api/rest/v4/clusters/10299726/?format=json"],"audio_files":[],"assigned_to":"https://www.courtlistener.com/api/rest/v4/people/3164/?format=json","referred_to":null,"bankruptcy_information":null,"absolute_url":"/docket

--- docket=7428645 call#5350 ---
URL: https://www.courtlistener.com/api/rest/v4/dockets/7428645/?format=json
Status: 200
Body: {"resource_uri":"https://www.courtlistener.com/api/rest/v4/dockets/7428645/?format=json","id":7428645,"court":"https://www.courtlistener.com/api/rest/v4/courts/mad/?format=json","court_id":"mad","original_court_info":null,"idb_data":{"resource_uri":"https://www.courtlistener.com/api/rest/v4/fjc-integrated-database/24478523/?format=json","date_created":"2018-11-21T09:47:47.897984-08:00","date_modified":"2022-01-28T11:23:20.539364-08:00","dataset_source":9,"office":"1","docket_number":"1513348","o

--- docket=29113306 call#5351 ---
URL: https://www.courtlistener.com/api/rest/v4/dockets/29113306/?format=json
Status: 200
Body: {"resource_uri":"https://www.courtlistener.com/api/rest/v4/dockets/29113306/?format=json","id":29113306,"court":"https://www.courtlistener.com/api/rest/v4/courts/azd/?format=json","court_id":"azd","original_court_info":null,"idb_data":null,"clusters":["https://www.courtlistener.com/api/rest/v4/clusters/9534660/?format=json"],"audio_files":[],"assigned_to":"https://www.courtlistener.com/api/rest/v4/people/3271/?format=json","referred_to":null,"bankruptcy_information":null,"absolute_url":"/docket/

--- docket=68268468 call#5352 ---
URL: https://www.courtlistener.com/api/rest/v4/dockets/68268468/?format=json
Status: 200
Body: {"resource_uri":"https://www.courtlistener.com/api/rest/v4/dockets/68268468/?format=json","id":68268468,"court":"https://www.courtlistener.com/api/rest/v4/courts/njd/?format=json","court_id":"njd","original_court_info":null,"idb_data":null,"clusters":["https://www.courtlistener.com/api/rest/v4/clusters/10190328/?format=json"],"audio_files":[],"assigned_to":null,"referred_to":null,"bankruptcy_information":null,"absolute_url":"/docket/68268468/dagostino-v-innodata-inc/","date_created":"2024-02-21T

--- docket=67348590 call#5353 ---
URL: https://www.courtlistener.com/api/rest/v4/dockets/67348590/?format=json
Status: 200
Body: {"resource_uri":"https://www.courtlistener.com/api/rest/v4/dockets/67348590/?format=json","id":67348590,"court":"https://www.courtlistener.com/api/rest/v4/courts/txnd/?format=json","court_id":"txnd","original_court_info":null,"idb_data":null,"clusters":["https://www.courtlistener.com/api/rest/v4/clusters/10204941/?format=json"],"audio_files":[],"assigned_to":"https://www.courtlistener.com/api/rest/v4/people/14412/?format=json","referred_to":null,"bankruptcy_information":null,"absolute_url":"/doc

--- docket=6093399 call#5354 ---
URL: https://www.courtlistener.com/api/rest/v4/dockets/6093399/?format=json
Status: 200
Body: {"resource_uri":"https://www.courtlistener.com/api/rest/v4/dockets/6093399/?format=json","id":6093399,"court":"https://www.courtlistener.com/api/rest/v4/courts/mad/?format=json","court_id":"mad","original_court_info":null,"idb_data":{"resource_uri":"https://www.courtlistener.com/api/rest/v4/fjc-integrated-database/24479647/?format=json","date_created":"2018-11-21T09:47:54.154641-08:00","date_modified":"2022-01-28T08:05:17.954580-08:00","dataset_source":9,"office":"1","docket_number":"1612436","o

--- docket=7297074 call#5355 ---
URL: https://www.courtlistener.com/api/rest/v4/dockets/7297074/?format=json
Status: 200
Body: {"resource_uri":"https://www.courtlistener.com/api/rest/v4/dockets/7297074/?format=json","id":7297074,"court":"https://www.courtlistener.com/api/rest/v4/courts/ilnd/?format=json","court_id":"ilnd","original_court_info":null,"idb_data":{"resource_uri":"https://www.courtlistener.com/api/rest/v4/fjc-integrated-database/24881875/?format=json","date_created":"2018-11-21T10:29:19.313851-08:00","date_modified":"2022-01-28T13:13:15.483663-08:00","dataset_source":9,"office":"1","docket_number":"1804473",

--- docket=63388279 call#5356 ---
URL: https://www.courtlistener.com/api/rest/v4/dockets/63388279/?format=json
Status: 200
Body: {"resource_uri":"https://www.courtlistener.com/api/rest/v4/dockets/63388279/?format=json","id":63388279,"court":"https://www.courtlistener.com/api/rest/v4/courts/cacd/?format=json","court_id":"cacd","original_court_info":null,"idb_data":null,"clusters":["https://www.courtlistener.com/api/rest/v4/clusters/9515921/?format=json","https://www.courtlistener.com/api/rest/v4/clusters/9516058/?format=json","https://www.courtlistener.com/api/rest/v4/clusters/9518034/?format=json"],"audio_files":[],"assig

--- docket=69166657 call#5357 ---
URL: https://www.courtlistener.com/api/rest/v4/dockets/69166657/?format=json
Status: 200
Body: {"resource_uri":"https://www.courtlistener.com/api/rest/v4/dockets/69166657/?format=json","id":69166657,"court":"https://www.courtlistener.com/api/rest/v4/courts/paed/?format=json","court_id":"paed","original_court_info":null,"idb_data":null,"clusters":["https://www.courtlistener.com/api/rest/v4/clusters/10200836/?format=json"],"audio_files":[],"assigned_to":"https://www.courtlistener.com/api/rest/v4/people/2145/?format=json","referred_to":null,"bankruptcy_information":null,"absolute_url":"/dock

--- docket=14812400 call#5358 ---
URL: https://www.courtlistener.com/api/rest/v4/dockets/14812400/?format=json
Status: 200
Body: {"resource_uri":"https://www.courtlistener.com/api/rest/v4/dockets/14812400/?format=json","id":14812400,"court":"https://www.courtlistener.com/api/rest/v4/courts/nysd/?format=json","court_id":"nysd","original_court_info":null,"idb_data":{"resource_uri":"https://www.courtlistener.com/api/rest/v4/fjc-integrated-database/25841296/?format=json","date_created":"2020-08-27T04:21:59.064071-07:00","date_modified":"2022-01-28T09:55:46.444306-08:00","dataset_source":9,"office":"1","docket_number":"1902742

--- docket=63217816 call#5359 ---
URL: https://www.courtlistener.com/api/rest/v4/dockets/63217816/?format=json
Status: 200
Body: {"resource_uri":"https://www.courtlistener.com/api/rest/v4/dockets/63217816/?format=json","id":63217816,"court":"https://www.courtlistener.com/api/rest/v4/courts/ctd/?format=json","court_id":"ctd","original_court_info":null,"idb_data":null,"clusters":["https://www.courtlistener.com/api/rest/v4/clusters/9632071/?format=json"],"audio_files":[],"assigned_to":"https://www.courtlistener.com/api/rest/v4/people/2937/?format=json","referred_to":null,"bankruptcy_information":null,"absolute_url":"/docket/

--- docket=60087358 call#5360 ---
URL: https://www.courtlistener.com/api/rest/v4/dockets/60087358/?format=json
Status: 200
Body: {"resource_uri":"https://www.courtlistener.com/api/rest/v4/dockets/60087358/?format=json","id":60087358,"court":"https://www.courtlistener.com/api/rest/v4/courts/utd/?format=json","court_id":"utd","original_court_info":null,"idb_data":null,"clusters":["https://www.courtlistener.com/api/rest/v4/clusters/10218906/?format=json","https://www.courtlistener.com/api/rest/v4/clusters/10220015/?format=json","https://www.courtlistener.com/api/rest/v4/clusters/10219940/?format=json"],"audio_files":[],"assi

--- docket=14552778 call#5361 ---
URL: https://www.courtlistener.com/api/rest/v4/dockets/14552778/?format=json
Status: 200
Body: {"resource_uri":"https://www.courtlistener.com/api/rest/v4/dockets/14552778/?format=json","id":14552778,"court":"https://www.courtlistener.com/api/rest/v4/courts/mad/?format=json","court_id":"mad","original_court_info":null,"idb_data":{"resource_uri":"https://www.courtlistener.com/api/rest/v4/fjc-integrated-database/25866884/?format=json","date_created":"2020-08-27T04:36:31.673351-07:00","date_modified":"2022-01-28T09:49:57.455205-08:00","dataset_source":9,"office":"1","docket_number":"1910285",

--- docket=68167609 call#5362 ---
URL: https://www.courtlistener.com/api/rest/v4/dockets/68167609/?format=json
Status: 200
Body: {"resource_uri":"https://www.courtlistener.com/api/rest/v4/dockets/68167609/?format=json","id":68167609,"court":"https://www.courtlistener.com/api/rest/v4/courts/azd/?format=json","court_id":"azd","original_court_info":null,"idb_data":null,"clusters":["https://www.courtlistener.com/api/rest/v4/clusters/10355684/?format=json"],"audio_files":[],"assigned_to":"https://www.courtlistener.com/api/rest/v4/people/2666/?format=json","referred_to":null,"bankruptcy_information":null,"absolute_url":"/docket

--- docket=67432448 call#5363 ---
URL: https://www.courtlistener.com/api/rest/v4/dockets/67432448/?format=json
Status: 200
Body: {"resource_uri":"https://www.courtlistener.com/api/rest/v4/dockets/67432448/?format=json","id":67432448,"court":"https://www.courtlistener.com/api/rest/v4/courts/utd/?format=json","court_id":"utd","original_court_info":null,"idb_data":null,"clusters":["https://www.courtlistener.com/api/rest/v4/clusters/10308048/?format=json","https://www.courtlistener.com/api/rest/v4/clusters/10609179/?format=json","https://www.courtlistener.com/api/rest/v4/clusters/10376403/?format=json","https://www.courtliste

--- docket=8438850 call#5364 ---
URL: https://www.courtlistener.com/api/rest/v4/dockets/8438850/?format=json
Status: 200
Body: {"resource_uri":"https://www.courtlistener.com/api/rest/v4/dockets/8438850/?format=json","id":8438850,"court":"https://www.courtlistener.com/api/rest/v4/courts/mad/?format=json","court_id":"mad","original_court_info":null,"idb_data":{"resource_uri":"https://www.courtlistener.com/api/rest/v4/fjc-integrated-database/25867073/?format=json","date_created":"2020-08-27T04:36:34.975893-07:00","date_modified":"2022-01-28T09:49:55.366830-08:00","dataset_source":9,"office":"1","docket_number":"1812568","o

--- docket=16844964 call#5365 ---
URL: https://www.courtlistener.com/api/rest/v4/dockets/16844964/?format=json
Status: 200
Body: {"resource_uri":"https://www.courtlistener.com/api/rest/v4/dockets/16844964/?format=json","id":16844964,"court":"https://www.courtlistener.com/api/rest/v4/courts/cacd/?format=json","court_id":"cacd","original_court_info":null,"idb_data":{"resource_uri":"https://www.courtlistener.com/api/rest/v4/fjc-integrated-database/25574900/?format=json","date_created":"2020-08-27T01:52:29.446336-07:00","date_modified":"2022-01-28T13:47:59.733893-08:00","dataset_source":9,"office":"2","docket_number":"2001402

--- docket=68306837 call#5366 ---
URL: https://www.courtlistener.com/api/rest/v4/dockets/68306837/?format=json
Status: 200
Body: {"resource_uri":"https://www.courtlistener.com/api/rest/v4/dockets/68306837/?format=json","id":68306837,"court":"https://www.courtlistener.com/api/rest/v4/courts/flmd/?format=json","court_id":"flmd","original_court_info":null,"idb_data":null,"clusters":["https://www.courtlistener.com/api/rest/v4/clusters/10335976/?format=json","https://www.courtlistener.com/api/rest/v4/clusters/9649605/?format=json"],"audio_files":[],"assigned_to":"https://www.courtlistener.com/api/rest/v4/people/15318/?format=j

--- docket=14833032 call#5367 ---
URL: https://www.courtlistener.com/api/rest/v4/dockets/14833032/?format=json
Status: 200
Body: {"resource_uri":"https://www.courtlistener.com/api/rest/v4/dockets/14833032/?format=json","id":14833032,"court":"https://www.courtlistener.com/api/rest/v4/courts/cacd/?format=json","court_id":"cacd","original_court_info":null,"idb_data":{"resource_uri":"https://www.courtlistener.com/api/rest/v4/fjc-integrated-database/25583907/?format=json","date_created":"2020-08-27T01:55:56.863943-07:00","date_modified":"2022-01-28T13:47:10.899588-08:00","dataset_source":9,"office":"2","docket_number":"1808497

--- docket=67882598 call#5368 ---
URL: https://www.courtlistener.com/api/rest/v4/dockets/67882598/?format=json
Status: 200
Body: {"resource_uri":"https://www.courtlistener.com/api/rest/v4/dockets/67882598/?format=json","id":67882598,"court":"https://www.courtlistener.com/api/rest/v4/courts/azd/?format=json","court_id":"azd","original_court_info":null,"idb_data":null,"clusters":["https://www.courtlistener.com/api/rest/v4/clusters/9537418/?format=json"],"audio_files":[],"assigned_to":"https://www.courtlistener.com/api/rest/v4/people/1558/?format=json","referred_to":"https://www.courtlistener.com/api/rest/v4/people/9036/?for

--- docket=8011865 call#5369 ---
URL: https://www.courtlistener.com/api/rest/v4/dockets/8011865/?format=json
Status: 200
Body: {"resource_uri":"https://www.courtlistener.com/api/rest/v4/dockets/8011865/?format=json","id":8011865,"court":"https://www.courtlistener.com/api/rest/v4/courts/mad/?format=json","court_id":"mad","original_court_info":null,"idb_data":{"resource_uri":"https://www.courtlistener.com/api/rest/v4/fjc-integrated-database/25978987/?format=json","date_created":"2020-08-27T06:38:06.088430-07:00","date_modified":"2022-01-28T08:05:44.319800-08:00","dataset_source":9,"office":"1","docket_number":"1812120","o

--- docket=59752941 call#5370 ---
URL: https://www.courtlistener.com/api/rest/v4/dockets/59752941/?format=json
Status: 200
Body: {"resource_uri":"https://www.courtlistener.com/api/rest/v4/dockets/59752941/?format=json","id":59752941,"court":"https://www.courtlistener.com/api/rest/v4/courts/flsd/?format=json","court_id":"flsd","original_court_info":null,"idb_data":null,"clusters":["https://www.courtlistener.com/api/rest/v4/clusters/9653028/?format=json","https://www.courtlistener.com/api/rest/v4/clusters/9653405/?format=json","https://www.courtlistener.com/api/rest/v4/clusters/9654479/?format=json"],"audio_files":[],"assig

--- docket=14777590 call#5371 ---
URL: https://www.courtlistener.com/api/rest/v4/dockets/14777590/?format=json
Status: 200
Body: {"resource_uri":"https://www.courtlistener.com/api/rest/v4/dockets/14777590/?format=json","id":14777590,"court":"https://www.courtlistener.com/api/rest/v4/courts/nysd/?format=json","court_id":"nysd","original_court_info":null,"idb_data":{"resource_uri":"https://www.courtlistener.com/api/rest/v4/fjc-integrated-database/25841372/?format=json","date_created":"2020-08-27T04:22:00.451240-07:00","date_modified":"2022-01-28T09:55:45.459653-08:00","dataset_source":9,"office":"1","docket_number":"1902575

--- docket=8355836 call#5372 ---
URL: https://www.courtlistener.com/api/rest/v4/dockets/8355836/?format=json
Status: 200
Body: {"resource_uri":"https://www.courtlistener.com/api/rest/v4/dockets/8355836/?format=json","id":8355836,"court":"https://www.courtlistener.com/api/rest/v4/courts/mad/?format=json","court_id":"mad","original_court_info":null,"idb_data":{"resource_uri":"https://www.courtlistener.com/api/rest/v4/fjc-integrated-database/25867186/?format=json","date_created":"2020-08-27T04:36:37.042434-07:00","date_modified":"2022-01-28T09:49:54.087136-08:00","dataset_source":9,"office":"1","docket_number":"1812352","o

--- docket=60125800 call#5373 ---
URL: https://www.courtlistener.com/api/rest/v4/dockets/60125800/?format=json
Status: 200
Body: {"resource_uri":"https://www.courtlistener.com/api/rest/v4/dockets/60125800/?format=json","id":60125800,"court":"https://www.courtlistener.com/api/rest/v4/courts/nysd/?format=json","court_id":"nysd","original_court_info":null,"idb_data":null,"clusters":["https://www.courtlistener.com/api/rest/v4/clusters/9868573/?format=json"],"audio_files":[],"assigned_to":"https://www.courtlistener.com/api/rest/v4/people/3243/?format=json","referred_to":null,"bankruptcy_information":null,"absolute_url":"/docke

--- docket=4558776 call#5374 ---
URL: https://www.courtlistener.com/api/rest/v4/dockets/4558776/?format=json
Status: 200
Body: {"resource_uri":"https://www.courtlistener.com/api/rest/v4/dockets/4558776/?format=json","id":4558776,"court":"https://www.courtlistener.com/api/rest/v4/courts/ctd/?format=json","court_id":"ctd","original_court_info":null,"idb_data":{"resource_uri":"https://www.courtlistener.com/api/rest/v4/fjc-integrated-database/24491744/?format=json","date_created":"2018-11-21T09:49:01.442100-08:00","date_modified":"2022-01-28T06:32:31.982052-08:00","dataset_source":9,"office":"3","docket_number":"1500785","o

--- docket=68555746 call#5375 ---
URL: https://www.courtlistener.com/api/rest/v4/dockets/68555746/?format=json
Status: 200
Body: {"resource_uri":"https://www.courtlistener.com/api/rest/v4/dockets/68555746/?format=json","id":68555746,"court":"https://www.courtlistener.com/api/rest/v4/courts/cod/?format=json","court_id":"cod","original_court_info":null,"idb_data":null,"clusters":["https://www.courtlistener.com/api/rest/v4/clusters/10174362/?format=json","https://www.courtlistener.com/api/rest/v4/clusters/10174496/?format=json"],"audio_files":[],"assigned_to":"https://www.courtlistener.com/api/rest/v4/people/391/?format=json

--- docket=13435307 call#5376 ---
URL: https://www.courtlistener.com/api/rest/v4/dockets/13435307/?format=json
Status: 200
Body: {"resource_uri":"https://www.courtlistener.com/api/rest/v4/dockets/13435307/?format=json","id":13435307,"court":"https://www.courtlistener.com/api/rest/v4/courts/mad/?format=json","court_id":"mad","original_court_info":null,"idb_data":{"resource_uri":"https://www.courtlistener.com/api/rest/v4/fjc-integrated-database/24479682/?format=json","date_created":"2018-11-21T09:47:54.159554-08:00","date_modified":"2022-01-28T09:49:39.410504-08:00","dataset_source":9,"office":"1","docket_number":"1612510",

--- docket=16232475 call#5377 ---
URL: https://www.courtlistener.com/api/rest/v4/dockets/16232475/?format=json
Status: 200
Body: {"resource_uri":"https://www.courtlistener.com/api/rest/v4/dockets/16232475/?format=json","id":16232475,"court":"https://www.courtlistener.com/api/rest/v4/courts/mad/?format=json","court_id":"mad","original_court_info":null,"idb_data":{"resource_uri":"https://www.courtlistener.com/api/rest/v4/fjc-integrated-database/25866028/?format=json","date_created":"2020-08-27T04:36:16.419074-07:00","date_modified":"2022-01-28T09:50:06.960989-08:00","dataset_source":9,"office":"1","docket_number":"1911751",

--- docket=8479869 call#5378 ---
URL: https://www.courtlistener.com/api/rest/v4/dockets/8479869/?format=json
Status: 200
Body: {"resource_uri":"https://www.courtlistener.com/api/rest/v4/dockets/8479869/?format=json","id":8479869,"court":"https://www.courtlistener.com/api/rest/v4/courts/nysd/?format=json","court_id":"nysd","original_court_info":null,"idb_data":{"resource_uri":"https://www.courtlistener.com/api/rest/v4/fjc-integrated-database/25842316/?format=json","date_created":"2020-08-27T04:22:20.003135-07:00","date_modified":"2022-01-28T11:35:23.928063-08:00","dataset_source":9,"office":"1","docket_number":"1900070",

--- docket=66632680 call#5379 ---
URL: https://www.courtlistener.com/api/rest/v4/dockets/66632680/?format=json
Status: 200
Body: {"resource_uri":"https://www.courtlistener.com/api/rest/v4/dockets/66632680/?format=json","id":66632680,"court":"https://www.courtlistener.com/api/rest/v4/courts/nysd/?format=json","court_id":"nysd","original_court_info":null,"idb_data":null,"clusters":["https://www.courtlistener.com/api/rest/v4/clusters/9892487/?format=json"],"audio_files":[],"assigned_to":"https://www.courtlistener.com/api/rest/v4/people/3243/?format=json","referred_to":null,"bankruptcy_information":null,"absolute_url":"/docke

--- docket=16351996 call#5380 ---
URL: https://www.courtlistener.com/api/rest/v4/dockets/16351996/?format=json
Status: 200
Body: {"resource_uri":"https://www.courtlistener.com/api/rest/v4/dockets/16351996/?format=json","id":16351996,"court":"https://www.courtlistener.com/api/rest/v4/courts/utd/?format=json","court_id":"utd","original_court_info":null,"idb_data":{"resource_uri":"https://www.courtlistener.com/api/rest/v4/fjc-integrated-database/25531901/?format=json","date_created":"2020-08-27T01:33:21.168643-07:00","date_modified":"2022-01-28T14:08:16.079449-08:00","dataset_source":9,"office":"2","docket_number":"1900781",

--- docket=8421109 call#5381 ---
URL: https://www.courtlistener.com/api/rest/v4/dockets/8421109/?format=json
Status: 200
Body: {"resource_uri":"https://www.courtlistener.com/api/rest/v4/dockets/8421109/?format=json","id":8421109,"court":"https://www.courtlistener.com/api/rest/v4/courts/insd/?format=json","court_id":"insd","original_court_info":null,"idb_data":{"resource_uri":"https://www.courtlistener.com/api/rest/v4/fjc-integrated-database/25640443/?format=json","date_created":"2020-08-27T02:25:11.573113-07:00","date_modified":"2022-01-28T13:22:54.131513-08:00","dataset_source":9,"office":"1","docket_number":"1803975",

--- docket=60384931 call#5382 ---
URL: https://www.courtlistener.com/api/rest/v4/dockets/60384931/?format=json
Status: 200
Body: {"resource_uri":"https://www.courtlistener.com/api/rest/v4/dockets/60384931/?format=json","id":60384931,"court":"https://www.courtlistener.com/api/rest/v4/courts/nysd/?format=json","court_id":"nysd","original_court_info":null,"idb_data":null,"clusters":["https://www.courtlistener.com/api/rest/v4/clusters/9870717/?format=json","https://www.courtlistener.com/api/rest/v4/clusters/9880031/?format=json"],"audio_files":[],"assigned_to":"https://www.courtlistener.com/api/rest/v4/people/733/?format=json

--- docket=4312444 call#5383 ---
URL: https://www.courtlistener.com/api/rest/v4/dockets/4312444/?format=json
Status: 200
Body: {"resource_uri":"https://www.courtlistener.com/api/rest/v4/dockets/4312444/?format=json","id":4312444,"court":"https://www.courtlistener.com/api/rest/v4/courts/njd/?format=json","court_id":"njd","original_court_info":null,"idb_data":{"resource_uri":"https://www.courtlistener.com/api/rest/v4/fjc-integrated-database/24558561/?format=json","date_created":"2018-11-21T09:57:01.579190-08:00","date_modified":"2022-01-28T11:46:03.768395-08:00","dataset_source":9,"office":"2","docket_number":"1602805","o

--- docket=64880803 call#5384 ---
URL: https://www.courtlistener.com/api/rest/v4/dockets/64880803/?format=json
Status: 200
Body: {"resource_uri":"https://www.courtlistener.com/api/rest/v4/dockets/64880803/?format=json","id":64880803,"court":"https://www.courtlistener.com/api/rest/v4/courts/nysd/?format=json","court_id":"nysd","original_court_info":null,"idb_data":null,"clusters":["https://www.courtlistener.com/api/rest/v4/clusters/9892040/?format=json","https://www.courtlistener.com/api/rest/v4/clusters/9880889/?format=json","https://www.courtlistener.com/api/rest/v4/clusters/9888846/?format=json","https://www.courtlisten

--- docket=59944016 call#5385 ---
URL: https://www.courtlistener.com/api/rest/v4/dockets/59944016/?format=json
Status: 200
Body: {"resource_uri":"https://www.courtlistener.com/api/rest/v4/dockets/59944016/?format=json","id":59944016,"court":"https://www.courtlistener.com/api/rest/v4/courts/casd/?format=json","court_id":"casd","original_court_info":null,"idb_data":null,"clusters":["https://www.courtlistener.com/api/rest/v4/clusters/9622638/?format=json","https://www.courtlistener.com/api/rest/v4/clusters/9622686/?format=json","https://www.courtlistener.com/api/rest/v4/clusters/9618512/?format=json"],"audio_files":[],"assig

--- docket=68015406 call#5386 ---
URL: https://www.courtlistener.com/api/rest/v4/dockets/68015406/?format=json
Status: 200
Body: {"resource_uri":"https://www.courtlistener.com/api/rest/v4/dockets/68015406/?format=json","id":68015406,"court":"https://www.courtlistener.com/api/rest/v4/courts/ded/?format=json","court_id":"ded","original_court_info":null,"idb_data":null,"clusters":["https://www.courtlistener.com/api/rest/v4/clusters/9636413/?format=json"],"audio_files":[],"assigned_to":null,"referred_to":null,"bankruptcy_information":null,"absolute_url":"/docket/68015406/woodford-eurasia-assets-ltd-v-lotterycom-inc/","date_cr

--- docket=14915188 call#5387 ---
URL: https://www.courtlistener.com/api/rest/v4/dockets/14915188/?format=json
Status: 200
Body: {"resource_uri":"https://www.courtlistener.com/api/rest/v4/dockets/14915188/?format=json","id":14915188,"court":"https://www.courtlistener.com/api/rest/v4/courts/nysd/?format=json","court_id":"nysd","original_court_info":null,"idb_data":{"resource_uri":"https://www.courtlistener.com/api/rest/v4/fjc-integrated-database/25841075/?format=json","date_created":"2020-08-27T04:21:55.051735-07:00","date_modified":"2022-01-28T09:55:49.335324-08:00","dataset_source":9,"office":"1","docket_number":"1903210

--- docket=58958632 call#5388 ---
URL: https://www.courtlistener.com/api/rest/v4/dockets/58958632/?format=json
Status: 200
Body: {"resource_uri":"https://www.courtlistener.com/api/rest/v4/dockets/58958632/?format=json","id":58958632,"court":"https://www.courtlistener.com/api/rest/v4/courts/nyed/?format=json","court_id":"nyed","original_court_info":null,"idb_data":null,"clusters":["https://www.courtlistener.com/api/rest/v4/clusters/9843202/?format=json","https://www.courtlistener.com/api/rest/v4/clusters/10192334/?format=json"],"audio_files":[],"assigned_to":"https://www.courtlistener.com/api/rest/v4/people/8569/?format=js

--- docket=7800972 call#5389 ---
URL: https://www.courtlistener.com/api/rest/v4/dockets/7800972/?format=json
Status: 200
Body: {"resource_uri":"https://www.courtlistener.com/api/rest/v4/dockets/7800972/?format=json","id":7800972,"court":"https://www.courtlistener.com/api/rest/v4/courts/nysd/?format=json","court_id":"nysd","original_court_info":null,"idb_data":{"resource_uri":"https://www.courtlistener.com/api/rest/v4/fjc-integrated-database/24536499/?format=json","date_created":"2018-11-21T09:53:15.740395-08:00","date_modified":"2022-01-28T09:55:22.263352-08:00","dataset_source":9,"office":"1","docket_number":"1808039",

--- docket=14919726 call#5390 ---
URL: https://www.courtlistener.com/api/rest/v4/dockets/14919726/?format=json
Status: 200
Body: {"resource_uri":"https://www.courtlistener.com/api/rest/v4/dockets/14919726/?format=json","id":14919726,"court":"https://www.courtlistener.com/api/rest/v4/courts/nysd/?format=json","court_id":"nysd","original_court_info":null,"idb_data":{"resource_uri":"https://www.courtlistener.com/api/rest/v4/fjc-integrated-database/25841061/?format=json","date_created":"2020-08-27T04:21:54.791178-07:00","date_modified":"2022-01-28T11:35:34.031451-08:00","dataset_source":9,"office":"1","docket_number":"1903239

--- docket=67660309 call#5391 ---
URL: https://www.courtlistener.com/api/rest/v4/dockets/67660309/?format=json
Status: 200
Body: {"resource_uri":"https://www.courtlistener.com/api/rest/v4/dockets/67660309/?format=json","id":67660309,"court":"https://www.courtlistener.com/api/rest/v4/courts/utd/?format=json","court_id":"utd","original_court_info":null,"idb_data":null,"clusters":["https://www.courtlistener.com/api/rest/v4/clusters/10220143/?format=json","https://www.courtlistener.com/api/rest/v4/clusters/10220159/?format=json","https://www.courtlistener.com/api/rest/v4/clusters/10220524/?format=json","https://www.courtliste

--- docket=6204617 call#5392 ---
URL: https://www.courtlistener.com/api/rest/v4/dockets/6204617/?format=json
Status: 200
Body: {"resource_uri":"https://www.courtlistener.com/api/rest/v4/dockets/6204617/?format=json","id":6204617,"court":"https://www.courtlistener.com/api/rest/v4/courts/ctd/?format=json","court_id":"ctd","original_court_info":null,"idb_data":{"resource_uri":"https://www.courtlistener.com/api/rest/v4/fjc-integrated-database/24492819/?format=json","date_created":"2018-11-21T09:49:07.263292-08:00","date_modified":"2022-01-28T11:27:24.763644-08:00","dataset_source":9,"office":"3","docket_number":"1700155","o

--- docket=61633663 call#5393 ---
URL: https://www.courtlistener.com/api/rest/v4/dockets/61633663/?format=json
Status: 200
Body: {"resource_uri":"https://www.courtlistener.com/api/rest/v4/dockets/61633663/?format=json","id":61633663,"court":"https://www.courtlistener.com/api/rest/v4/courts/mad/?format=json","court_id":"mad","original_court_info":null,"idb_data":null,"clusters":["https://www.courtlistener.com/api/rest/v4/clusters/9733749/?format=json","https://www.courtlistener.com/api/rest/v4/clusters/9734782/?format=json"],"audio_files":[],"assigned_to":"https://www.courtlistener.com/api/rest/v4/people/3164/?format=json"

--- docket=8490357 call#5394 ---
URL: https://www.courtlistener.com/api/rest/v4/dockets/8490357/?format=json
Status: 200
Body: {"resource_uri":"https://www.courtlistener.com/api/rest/v4/dockets/8490357/?format=json","id":8490357,"court":"https://www.courtlistener.com/api/rest/v4/courts/ded/?format=json","court_id":"ded","original_court_info":null,"idb_data":{"resource_uri":"https://www.courtlistener.com/api/rest/v4/fjc-integrated-database/25823379/?format=json","date_created":"2020-08-27T04:13:33.397360-07:00","date_modified":"2022-01-28T11:43:48.139141-08:00","dataset_source":9,"office":"1","docket_number":"1900046","o

--- docket=8222596 call#5395 ---
URL: https://www.courtlistener.com/api/rest/v4/dockets/8222596/?format=json
Status: 200
Body: {"resource_uri":"https://www.courtlistener.com/api/rest/v4/dockets/8222596/?format=json","id":8222596,"court":"https://www.courtlistener.com/api/rest/v4/courts/mad/?format=json","court_id":"mad","original_court_info":null,"idb_data":{"resource_uri":"https://www.courtlistener.com/api/rest/v4/fjc-integrated-database/25867148/?format=json","date_created":"2020-08-27T04:36:36.288613-07:00","date_modified":"2022-01-28T09:49:54.467167-08:00","dataset_source":9,"office":"1","docket_number":"1812433","o

--- docket=16012770 call#5396 ---
URL: https://www.courtlistener.com/api/rest/v4/dockets/16012770/?format=json
Status: 200
Body: {"resource_uri":"https://www.courtlistener.com/api/rest/v4/dockets/16012770/?format=json","id":16012770,"court":"https://www.courtlistener.com/api/rest/v4/courts/mad/?format=json","court_id":"mad","original_court_info":null,"idb_data":{"resource_uri":"https://www.courtlistener.com/api/rest/v4/fjc-integrated-database/25866090/?format=json","date_created":"2020-08-27T04:36:17.508867-07:00","date_modified":"2022-01-28T11:23:49.801038-08:00","dataset_source":9,"office":"1","docket_number":"1911676",

--- docket=8491119 call#5397 ---
URL: https://www.courtlistener.com/api/rest/v4/dockets/8491119/?format=json
Status: 200
Body: {"resource_uri":"https://www.courtlistener.com/api/rest/v4/dockets/8491119/?format=json","id":8491119,"court":"https://www.courtlistener.com/api/rest/v4/courts/mad/?format=json","court_id":"mad","original_court_info":null,"idb_data":{"resource_uri":"https://www.courtlistener.com/api/rest/v4/fjc-integrated-database/25867004/?format=json","date_created":"2020-08-27T04:36:33.718650-07:00","date_modified":"2022-01-28T09:49:56.216713-08:00","dataset_source":9,"office":"1","docket_number":"1910062","o

--- docket=63237654 call#5398 ---
URL: https://www.courtlistener.com/api/rest/v4/dockets/63237654/?format=json
Status: 200
Body: {"resource_uri":"https://www.courtlistener.com/api/rest/v4/dockets/63237654/?format=json","id":63237654,"court":"https://www.courtlistener.com/api/rest/v4/courts/nysd/?format=json","court_id":"nysd","original_court_info":null,"idb_data":null,"clusters":["https://www.courtlistener.com/api/rest/v4/clusters/9886058/?format=json","https://www.courtlistener.com/api/rest/v4/clusters/9880994/?format=json","https://www.courtlistener.com/api/rest/v4/clusters/9880583/?format=json"],"audio_files":[],"assig

--- docket=69128903 call#5399 ---
URL: https://www.courtlistener.com/api/rest/v4/dockets/69128903/?format=json
Status: 200
Body: {"resource_uri":"https://www.courtlistener.com/api/rest/v4/dockets/69128903/?format=json","id":69128903,"court":"https://www.courtlistener.com/api/rest/v4/courts/wvsd/?format=json","court_id":"wvsd","original_court_info":null,"idb_data":null,"clusters":["https://www.courtlistener.com/api/rest/v4/clusters/10265381/?format=json"],"audio_files":[],"assigned_to":"https://www.courtlistener.com/api/rest/v4/people/259/?format=json","referred_to":null,"bankruptcy_information":null,"absolute_url":"/docke

--- docket=14987102 call#5400 ---
URL: https://www.courtlistener.com/api/rest/v4/dockets/14987102/?format=json
Status: 200
Body: {"resource_uri":"https://www.courtlistener.com/api/rest/v4/dockets/14987102/?format=json","id":14987102,"court":"https://www.courtlistener.com/api/rest/v4/courts/scd/?format=json","court_id":"scd","original_court_info":null,"idb_data":{"resource_uri":"https://www.courtlistener.com/api/rest/v4/fjc-integrated-database/25757780/?format=json","date_created":"2020-08-27T03:40:17.714631-07:00","date_modified":"2022-01-28T12:19:51.822288-08:00","dataset_source":9,"office":"2","docket_number":"1901102",

--- docket=67830293 call#5401 ---
URL: https://www.courtlistener.com/api/rest/v4/dockets/67830293/?format=json
Status: 200
Body: {"resource_uri":"https://www.courtlistener.com/api/rest/v4/dockets/67830293/?format=json","id":67830293,"court":"https://www.courtlistener.com/api/rest/v4/courts/txnd/?format=json","court_id":"txnd","original_court_info":null,"idb_data":null,"clusters":["https://www.courtlistener.com/api/rest/v4/clusters/10205016/?format=json"],"audio_files":[],"assigned_to":"https://www.courtlistener.com/api/rest/v4/people/1073/?format=json","referred_to":null,"bankruptcy_information":null,"absolute_url":"/dock

--- docket=66623253 call#5402 ---
URL: https://www.courtlistener.com/api/rest/v4/dockets/66623253/?format=json
Status: 200
Body: {"resource_uri":"https://www.courtlistener.com/api/rest/v4/dockets/66623253/?format=json","id":66623253,"court":"https://www.courtlistener.com/api/rest/v4/courts/cand/?format=json","court_id":"cand","original_court_info":null,"idb_data":null,"clusters":["https://www.courtlistener.com/api/rest/v4/clusters/10654300/?format=json","https://www.courtlistener.com/api/rest/v4/clusters/10172688/?format=json"],"audio_files":[],"assigned_to":null,"referred_to":null,"bankruptcy_information":null,"absolute_

--- docket=8187455 call#5403 ---
URL: https://www.courtlistener.com/api/rest/v4/dockets/8187455/?format=json
Status: 200
Body: {"resource_uri":"https://www.courtlistener.com/api/rest/v4/dockets/8187455/?format=json","id":8187455,"court":"https://www.courtlistener.com/api/rest/v4/courts/ilnd/?format=json","court_id":"ilnd","original_court_info":null,"idb_data":{"resource_uri":"https://www.courtlistener.com/api/rest/v4/fjc-integrated-database/25659458/?format=json","date_created":"2020-08-27T02:34:51.675075-07:00","date_modified":"2022-01-28T13:13:27.853272-08:00","dataset_source":9,"office":"1","docket_number":"1807537",

--- docket=67886795 call#5404 ---
URL: https://www.courtlistener.com/api/rest/v4/dockets/67886795/?format=json
Status: 200
Body: {"resource_uri":"https://www.courtlistener.com/api/rest/v4/dockets/67886795/?format=json","id":67886795,"court":"https://www.courtlistener.com/api/rest/v4/courts/utd/?format=json","court_id":"utd","original_court_info":null,"idb_data":null,"clusters":["https://www.courtlistener.com/api/rest/v4/clusters/10668046/?format=json","https://www.courtlistener.com/api/rest/v4/clusters/10220794/?format=json"],"audio_files":[],"assigned_to":"https://www.courtlistener.com/api/rest/v4/people/524/?format=json

--- docket=67191765 call#5405 ---
URL: https://www.courtlistener.com/api/rest/v4/dockets/67191765/?format=json
Status: 200
Body: {"resource_uri":"https://www.courtlistener.com/api/rest/v4/dockets/67191765/?format=json","id":67191765,"court":"https://www.courtlistener.com/api/rest/v4/courts/cand/?format=json","court_id":"cand","original_court_info":null,"idb_data":null,"clusters":["https://www.courtlistener.com/api/rest/v4/clusters/9609112/?format=json"],"audio_files":[],"assigned_to":"https://www.courtlistener.com/api/rest/v4/people/2766/?format=json","referred_to":null,"bankruptcy_information":null,"absolute_url":"/docke

--- docket=68460570 call#5406 ---
URL: https://www.courtlistener.com/api/rest/v4/dockets/68460570/?format=json
Status: 200
Body: {"resource_uri":"https://www.courtlistener.com/api/rest/v4/dockets/68460570/?format=json","id":68460570,"court":"https://www.courtlistener.com/api/rest/v4/courts/nysd/?format=json","court_id":"nysd","original_court_info":null,"idb_data":null,"clusters":["https://www.courtlistener.com/api/rest/v4/clusters/10194451/?format=json"],"audio_files":[],"assigned_to":"https://www.courtlistener.com/api/rest/v4/people/3243/?format=json","referred_to":null,"bankruptcy_information":null,"absolute_url":"/dock

--- docket=60637969 call#5407 ---
URL: https://www.courtlistener.com/api/rest/v4/dockets/60637969/?format=json
Status: 200
Body: {"resource_uri":"https://www.courtlistener.com/api/rest/v4/dockets/60637969/?format=json","id":60637969,"court":"https://www.courtlistener.com/api/rest/v4/courts/nysd/?format=json","court_id":"nysd","original_court_info":null,"idb_data":null,"clusters":["https://www.courtlistener.com/api/rest/v4/clusters/9872759/?format=json","https://www.courtlistener.com/api/rest/v4/clusters/9883455/?format=json","https://www.courtlistener.com/api/rest/v4/clusters/10193701/?format=json","https://www.courtliste

--- docket=68485178 call#5408 ---
URL: https://www.courtlistener.com/api/rest/v4/dockets/68485178/?format=json
Status: 200
Body: {"resource_uri":"https://www.courtlistener.com/api/rest/v4/dockets/68485178/?format=json","id":68485178,"court":"https://www.courtlistener.com/api/rest/v4/courts/ctd/?format=json","court_id":"ctd","original_court_info":null,"idb_data":null,"clusters":["https://www.courtlistener.com/api/rest/v4/clusters/9633081/?format=json"],"audio_files":[],"assigned_to":"https://www.courtlistener.com/api/rest/v4/people/3285/?format=json","referred_to":null,"bankruptcy_information":null,"absolute_url":"/docket/

--- docket=14940000 call#5409 ---
URL: https://www.courtlistener.com/api/rest/v4/dockets/14940000/?format=json
Status: 200
Body: {"resource_uri":"https://www.courtlistener.com/api/rest/v4/dockets/14940000/?format=json","id":14940000,"court":"https://www.courtlistener.com/api/rest/v4/courts/cand/?format=json","court_id":"cand","original_court_info":null,"idb_data":{"resource_uri":"https://www.courtlistener.com/api/rest/v4/fjc-integrated-database/25591676/?format=json","date_created":"2020-08-27T02:00:42.835865-07:00","date_modified":"2022-01-28T13:43:08.845615-08:00","dataset_source":9,"office":"5","docket_number":"1902019

--- docket=14975261 call#5410 ---
URL: https://www.courtlistener.com/api/rest/v4/dockets/14975261/?format=json
Status: 200
Body: {"resource_uri":"https://www.courtlistener.com/api/rest/v4/dockets/14975261/?format=json","id":14975261,"court":"https://www.courtlistener.com/api/rest/v4/courts/mad/?format=json","court_id":"mad","original_court_info":null,"idb_data":{"resource_uri":"https://www.courtlistener.com/api/rest/v4/fjc-integrated-database/25866616/?format=json","date_created":"2020-08-27T04:36:26.910640-07:00","date_modified":"2022-01-28T09:50:00.300663-08:00","dataset_source":9,"office":"1","docket_number":"1910783",

--- docket=4570001 call#5411 ---
URL: https://www.courtlistener.com/api/rest/v4/dockets/4570001/?format=json
Status: 200
Body: {"resource_uri":"https://www.courtlistener.com/api/rest/v4/dockets/4570001/?format=json","id":4570001,"court":"https://www.courtlistener.com/api/rest/v4/courts/innd/?format=json","court_id":"innd","original_court_info":null,"idb_data":{"resource_uri":"https://www.courtlistener.com/api/rest/v4/fjc-integrated-database/24895012/?format=json","date_created":"2018-11-21T10:30:32.500713-08:00","date_modified":"2022-01-28T13:20:33.245382-08:00","dataset_source":9,"office":"3","docket_number":"1600815",

--- docket=14883165 call#5412 ---
URL: https://www.courtlistener.com/api/rest/v4/dockets/14883165/?format=json
Status: 200
Body: {"resource_uri":"https://www.courtlistener.com/api/rest/v4/dockets/14883165/?format=json","id":14883165,"court":"https://www.courtlistener.com/api/rest/v4/courts/mad/?format=json","court_id":"mad","original_court_info":null,"idb_data":{"resource_uri":"https://www.courtlistener.com/api/rest/v4/fjc-integrated-database/25866706/?format=json","date_created":"2020-08-27T04:36:28.489073-07:00","date_modified":"2022-01-28T09:49:59.291188-08:00","dataset_source":9,"office":"1","docket_number":"1910628",

--- docket=14549706 call#5413 ---
URL: https://www.courtlistener.com/api/rest/v4/dockets/14549706/?format=json
Status: 200
Body: {"resource_uri":"https://www.courtlistener.com/api/rest/v4/dockets/14549706/?format=json","id":14549706,"court":"https://www.courtlistener.com/api/rest/v4/courts/njd/?format=json","court_id":"njd","original_court_info":null,"idb_data":{"resource_uri":"https://www.courtlistener.com/api/rest/v4/fjc-integrated-database/25811095/?format=json","date_created":"2020-08-27T04:07:11.167685-07:00","date_modified":"2022-01-28T11:49:01.998509-08:00","dataset_source":9,"office":"2","docket_number":"1905536",

--- docket=62625019 call#5414 ---
URL: https://www.courtlistener.com/api/rest/v4/dockets/62625019/?format=json
Status: 200
Body: {"resource_uri":"https://www.courtlistener.com/api/rest/v4/dockets/62625019/?format=json","id":62625019,"court":"https://www.courtlistener.com/api/rest/v4/courts/azd/?format=json","court_id":"azd","original_court_info":null,"idb_data":null,"clusters":["https://www.courtlistener.com/api/rest/v4/clusters/10167267/?format=json","https://www.courtlistener.com/api/rest/v4/clusters/9537205/?format=json","https://www.courtlistener.com/api/rest/v4/clusters/9535540/?format=json","https://www.courtlistene

--- docket=15006635 call#5415 ---
URL: https://www.courtlistener.com/api/rest/v4/dockets/15006635/?format=json
Status: 200
Body: {"resource_uri":"https://www.courtlistener.com/api/rest/v4/dockets/15006635/?format=json","id":15006635,"court":"https://www.courtlistener.com/api/rest/v4/courts/med/?format=json","court_id":"med","original_court_info":null,"idb_data":{"resource_uri":"https://www.courtlistener.com/api/rest/v4/fjc-integrated-database/25867733/?format=json","date_created":"2020-08-27T04:37:29.016685-07:00","date_modified":"2022-01-28T09:49:33.881622-08:00","dataset_source":9,"office":"2","docket_number":"1900139",

--- docket=65745179 call#5416 ---
URL: https://www.courtlistener.com/api/rest/v4/dockets/65745179/?format=json
Status: 200
Body: {"resource_uri":"https://www.courtlistener.com/api/rest/v4/dockets/65745179/?format=json","id":65745179,"court":"https://www.courtlistener.com/api/rest/v4/courts/ded/?format=json","court_id":"ded","original_court_info":null,"idb_data":null,"clusters":["https://www.courtlistener.com/api/rest/v4/clusters/9636244/?format=json","https://www.courtlistener.com/api/rest/v4/clusters/9636748/?format=json"],"audio_files":[],"assigned_to":"https://www.courtlistener.com/api/rest/v4/people/9138/?format=json"

--- docket=67156179 call#5417 ---
URL: https://www.courtlistener.com/api/rest/v4/dockets/67156179/?format=json
Status: 200
Body: {"resource_uri":"https://www.courtlistener.com/api/rest/v4/dockets/67156179/?format=json","id":67156179,"court":"https://www.courtlistener.com/api/rest/v4/courts/mad/?format=json","court_id":"mad","original_court_info":null,"idb_data":null,"clusters":["https://www.courtlistener.com/api/rest/v4/clusters/9735089/?format=json"],"audio_files":[],"assigned_to":"https://www.courtlistener.com/api/rest/v4/people/2850/?format=json","referred_to":null,"bankruptcy_information":null,"absolute_url":"/docket/

--- docket=16568393 call#5418 ---
URL: https://www.courtlistener.com/api/rest/v4/dockets/16568393/?format=json
Status: 200
Body: {"resource_uri":"https://www.courtlistener.com/api/rest/v4/dockets/16568393/?format=json","id":16568393,"court":"https://www.courtlistener.com/api/rest/v4/courts/cand/?format=json","court_id":"cand","original_court_info":null,"idb_data":{"resource_uri":"https://www.courtlistener.com/api/rest/v4/fjc-integrated-database/25593001/?format=json","date_created":"2020-08-27T02:01:20.925663-07:00","date_modified":"2022-01-28T13:42:12.741482-08:00","dataset_source":9,"office":"4","docket_number":"1908051

--- docket=66974125 call#5419 ---
URL: https://www.courtlistener.com/api/rest/v4/dockets/66974125/?format=json
Status: 200
Body: {"resource_uri":"https://www.courtlistener.com/api/rest/v4/dockets/66974125/?format=json","id":66974125,"court":"https://www.courtlistener.com/api/rest/v4/courts/azd/?format=json","court_id":"azd","original_court_info":null,"idb_data":null,"clusters":["https://www.courtlistener.com/api/rest/v4/clusters/10305152/?format=json","https://www.courtlistener.com/api/rest/v4/clusters/10167174/?format=json","https://www.courtlistener.com/api/rest/v4/clusters/9537161/?format=json"],"audio_files":[],"assig

--- docket=6309151 call#5420 ---
URL: https://www.courtlistener.com/api/rest/v4/dockets/6309151/?format=json
Status: 200
Body: {"resource_uri":"https://www.courtlistener.com/api/rest/v4/dockets/6309151/?format=json","id":6309151,"court":"https://www.courtlistener.com/api/rest/v4/courts/njd/?format=json","court_id":"njd","original_court_info":null,"idb_data":{"resource_uri":"https://www.courtlistener.com/api/rest/v4/fjc-integrated-database/24563686/?format=json","date_created":"2018-11-21T09:57:30.119812-08:00","date_modified":"2022-01-28T11:46:33.384552-08:00","dataset_source":9,"office":"2","docket_number":"1802291","o

--- docket=67755680 call#5421 ---
URL: https://www.courtlistener.com/api/rest/v4/dockets/67755680/?format=json
Status: 200
Body: {"resource_uri":"https://www.courtlistener.com/api/rest/v4/dockets/67755680/?format=json","id":67755680,"court":"https://www.courtlistener.com/api/rest/v4/courts/ilnd/?format=json","court_id":"ilnd","original_court_info":null,"idb_data":null,"clusters":["https://www.courtlistener.com/api/rest/v4/clusters/10370201/?format=json"],"audio_files":[],"assigned_to":"https://www.courtlistener.com/api/rest/v4/people/14416/?format=json","referred_to":null,"bankruptcy_information":null,"absolute_url":"/doc

--- docket=61642779 call#5422 ---
URL: https://www.courtlistener.com/api/rest/v4/dockets/61642779/?format=json
Status: 200
Body: {"resource_uri":"https://www.courtlistener.com/api/rest/v4/dockets/61642779/?format=json","id":61642779,"court":"https://www.courtlistener.com/api/rest/v4/courts/cacd/?format=json","court_id":"cacd","original_court_info":null,"idb_data":null,"clusters":["https://www.courtlistener.com/api/rest/v4/clusters/9514866/?format=json"],"audio_files":[],"assigned_to":"https://www.courtlistener.com/api/rest/v4/people/3035/?format=json","referred_to":"https://www.courtlistener.com/api/rest/v4/people/9048/?f

--- docket=6320671 call#5423 ---
URL: https://www.courtlistener.com/api/rest/v4/dockets/6320671/?format=json
Status: 200
Body: {"resource_uri":"https://www.courtlistener.com/api/rest/v4/dockets/6320671/?format=json","id":6320671,"court":"https://www.courtlistener.com/api/rest/v4/courts/innd/?format=json","court_id":"innd","original_court_info":null,"idb_data":{"resource_uri":"https://www.courtlistener.com/api/rest/v4/fjc-integrated-database/24892925/?format=json","date_created":"2018-11-21T10:30:21.279530-08:00","date_modified":"2022-01-28T10:39:37.124724-08:00","dataset_source":9,"office":"1","docket_number":"1700415",

--- docket=15016348 call#5424 ---
URL: https://www.courtlistener.com/api/rest/v4/dockets/15016348/?format=json
Status: 200
Body: {"resource_uri":"https://www.courtlistener.com/api/rest/v4/dockets/15016348/?format=json","id":15016348,"court":"https://www.courtlistener.com/api/rest/v4/courts/ded/?format=json","court_id":"ded","original_court_info":null,"idb_data":{"resource_uri":"https://www.courtlistener.com/api/rest/v4/fjc-integrated-database/25823040/?format=json","date_created":"2020-08-27T04:13:23.840633-07:00","date_modified":"2022-01-28T11:43:51.665340-08:00","dataset_source":9,"office":"1","docket_number":"1900772",

--- docket=15016501 call#5425 ---
URL: https://www.courtlistener.com/api/rest/v4/dockets/15016501/?format=json
Status: 200
Body: {"resource_uri":"https://www.courtlistener.com/api/rest/v4/dockets/15016501/?format=json","id":15016501,"court":"https://www.courtlistener.com/api/rest/v4/courts/nyed/?format=json","court_id":"nyed","original_court_info":null,"idb_data":{"resource_uri":"https://www.courtlistener.com/api/rest/v4/fjc-integrated-database/25851892/?format=json","date_created":"2020-08-27T04:28:28.847501-07:00","date_modified":"2022-01-28T11:30:12.459349-08:00","dataset_source":9,"office":"1","docket_number":"1902511

--- docket=16965685 call#5426 ---
URL: https://www.courtlistener.com/api/rest/v4/dockets/16965685/?format=json
Status: 200
Body: {"resource_uri":"https://www.courtlistener.com/api/rest/v4/dockets/16965685/?format=json","id":16965685,"court":"https://www.courtlistener.com/api/rest/v4/courts/nvd/?format=json","court_id":"nvd","original_court_info":null,"idb_data":{"resource_uri":"https://www.courtlistener.com/api/rest/v4/fjc-integrated-database/25556058/?format=json","date_created":"2020-08-27T01:44:03.426356-07:00","date_modified":"2022-01-28T13:57:21.975608-08:00","dataset_source":9,"office":"2","docket_number":"2000511",

--- docket=67187005 call#5427 ---
URL: https://www.courtlistener.com/api/rest/v4/dockets/67187005/?format=json
Status: 200
Body: {"resource_uri":"https://www.courtlistener.com/api/rest/v4/dockets/67187005/?format=json","id":67187005,"court":"https://www.courtlistener.com/api/rest/v4/courts/cand/?format=json","court_id":"cand","original_court_info":null,"idb_data":null,"clusters":["https://www.courtlistener.com/api/rest/v4/clusters/9612435/?format=json","https://www.courtlistener.com/api/rest/v4/clusters/9609255/?format=json"],"audio_files":[],"assigned_to":null,"referred_to":null,"bankruptcy_information":null,"absolute_ur

--- docket=64945381 call#5428 ---
URL: https://www.courtlistener.com/api/rest/v4/dockets/64945381/?format=json
Status: 200
Body: {"resource_uri":"https://www.courtlistener.com/api/rest/v4/dockets/64945381/?format=json","id":64945381,"court":"https://www.courtlistener.com/api/rest/v4/courts/ded/?format=json","court_id":"ded","original_court_info":null,"idb_data":null,"clusters":["https://www.courtlistener.com/api/rest/v4/clusters/10363836/?format=json","https://www.courtlistener.com/api/rest/v4/clusters/9636113/?format=json","https://www.courtlistener.com/api/rest/v4/clusters/9636137/?format=json","https://www.courtlistene

--- docket=14526341 call#5429 ---
URL: https://www.courtlistener.com/api/rest/v4/dockets/14526341/?format=json
Status: 200
Body: {"resource_uri":"https://www.courtlistener.com/api/rest/v4/dockets/14526341/?format=json","id":14526341,"court":"https://www.courtlistener.com/api/rest/v4/courts/nyed/?format=json","court_id":"nyed","original_court_info":null,"idb_data":{"resource_uri":"https://www.courtlistener.com/api/rest/v4/fjc-integrated-database/25852641/?format=json","date_created":"2020-08-27T04:28:44.484383-07:00","date_modified":"2022-01-28T11:30:06.060638-08:00","dataset_source":9,"office":"1","docket_number":"1900526

--- docket=67355465 call#5430 ---
URL: https://www.courtlistener.com/api/rest/v4/dockets/67355465/?format=json
Status: 200
Body: {"resource_uri":"https://www.courtlistener.com/api/rest/v4/dockets/67355465/?format=json","id":67355465,"court":"https://www.courtlistener.com/api/rest/v4/courts/ilnd/?format=json","court_id":"ilnd","original_court_info":null,"idb_data":null,"clusters":["https://www.courtlistener.com/api/rest/v4/clusters/9684031/?format=json","https://www.courtlistener.com/api/rest/v4/clusters/10582664/?format=json"],"audio_files":[],"assigned_to":null,"referred_to":null,"bankruptcy_information":null,"absolute_u

--- docket=68230781 call#5431 ---
URL: https://www.courtlistener.com/api/rest/v4/dockets/68230781/?format=json
Status: 200
Body: {"resource_uri":"https://www.courtlistener.com/api/rest/v4/dockets/68230781/?format=json","id":68230781,"court":"https://www.courtlistener.com/api/rest/v4/courts/ned/?format=json","court_id":"ned","original_court_info":null,"idb_data":null,"clusters":["https://www.courtlistener.com/api/rest/v4/clusters/9798503/?format=json"],"audio_files":[],"assigned_to":"https://www.courtlistener.com/api/rest/v4/people/9369/?format=json","referred_to":"https://www.courtlistener.com/api/rest/v4/people/9371/?for

--- docket=60120878 call#5432 ---
URL: https://www.courtlistener.com/api/rest/v4/dockets/60120878/?format=json
Status: 200
Body: {"resource_uri":"https://www.courtlistener.com/api/rest/v4/dockets/60120878/?format=json","id":60120878,"court":"https://www.courtlistener.com/api/rest/v4/courts/casd/?format=json","court_id":"casd","original_court_info":null,"idb_data":null,"clusters":["https://www.courtlistener.com/api/rest/v4/clusters/9622426/?format=json","https://www.courtlistener.com/api/rest/v4/clusters/9619200/?format=json"],"audio_files":[],"assigned_to":null,"referred_to":"https://www.courtlistener.com/api/rest/v4/peop

--- docket=7188448 call#5433 ---
URL: https://www.courtlistener.com/api/rest/v4/dockets/7188448/?format=json
Status: 200
Body: {"resource_uri":"https://www.courtlistener.com/api/rest/v4/dockets/7188448/?format=json","id":7188448,"court":"https://www.courtlistener.com/api/rest/v4/courts/nvd/?format=json","court_id":"nvd","original_court_info":null,"idb_data":{"resource_uri":"https://www.courtlistener.com/api/rest/v4/fjc-integrated-database/25024688/?format=json","date_created":"2018-11-21T10:42:49.553897-08:00","date_modified":"2022-01-28T13:58:16.811174-08:00","dataset_source":9,"office":"3","docket_number":"1800271","o

--- docket=67500937 call#5434 ---
URL: https://www.courtlistener.com/api/rest/v4/dockets/67500937/?format=json
Status: 200
Body: {"resource_uri":"https://www.courtlistener.com/api/rest/v4/dockets/67500937/?format=json","id":67500937,"court":"https://www.courtlistener.com/api/rest/v4/courts/ncwd/?format=json","court_id":"ncwd","original_court_info":null,"idb_data":null,"clusters":["https://www.courtlistener.com/api/rest/v4/clusters/9793730/?format=json","https://www.courtlistener.com/api/rest/v4/clusters/10187625/?format=json"],"audio_files":[],"assigned_to":null,"referred_to":null,"bankruptcy_information":null,"absolute_u

--- docket=68830174 call#5435 ---
URL: https://www.courtlistener.com/api/rest/v4/dockets/68830174/?format=json
Status: 200
Body: {"resource_uri":"https://www.courtlistener.com/api/rest/v4/dockets/68830174/?format=json","id":68830174,"court":"https://www.courtlistener.com/api/rest/v4/courts/cand/?format=json","court_id":"cand","original_court_info":null,"idb_data":null,"clusters":["https://www.courtlistener.com/api/rest/v4/clusters/10172102/?format=json","https://www.courtlistener.com/api/rest/v4/clusters/10173209/?format=json"],"audio_files":[],"assigned_to":"https://www.courtlistener.com/api/rest/v4/people/3228/?format=j

--- docket=15027120 call#5436 ---
URL: https://www.courtlistener.com/api/rest/v4/dockets/15027120/?format=json
Status: 200
Body: {"resource_uri":"https://www.courtlistener.com/api/rest/v4/dockets/15027120/?format=json","id":15027120,"court":"https://www.courtlistener.com/api/rest/v4/courts/ded/?format=json","court_id":"ded","original_court_info":null,"idb_data":{"resource_uri":"https://www.courtlistener.com/api/rest/v4/fjc-integrated-database/25823029/?format=json","date_created":"2020-08-27T04:13:23.646479-07:00","date_modified":"2022-01-28T09:59:39.996977-08:00","dataset_source":9,"office":"1","docket_number":"1900796",

--- docket=15028312 call#5437 ---
URL: https://www.courtlistener.com/api/rest/v4/dockets/15028312/?format=json
Status: 200
Body: {"resource_uri":"https://www.courtlistener.com/api/rest/v4/dockets/15028312/?format=json","id":15028312,"court":"https://www.courtlistener.com/api/rest/v4/courts/cacd/?format=json","court_id":"cacd","original_court_info":null,"idb_data":{"resource_uri":"https://www.courtlistener.com/api/rest/v4/fjc-integrated-database/25567078/?format=json","date_created":"2020-08-27T01:49:20.847502-07:00","date_modified":"2022-01-28T13:53:06.981273-08:00","dataset_source":9,"office":"8","docket_number":"1900798

--- docket=68180414 call#5438 ---
URL: https://www.courtlistener.com/api/rest/v4/dockets/68180414/?format=json
Status: 200
Body: {"resource_uri":"https://www.courtlistener.com/api/rest/v4/dockets/68180414/?format=json","id":68180414,"court":"https://www.courtlistener.com/api/rest/v4/courts/txnd/?format=json","court_id":"txnd","original_court_info":null,"idb_data":null,"clusters":["https://www.courtlistener.com/api/rest/v4/clusters/10205459/?format=json"],"audio_files":[],"assigned_to":"https://www.courtlistener.com/api/rest/v4/people/14412/?format=json","referred_to":null,"bankruptcy_information":null,"absolute_url":"/doc

--- docket=63172575 call#5439 ---
URL: https://www.courtlistener.com/api/rest/v4/dockets/63172575/?format=json
Status: 200
Body: {"resource_uri":"https://www.courtlistener.com/api/rest/v4/dockets/63172575/?format=json","id":63172575,"court":"https://www.courtlistener.com/api/rest/v4/courts/flsd/?format=json","court_id":"flsd","original_court_info":null,"idb_data":null,"clusters":["https://www.courtlistener.com/api/rest/v4/clusters/10177273/?format=json"],"audio_files":[],"assigned_to":"https://www.courtlistener.com/api/rest/v4/people/3489/?format=json","referred_to":null,"bankruptcy_information":null,"absolute_url":"/dock

--- docket=68908957 call#5440 ---
URL: https://www.courtlistener.com/api/rest/v4/dockets/68908957/?format=json
Status: 200
Body: {"resource_uri":"https://www.courtlistener.com/api/rest/v4/dockets/68908957/?format=json","id":68908957,"court":"https://www.courtlistener.com/api/rest/v4/courts/cand/?format=json","court_id":"cand","original_court_info":null,"idb_data":null,"clusters":["https://www.courtlistener.com/api/rest/v4/clusters/10173078/?format=json"],"audio_files":[],"assigned_to":"https://www.courtlistener.com/api/rest/v4/people/9086/?format=json","referred_to":null,"bankruptcy_information":null,"absolute_url":"/dock

--- docket=8188960 call#5441 ---
URL: https://www.courtlistener.com/api/rest/v4/dockets/8188960/?format=json
Status: 200
Body: {"resource_uri":"https://www.courtlistener.com/api/rest/v4/dockets/8188960/?format=json","id":8188960,"court":"https://www.courtlistener.com/api/rest/v4/courts/innd/?format=json","court_id":"innd","original_court_info":null,"idb_data":{"resource_uri":"https://www.courtlistener.com/api/rest/v4/fjc-integrated-database/24894777/?format=json","date_created":"2018-11-21T10:30:32.469999-08:00","date_modified":"2022-01-28T10:39:58.083968-08:00","dataset_source":9,"office":"3","docket_number":"1500519",

--- docket=68775873 call#5442 ---
URL: https://www.courtlistener.com/api/rest/v4/dockets/68775873/?format=json
Status: 200
Body: {"resource_uri":"https://www.courtlistener.com/api/rest/v4/dockets/68775873/?format=json","id":68775873,"court":"https://www.courtlistener.com/api/rest/v4/courts/mowd/?format=json","court_id":"mowd","original_court_info":null,"idb_data":null,"clusters":["https://www.courtlistener.com/api/rest/v4/clusters/10266583/?format=json"],"audio_files":[],"assigned_to":"https://www.courtlistener.com/api/rest/v4/people/1371/?format=json","referred_to":null,"bankruptcy_information":null,"absolute_url":"/dock

--- docket=69196900 call#5443 ---
URL: https://www.courtlistener.com/api/rest/v4/dockets/69196900/?format=json
Status: 200
Body: {"resource_uri":"https://www.courtlistener.com/api/rest/v4/dockets/69196900/?format=json","id":69196900,"court":"https://www.courtlistener.com/api/rest/v4/courts/cacd/?format=json","court_id":"cacd","original_court_info":null,"idb_data":null,"clusters":["https://www.courtlistener.com/api/rest/v4/clusters/10322816/?format=json","https://www.courtlistener.com/api/rest/v4/clusters/10282839/?format=json"],"audio_files":[],"assigned_to":"https://www.courtlistener.com/api/rest/v4/people/2465/?format=j

--- docket=17113982 call#5444 ---
URL: https://www.courtlistener.com/api/rest/v4/dockets/17113982/?format=json
Status: 200
Body: {"resource_uri":"https://www.courtlistener.com/api/rest/v4/dockets/17113982/?format=json","id":17113982,"court":"https://www.courtlistener.com/api/rest/v4/courts/mad/?format=json","court_id":"mad","original_court_info":null,"idb_data":{"resource_uri":"https://www.courtlistener.com/api/rest/v4/fjc-integrated-database/25865834/?format=json","date_created":"2020-08-27T04:36:10.824899-07:00","date_modified":"2022-01-28T11:23:52.185455-08:00","dataset_source":9,"office":"1","docket_number":"1911972",

--- docket=68491454 call#5445 ---
URL: https://www.courtlistener.com/api/rest/v4/dockets/68491454/?format=json
Status: 200
Body: {"resource_uri":"https://www.courtlistener.com/api/rest/v4/dockets/68491454/?format=json","id":68491454,"court":"https://www.courtlistener.com/api/rest/v4/courts/nynd/?format=json","court_id":"nynd","original_court_info":null,"idb_data":null,"clusters":["https://www.courtlistener.com/api/rest/v4/clusters/10282583/?format=json"],"audio_files":[],"assigned_to":"https://www.courtlistener.com/api/rest/v4/people/783/?format=json","referred_to":"https://www.courtlistener.com/api/rest/v4/people/9436/?f

--- docket=68430128 call#5446 ---
URL: https://www.courtlistener.com/api/rest/v4/dockets/68430128/?format=json
Status: 200
Body: {"resource_uri":"https://www.courtlistener.com/api/rest/v4/dockets/68430128/?format=json","id":68430128,"court":"https://www.courtlistener.com/api/rest/v4/courts/cand/?format=json","court_id":"cand","original_court_info":null,"idb_data":null,"clusters":["https://www.courtlistener.com/api/rest/v4/clusters/10172039/?format=json","https://www.courtlistener.com/api/rest/v4/clusters/10173219/?format=json","https://www.courtlistener.com/api/rest/v4/clusters/9612585/?format=json","https://www.courtlist

--- docket=65776169 call#5447 ---
URL: https://www.courtlistener.com/api/rest/v4/dockets/65776169/?format=json
Status: 200
Body: {"resource_uri":"https://www.courtlistener.com/api/rest/v4/dockets/65776169/?format=json","id":65776169,"court":"https://www.courtlistener.com/api/rest/v4/courts/casd/?format=json","court_id":"casd","original_court_info":null,"idb_data":null,"clusters":["https://www.courtlistener.com/api/rest/v4/clusters/9621464/?format=json"],"audio_files":[],"assigned_to":"https://www.courtlistener.com/api/rest/v4/people/1967/?format=json","referred_to":"https://www.courtlistener.com/api/rest/v4/people/9102/?f

--- docket=67834011 call#5448 ---
URL: https://www.courtlistener.com/api/rest/v4/dockets/67834011/?format=json
Status: 200
Body: {"resource_uri":"https://www.courtlistener.com/api/rest/v4/dockets/67834011/?format=json","id":67834011,"court":"https://www.courtlistener.com/api/rest/v4/courts/cacd/?format=json","court_id":"cacd","original_court_info":null,"idb_data":null,"clusters":["https://www.courtlistener.com/api/rest/v4/clusters/9518757/?format=json"],"audio_files":[],"assigned_to":"https://www.courtlistener.com/api/rest/v4/people/2465/?format=json","referred_to":"https://www.courtlistener.com/api/rest/v4/people/9053/?f

--- docket=59240722 call#5449 ---
URL: https://www.courtlistener.com/api/rest/v4/dockets/59240722/?format=json
Status: 200
Body: {"resource_uri":"https://www.courtlistener.com/api/rest/v4/dockets/59240722/?format=json","id":59240722,"court":"https://www.courtlistener.com/api/rest/v4/courts/tnmd/?format=json","court_id":"tnmd","original_court_info":null,"idb_data":null,"clusters":["https://www.courtlistener.com/api/rest/v4/clusters/9971820/?format=json"],"audio_files":[],"assigned_to":"https://www.courtlistener.com/api/rest/v4/people/3253/?format=json","referred_to":"https://www.courtlistener.com/api/rest/v4/people/9553/?f

--- docket=59834486 call#5450 ---
URL: https://www.courtlistener.com/api/rest/v4/dockets/59834486/?format=json
Status: 200
Body: {"resource_uri":"https://www.courtlistener.com/api/rest/v4/dockets/59834486/?format=json","id":59834486,"court":"https://www.courtlistener.com/api/rest/v4/courts/nyed/?format=json","court_id":"nyed","original_court_info":null,"idb_data":null,"clusters":["https://www.courtlistener.com/api/rest/v4/clusters/9839890/?format=json","https://www.courtlistener.com/api/rest/v4/clusters/9842449/?format=json"],"audio_files":[],"assigned_to":"https://www.courtlistener.com/api/rest/v4/people/597/?format=json

--- docket=60120462 call#5451 ---
URL: https://www.courtlistener.com/api/rest/v4/dockets/60120462/?format=json
Status: 200
Body: {"resource_uri":"https://www.courtlistener.com/api/rest/v4/dockets/60120462/?format=json","id":60120462,"court":"https://www.courtlistener.com/api/rest/v4/courts/mdd/?format=json","court_id":"mdd","original_court_info":null,"idb_data":null,"clusters":["https://www.courtlistener.com/api/rest/v4/clusters/9740978/?format=json","https://www.courtlistener.com/api/rest/v4/clusters/9740340/?format=json","https://www.courtlistener.com/api/rest/v4/clusters/9742107/?format=json","https://www.courtlistener

--- docket=67353363 call#5452 ---
URL: https://www.courtlistener.com/api/rest/v4/dockets/67353363/?format=json
Status: 200
Body: {"resource_uri":"https://www.courtlistener.com/api/rest/v4/dockets/67353363/?format=json","id":67353363,"court":"https://www.courtlistener.com/api/rest/v4/courts/nynd/?format=json","court_id":"nynd","original_court_info":null,"idb_data":null,"clusters":["https://www.courtlistener.com/api/rest/v4/clusters/9849349/?format=json","https://www.courtlistener.com/api/rest/v4/clusters/9849391/?format=json","https://www.courtlistener.com/api/rest/v4/clusters/9849334/?format=json"],"audio_files":[],"assig

--- docket=17128892 call#5453 ---
URL: https://www.courtlistener.com/api/rest/v4/dockets/17128892/?format=json
Status: 200
Body: {"resource_uri":"https://www.courtlistener.com/api/rest/v4/dockets/17128892/?format=json","id":17128892,"court":"https://www.courtlistener.com/api/rest/v4/courts/cand/?format=json","court_id":"cand","original_court_info":null,"idb_data":{"resource_uri":"https://www.courtlistener.com/api/rest/v4/fjc-integrated-database/25590564/?format=json","date_created":"2020-08-27T02:00:20.797600-07:00","date_modified":"2022-01-28T13:43:17.597283-08:00","dataset_source":9,"office":"5","docket_number":"2003079

--- docket=65590995 call#5454 ---
URL: https://www.courtlistener.com/api/rest/v4/dockets/65590995/?format=json
Status: 200
Body: {"resource_uri":"https://www.courtlistener.com/api/rest/v4/dockets/65590995/?format=json","id":65590995,"court":"https://www.courtlistener.com/api/rest/v4/courts/paed/?format=json","court_id":"paed","original_court_info":null,"idb_data":null,"clusters":["https://www.courtlistener.com/api/rest/v4/clusters/10369594/?format=json"],"audio_files":[],"assigned_to":null,"referred_to":null,"bankruptcy_information":null,"absolute_url":"/docket/65590995/page-v-rite-aid-corporation/","date_created":"2022-1

--- docket=59689186 call#5455 ---
URL: https://www.courtlistener.com/api/rest/v4/dockets/59689186/?format=json
Status: 200
Body: {"resource_uri":"https://www.courtlistener.com/api/rest/v4/dockets/59689186/?format=json","id":59689186,"court":"https://www.courtlistener.com/api/rest/v4/courts/mad/?format=json","court_id":"mad","original_court_info":null,"idb_data":null,"clusters":["https://www.courtlistener.com/api/rest/v4/clusters/9733623/?format=json"],"audio_files":[],"assigned_to":"https://www.courtlistener.com/api/rest/v4/people/563/?format=json","referred_to":null,"bankruptcy_information":null,"absolute_url":"/docket/5

--- docket=6886724 call#5456 ---
URL: https://www.courtlistener.com/api/rest/v4/dockets/6886724/?format=json
Status: 200
Body: {"resource_uri":"https://www.courtlistener.com/api/rest/v4/dockets/6886724/?format=json","id":6886724,"court":"https://www.courtlistener.com/api/rest/v4/courts/nywd/?format=json","court_id":"nywd","original_court_info":null,"idb_data":{"resource_uri":"https://www.courtlistener.com/api/rest/v4/fjc-integrated-database/24542991/?format=json","date_created":"2018-11-21T09:53:54.706283-08:00","date_modified":"2022-01-28T11:41:36.613740-08:00","dataset_source":9,"office":"1","docket_number":"1700971",

--- docket=14703202 call#5457 ---
URL: https://www.courtlistener.com/api/rest/v4/dockets/14703202/?format=json
Status: 200
Body: {"resource_uri":"https://www.courtlistener.com/api/rest/v4/dockets/14703202/?format=json","id":14703202,"court":"https://www.courtlistener.com/api/rest/v4/courts/nysd/?format=json","court_id":"nysd","original_court_info":null,"idb_data":{"resource_uri":"https://www.courtlistener.com/api/rest/v4/fjc-integrated-database/25829660/?format=json","date_created":"2020-08-27T04:17:04.653304-07:00","date_modified":"2022-01-28T11:40:46.272285-08:00","dataset_source":9,"office":"7","docket_number":"1901817

--- docket=7108870 call#5458 ---
URL: https://www.courtlistener.com/api/rest/v4/dockets/7108870/?format=json
Status: 200
Body: {"resource_uri":"https://www.courtlistener.com/api/rest/v4/dockets/7108870/?format=json","id":7108870,"court":"https://www.courtlistener.com/api/rest/v4/courts/cand/?format=json","court_id":"cand","original_court_info":null,"idb_data":{"resource_uri":"https://www.courtlistener.com/api/rest/v4/fjc-integrated-database/24964069/?format=json","date_created":"2018-11-21T10:37:03.120313-08:00","date_modified":"2022-01-28T13:38:08.075193-08:00","dataset_source":9,"office":"3","docket_number":"1803435",

--- docket=17149823 call#5459 ---
URL: https://www.courtlistener.com/api/rest/v4/dockets/17149823/?format=json
Status: 200
Body: {"resource_uri":"https://www.courtlistener.com/api/rest/v4/dockets/17149823/?format=json","id":17149823,"court":"https://www.courtlistener.com/api/rest/v4/courts/nysd/?format=json","court_id":"nysd","original_court_info":null,"idb_data":{"resource_uri":"https://www.courtlistener.com/api/rest/v4/fjc-integrated-database/25831205/?format=json","date_created":"2020-08-27T04:18:19.984000-07:00","date_modified":"2022-01-28T09:57:47.291510-08:00","dataset_source":9,"office":"1","docket_number":"2003668

--- docket=59740662 call#5460 ---
URL: https://www.courtlistener.com/api/rest/v4/dockets/59740662/?format=json
Status: 200
Body: {"resource_uri":"https://www.courtlistener.com/api/rest/v4/dockets/59740662/?format=json","id":59740662,"court":"https://www.courtlistener.com/api/rest/v4/courts/wawd/?format=json","court_id":"wawd","original_court_info":null,"idb_data":null,"clusters":["https://www.courtlistener.com/api/rest/v4/clusters/10617499/?format=json","https://www.courtlistener.com/api/rest/v4/clusters/10237634/?format=json","https://www.courtlistener.com/api/rest/v4/clusters/10237891/?format=json","https://www.courtlis

--- docket=66706253 call#5461 ---
URL: https://www.courtlistener.com/api/rest/v4/dockets/66706253/?format=json
Status: 200
Body: {"resource_uri":"https://www.courtlistener.com/api/rest/v4/dockets/66706253/?format=json","id":66706253,"court":"https://www.courtlistener.com/api/rest/v4/courts/nysd/?format=json","court_id":"nysd","original_court_info":null,"idb_data":null,"clusters":["https://www.courtlistener.com/api/rest/v4/clusters/10196828/?format=json","https://www.courtlistener.com/api/rest/v4/clusters/9882272/?format=json","https://www.courtlistener.com/api/rest/v4/clusters/10278152/?format=json"],"audio_files":[],"ass

--- docket=66707438 call#5462 ---
URL: https://www.courtlistener.com/api/rest/v4/dockets/66707438/?format=json
Status: 200
Body: {"resource_uri":"https://www.courtlistener.com/api/rest/v4/dockets/66707438/?format=json","id":66707438,"court":"https://www.courtlistener.com/api/rest/v4/courts/njd/?format=json","court_id":"njd","original_court_info":null,"idb_data":null,"clusters":["https://www.courtlistener.com/api/rest/v4/clusters/9810863/?format=json"],"audio_files":[],"assigned_to":"https://www.courtlistener.com/api/rest/v4/people/2069/?format=json","referred_to":"https://www.courtlistener.com/api/rest/v4/people/9382/?for

--- docket=63366693 call#5463 ---
URL: https://www.courtlistener.com/api/rest/v4/dockets/63366693/?format=json
Status: 200
Body: {"resource_uri":"https://www.courtlistener.com/api/rest/v4/dockets/63366693/?format=json","id":63366693,"court":"https://www.courtlistener.com/api/rest/v4/courts/nyed/?format=json","court_id":"nyed","original_court_info":null,"idb_data":null,"clusters":["https://www.courtlistener.com/api/rest/v4/clusters/9844171/?format=json"],"audio_files":[],"assigned_to":"https://www.courtlistener.com/api/rest/v4/people/1830/?format=json","referred_to":null,"bankruptcy_information":null,"absolute_url":"/docke

--- docket=7676110 call#5464 ---
URL: https://www.courtlistener.com/api/rest/v4/dockets/7676110/?format=json
Status: 200
Body: {"resource_uri":"https://www.courtlistener.com/api/rest/v4/dockets/7676110/?format=json","id":7676110,"court":"https://www.courtlistener.com/api/rest/v4/courts/ilnd/?format=json","court_id":"ilnd","original_court_info":null,"idb_data":{"resource_uri":"https://www.courtlistener.com/api/rest/v4/fjc-integrated-database/24882815/?format=json","date_created":"2018-11-21T10:29:24.844462-08:00","date_modified":"2022-01-28T09:04:41.882948-08:00","dataset_source":9,"office":"1","docket_number":"1805414",

--- docket=68010583 call#5465 ---
URL: https://www.courtlistener.com/api/rest/v4/dockets/68010583/?format=json
Status: 200
Body: {"resource_uri":"https://www.courtlistener.com/api/rest/v4/dockets/68010583/?format=json","id":68010583,"court":"https://www.courtlistener.com/api/rest/v4/courts/ord/?format=json","court_id":"ord","original_court_info":null,"idb_data":null,"clusters":["https://www.courtlistener.com/api/rest/v4/clusters/9930498/?format=json","https://www.courtlistener.com/api/rest/v4/clusters/10589465/?format=json"],"audio_files":[],"assigned_to":"https://www.courtlistener.com/api/rest/v4/people/14440/?format=jso

--- docket=16220604 call#5466 ---
URL: https://www.courtlistener.com/api/rest/v4/dockets/16220604/?format=json
Status: 200
Body: {"resource_uri":"https://www.courtlistener.com/api/rest/v4/dockets/16220604/?format=json","id":16220604,"court":"https://www.courtlistener.com/api/rest/v4/courts/nysd/?format=json","court_id":"nysd","original_court_info":null,"idb_data":{"resource_uri":"https://www.courtlistener.com/api/rest/v4/fjc-integrated-database/25837355/?format=json","date_created":"2020-08-27T04:20:28.907939-07:00","date_modified":"2022-01-28T11:36:02.961251-08:00","dataset_source":9,"office":"1","docket_number":"1908720

--- docket=68119820 call#5467 ---
URL: https://www.courtlistener.com/api/rest/v4/dockets/68119820/?format=json
Status: 200
Body: {"resource_uri":"https://www.courtlistener.com/api/rest/v4/dockets/68119820/?format=json","id":68119820,"court":"https://www.courtlistener.com/api/rest/v4/courts/caed/?format=json","court_id":"caed","original_court_info":null,"idb_data":null,"clusters":["https://www.courtlistener.com/api/rest/v4/clusters/10168981/?format=json","https://www.courtlistener.com/api/rest/v4/clusters/10170544/?format=json","https://www.courtlistener.com/api/rest/v4/clusters/9593767/?format=json","https://www.courtlist

--- docket=8489821 call#5468 ---
URL: https://www.courtlistener.com/api/rest/v4/dockets/8489821/?format=json
Status: 200
Body: {"resource_uri":"https://www.courtlistener.com/api/rest/v4/dockets/8489821/?format=json","id":8489821,"court":"https://www.courtlistener.com/api/rest/v4/courts/nywd/?format=json","court_id":"nywd","original_court_info":null,"idb_data":{"resource_uri":"https://www.courtlistener.com/api/rest/v4/fjc-integrated-database/24544301/?format=json","date_created":"2018-11-21T09:54:00.362993-08:00","date_modified":"2022-01-28T11:41:39.535246-08:00","dataset_source":9,"office":"1","docket_number":"1800954",

--- docket=29084292 call#5469 ---
URL: https://www.courtlistener.com/api/rest/v4/dockets/29084292/?format=json
Status: 200
Body: {"resource_uri":"https://www.courtlistener.com/api/rest/v4/dockets/29084292/?format=json","id":29084292,"court":"https://www.courtlistener.com/api/rest/v4/courts/cand/?format=json","court_id":"cand","original_court_info":null,"idb_data":null,"clusters":["https://www.courtlistener.com/api/rest/v4/clusters/9600900/?format=json"],"audio_files":[],"assigned_to":"https://www.courtlistener.com/api/rest/v4/people/2474/?format=json","referred_to":null,"bankruptcy_information":null,"absolute_url":"/docke

--- docket=4134431 call#5470 ---
URL: https://www.courtlistener.com/api/rest/v4/dockets/4134431/?format=json
Status: 200
Body: {"resource_uri":"https://www.courtlistener.com/api/rest/v4/dockets/4134431/?format=json","id":4134431,"court":"https://www.courtlistener.com/api/rest/v4/courts/azd/?format=json","court_id":"azd","original_court_info":null,"idb_data":{"resource_uri":"https://www.courtlistener.com/api/rest/v4/fjc-integrated-database/24944936/?format=json","date_created":"2018-11-21T10:35:16.120954-08:00","date_modified":"2022-01-28T13:35:07.013222-08:00","dataset_source":9,"office":"2","docket_number":"1600302","o

--- docket=64921013 call#5471 ---
URL: https://www.courtlistener.com/api/rest/v4/dockets/64921013/?format=json
Status: 200
Body: {"resource_uri":"https://www.courtlistener.com/api/rest/v4/dockets/64921013/?format=json","id":64921013,"court":"https://www.courtlistener.com/api/rest/v4/courts/flmd/?format=json","court_id":"flmd","original_court_info":null,"idb_data":null,"clusters":["https://www.courtlistener.com/api/rest/v4/clusters/9644543/?format=json","https://www.courtlistener.com/api/rest/v4/clusters/9647533/?format=json"],"audio_files":[],"assigned_to":"https://www.courtlistener.com/api/rest/v4/people/786/?format=json

--- docket=14710010 call#5472 ---
URL: https://www.courtlistener.com/api/rest/v4/dockets/14710010/?format=json
Status: 200
Body: {"resource_uri":"https://www.courtlistener.com/api/rest/v4/dockets/14710010/?format=json","id":14710010,"court":"https://www.courtlistener.com/api/rest/v4/courts/mad/?format=json","court_id":"mad","original_court_info":null,"idb_data":{"resource_uri":"https://www.courtlistener.com/api/rest/v4/fjc-integrated-database/25866891/?format=json","date_created":"2020-08-27T04:36:31.791296-07:00","date_modified":"2022-01-28T11:23:42.578029-08:00","dataset_source":9,"office":"1","docket_number":"1910273",

--- docket=4391825 call#5473 ---
URL: https://www.courtlistener.com/api/rest/v4/dockets/4391825/?format=json
Status: 200
Body: {"resource_uri":"https://www.courtlistener.com/api/rest/v4/dockets/4391825/?format=json","id":4391825,"court":"https://www.courtlistener.com/api/rest/v4/courts/txnd/?format=json","court_id":"txnd","original_court_info":null,"idb_data":{"resource_uri":"https://www.courtlistener.com/api/rest/v4/fjc-integrated-database/24782496/?format=json","date_created":"2018-11-21T10:19:31.536738-08:00","date_modified":"2022-01-28T12:43:55.963386-08:00","dataset_source":9,"office":"3","docket_number":"1601735",

--- docket=6179730 call#5474 ---
URL: https://www.courtlistener.com/api/rest/v4/dockets/6179730/?format=json
Status: 200
Body: {"resource_uri":"https://www.courtlistener.com/api/rest/v4/dockets/6179730/?format=json","id":6179730,"court":"https://www.courtlistener.com/api/rest/v4/courts/utd/?format=json","court_id":"utd","original_court_info":null,"idb_data":{"resource_uri":"https://www.courtlistener.com/api/rest/v4/fjc-integrated-database/25055659/?format=json","date_created":"2018-11-21T10:45:46.549527-08:00","date_modified":"2022-01-28T09:36:25.029320-08:00","dataset_source":9,"office":"2","docket_number":"1601199","o

--- docket=60702600 call#5475 ---
URL: https://www.courtlistener.com/api/rest/v4/dockets/60702600/?format=json
Status: 200
Body: {"resource_uri":"https://www.courtlistener.com/api/rest/v4/dockets/60702600/?format=json","id":60702600,"court":"https://www.courtlistener.com/api/rest/v4/courts/ohnd/?format=json","court_id":"ohnd","original_court_info":null,"idb_data":null,"clusters":["https://www.courtlistener.com/api/rest/v4/clusters/9905004/?format=json"],"audio_files":[],"assigned_to":null,"referred_to":null,"bankruptcy_information":null,"absolute_url":"/docket/60702600/jmelt-llc-v-swaffer/","date_created":"2021-11-05T11:1

--- docket=18620080 call#5476 ---
URL: https://www.courtlistener.com/api/rest/v4/dockets/18620080/?format=json
Status: 200
Body: {"resource_uri":"https://www.courtlistener.com/api/rest/v4/dockets/18620080/?format=json","id":18620080,"court":"https://www.courtlistener.com/api/rest/v4/courts/nywd/?format=json","court_id":"nywd","original_court_info":null,"idb_data":null,"clusters":["https://www.courtlistener.com/api/rest/v4/clusters/9896516/?format=json"],"audio_files":[],"assigned_to":"https://www.courtlistener.com/api/rest/v4/people/2991/?format=json","referred_to":null,"bankruptcy_information":null,"absolute_url":"/docke

--- docket=63359677 call#5477 ---
URL: https://www.courtlistener.com/api/rest/v4/dockets/63359677/?format=json
Status: 200
Body: {"resource_uri":"https://www.courtlistener.com/api/rest/v4/dockets/63359677/?format=json","id":63359677,"court":"https://www.courtlistener.com/api/rest/v4/courts/nysd/?format=json","court_id":"nysd","original_court_info":null,"idb_data":null,"clusters":["https://www.courtlistener.com/api/rest/v4/clusters/9876812/?format=json","https://www.courtlistener.com/api/rest/v4/clusters/9876913/?format=json","https://www.courtlistener.com/api/rest/v4/clusters/9879347/?format=json"],"audio_files":[],"assig

--- docket=63285082 call#5478 ---
URL: https://www.courtlistener.com/api/rest/v4/dockets/63285082/?format=json
Status: 200
Body: {"resource_uri":"https://www.courtlistener.com/api/rest/v4/dockets/63285082/?format=json","id":63285082,"court":"https://www.courtlistener.com/api/rest/v4/courts/cand/?format=json","court_id":"cand","original_court_info":null,"idb_data":null,"clusters":["https://www.courtlistener.com/api/rest/v4/clusters/9611024/?format=json"],"audio_files":[],"assigned_to":"https://www.courtlistener.com/api/rest/v4/people/3228/?format=json","referred_to":null,"bankruptcy_information":null,"absolute_url":"/docke

--- docket=18488547 call#5479 ---
URL: https://www.courtlistener.com/api/rest/v4/dockets/18488547/?format=json
Status: 200
Body: {"resource_uri":"https://www.courtlistener.com/api/rest/v4/dockets/18488547/?format=json","id":18488547,"court":"https://www.courtlistener.com/api/rest/v4/courts/vaed/?format=json","court_id":"vaed","original_court_info":null,"idb_data":null,"clusters":["https://www.courtlistener.com/api/rest/v4/clusters/10222294/?format=json"],"audio_files":[],"assigned_to":"https://www.courtlistener.com/api/rest/v4/people/9621/?format=json","referred_to":"https://www.courtlistener.com/api/rest/v4/people/9614/?

--- docket=16078841 call#5480 ---
URL: https://www.courtlistener.com/api/rest/v4/dockets/16078841/?format=json
Status: 200
Body: {"resource_uri":"https://www.courtlistener.com/api/rest/v4/dockets/16078841/?format=json","id":16078841,"court":"https://www.courtlistener.com/api/rest/v4/courts/wied/?format=json","court_id":"wied","original_court_info":null,"idb_data":{"resource_uri":"https://www.courtlistener.com/api/rest/v4/fjc-integrated-database/25631464/?format=json","date_created":"2020-08-27T02:21:50.383110-07:00","date_modified":"2022-01-28T10:42:00.926990-08:00","dataset_source":9,"office":"2","docket_number":"1901198

--- docket=59716263 call#5481 ---
URL: https://www.courtlistener.com/api/rest/v4/dockets/59716263/?format=json
Status: 200
Body: {"resource_uri":"https://www.courtlistener.com/api/rest/v4/dockets/59716263/?format=json","id":59716263,"court":"https://www.courtlistener.com/api/rest/v4/courts/nywd/?format=json","court_id":"nywd","original_court_info":null,"idb_data":null,"clusters":["https://www.courtlistener.com/api/rest/v4/clusters/9900642/?format=json","https://www.courtlistener.com/api/rest/v4/clusters/9897378/?format=json","https://www.courtlistener.com/api/rest/v4/clusters/10350786/?format=json"],"audio_files":[],"assi

--- docket=69386106 call#5482 ---
URL: https://www.courtlistener.com/api/rest/v4/dockets/69386106/?format=json
Status: 200
Body: {"resource_uri":"https://www.courtlistener.com/api/rest/v4/dockets/69386106/?format=json","id":69386106,"court":"https://www.courtlistener.com/api/rest/v4/courts/cacd/?format=json","court_id":"cacd","original_court_info":null,"idb_data":null,"clusters":["https://www.courtlistener.com/api/rest/v4/clusters/10762790/?format=json"],"audio_files":[],"assigned_to":null,"referred_to":"https://www.courtlistener.com/api/rest/v4/people/14427/?format=json","bankruptcy_information":null,"absolute_url":"/doc

--- docket=59949850 call#5483 ---
URL: https://www.courtlistener.com/api/rest/v4/dockets/59949850/?format=json
Status: 200
Body: {"resource_uri":"https://www.courtlistener.com/api/rest/v4/dockets/59949850/?format=json","id":59949850,"court":"https://www.courtlistener.com/api/rest/v4/courts/nywd/?format=json","court_id":"nywd","original_court_info":null,"idb_data":null,"clusters":["https://www.courtlistener.com/api/rest/v4/clusters/9897372/?format=json","https://www.courtlistener.com/api/rest/v4/clusters/9897053/?format=json","https://www.courtlistener.com/api/rest/v4/clusters/9898753/?format=json"],"audio_files":[],"assig

--- docket=68195039 call#5484 ---
URL: https://www.courtlistener.com/api/rest/v4/dockets/68195039/?format=json
Status: 200
Body: {"resource_uri":"https://www.courtlistener.com/api/rest/v4/dockets/68195039/?format=json","id":68195039,"court":"https://www.courtlistener.com/api/rest/v4/courts/cand/?format=json","court_id":"cand","original_court_info":null,"idb_data":null,"clusters":["https://www.courtlistener.com/api/rest/v4/clusters/10582999/?format=json","https://www.courtlistener.com/api/rest/v4/clusters/10172061/?format=json"],"audio_files":[],"assigned_to":"https://www.courtlistener.com/api/rest/v4/people/807/?format=js

--- docket=62169531 call#5485 ---
URL: https://www.courtlistener.com/api/rest/v4/dockets/62169531/?format=json
Status: 200
Body: {"resource_uri":"https://www.courtlistener.com/api/rest/v4/dockets/62169531/?format=json","id":62169531,"court":"https://www.courtlistener.com/api/rest/v4/courts/vaed/?format=json","court_id":"vaed","original_court_info":null,"idb_data":null,"clusters":["https://www.courtlistener.com/api/rest/v4/clusters/10222760/?format=json"],"audio_files":[],"assigned_to":null,"referred_to":"https://www.courtlistener.com/api/rest/v4/people/9618/?format=json","bankruptcy_information":null,"absolute_url":"/dock

--- docket=66917742 call#5486 ---
URL: https://www.courtlistener.com/api/rest/v4/dockets/66917742/?format=json
Status: 200
Body: {"resource_uri":"https://www.courtlistener.com/api/rest/v4/dockets/66917742/?format=json","id":66917742,"court":"https://www.courtlistener.com/api/rest/v4/courts/mad/?format=json","court_id":"mad","original_court_info":null,"idb_data":null,"clusters":["https://www.courtlistener.com/api/rest/v4/clusters/9735056/?format=json"],"audio_files":[],"assigned_to":"https://www.courtlistener.com/api/rest/v4/people/3164/?format=json","referred_to":null,"bankruptcy_information":null,"absolute_url":"/docket/

--- docket=60490779 call#5487 ---
URL: https://www.courtlistener.com/api/rest/v4/dockets/60490779/?format=json
Status: 200
Body: {"resource_uri":"https://www.courtlistener.com/api/rest/v4/dockets/60490779/?format=json","id":60490779,"court":"https://www.courtlistener.com/api/rest/v4/courts/njd/?format=json","court_id":"njd","original_court_info":null,"idb_data":null,"clusters":["https://www.courtlistener.com/api/rest/v4/clusters/10190046/?format=json","https://www.courtlistener.com/api/rest/v4/clusters/10626302/?format=json"],"audio_files":[],"assigned_to":"https://www.courtlistener.com/api/rest/v4/people/3464/?format=jso

--- docket=69342293 call#5488 ---
URL: https://www.courtlistener.com/api/rest/v4/dockets/69342293/?format=json
Status: 200
Body: {"resource_uri":"https://www.courtlistener.com/api/rest/v4/dockets/69342293/?format=json","id":69342293,"court":"https://www.courtlistener.com/api/rest/v4/courts/nysd/?format=json","court_id":"nysd","original_court_info":null,"idb_data":null,"clusters":["https://www.courtlistener.com/api/rest/v4/clusters/10272359/?format=json","https://www.courtlistener.com/api/rest/v4/clusters/10273422/?format=json"],"audio_files":[],"assigned_to":"https://www.courtlistener.com/api/rest/v4/people/3144/?format=j

--- docket=16114536 call#5489 ---
URL: https://www.courtlistener.com/api/rest/v4/dockets/16114536/?format=json
Status: 200
Body: {"resource_uri":"https://www.courtlistener.com/api/rest/v4/dockets/16114536/?format=json","id":16114536,"court":"https://www.courtlistener.com/api/rest/v4/courts/nysd/?format=json","court_id":"nysd","original_court_info":null,"idb_data":{"resource_uri":"https://www.courtlistener.com/api/rest/v4/fjc-integrated-database/25837935/?format=json","date_created":"2020-08-27T04:20:39.963135-07:00","date_modified":"2022-01-28T11:35:59.372017-08:00","dataset_source":9,"office":"1","docket_number":"1907991

--- docket=63233240 call#5490 ---
URL: https://www.courtlistener.com/api/rest/v4/dockets/63233240/?format=json
Status: 200
Body: {"resource_uri":"https://www.courtlistener.com/api/rest/v4/dockets/63233240/?format=json","id":63233240,"court":"https://www.courtlistener.com/api/rest/v4/courts/nywd/?format=json","court_id":"nywd","original_court_info":null,"idb_data":null,"clusters":["https://www.courtlistener.com/api/rest/v4/clusters/9900285/?format=json","https://www.courtlistener.com/api/rest/v4/clusters/9899157/?format=json"],"audio_files":[],"assigned_to":"https://www.courtlistener.com/api/rest/v4/people/1174/?format=jso

--- docket=8215958 call#5491 ---
URL: https://www.courtlistener.com/api/rest/v4/dockets/8215958/?format=json
Status: 200
Body: {"resource_uri":"https://www.courtlistener.com/api/rest/v4/dockets/8215958/?format=json","id":8215958,"court":"https://www.courtlistener.com/api/rest/v4/courts/flsd/?format=json","court_id":"flsd","original_court_info":null,"idb_data":{"resource_uri":"https://www.courtlistener.com/api/rest/v4/fjc-integrated-database/25346658/?format=json","date_created":"2020-08-27T00:23:09.436879-07:00","date_modified":"2022-01-28T11:17:40.393535-08:00","dataset_source":9,"office":"9","docket_number":"1881448",

--- docket=15012538 call#5492 ---
URL: https://www.courtlistener.com/api/rest/v4/dockets/15012538/?format=json
Status: 200
Body: {"resource_uri":"https://www.courtlistener.com/api/rest/v4/dockets/15012538/?format=json","id":15012538,"court":"https://www.courtlistener.com/api/rest/v4/courts/cod/?format=json","court_id":"cod","original_court_info":null,"idb_data":{"resource_uri":"https://www.courtlistener.com/api/rest/v4/fjc-integrated-database/25544170/?format=json","date_created":"2020-08-27T01:38:27.998891-07:00","date_modified":"2022-01-28T14:03:05.865658-08:00","dataset_source":9,"office":"1","docket_number":"1901117",

--- docket=14980627 call#5493 ---
URL: https://www.courtlistener.com/api/rest/v4/dockets/14980627/?format=json
Status: 200
Body: {"resource_uri":"https://www.courtlistener.com/api/rest/v4/dockets/14980627/?format=json","id":14980627,"court":"https://www.courtlistener.com/api/rest/v4/courts/flsd/?format=json","court_id":"flsd","original_court_info":null,"idb_data":{"resource_uri":"https://www.courtlistener.com/api/rest/v4/fjc-integrated-database/25352396/?format=json","date_created":"2020-08-27T00:25:20.637220-07:00","date_modified":"2022-01-28T11:16:10.242984-08:00","dataset_source":9,"office":"1","docket_number":"1921538

--- docket=59911485 call#5494 ---
URL: https://www.courtlistener.com/api/rest/v4/dockets/59911485/?format=json
Status: 200
Body: {"resource_uri":"https://www.courtlistener.com/api/rest/v4/dockets/59911485/?format=json","id":59911485,"court":"https://www.courtlistener.com/api/rest/v4/courts/nysd/?format=json","court_id":"nysd","original_court_info":null,"idb_data":null,"clusters":["https://www.courtlistener.com/api/rest/v4/clusters/9866047/?format=json"],"audio_files":[],"assigned_to":"https://www.courtlistener.com/api/rest/v4/people/3144/?format=json","referred_to":null,"bankruptcy_information":null,"absolute_url":"/docke

--- docket=60363410 call#5495 ---
URL: https://www.courtlistener.com/api/rest/v4/dockets/60363410/?format=json
Status: 200
Body: {"resource_uri":"https://www.courtlistener.com/api/rest/v4/dockets/60363410/?format=json","id":60363410,"court":"https://www.courtlistener.com/api/rest/v4/courts/cacd/?format=json","court_id":"cacd","original_court_info":null,"idb_data":null,"clusters":["https://www.courtlistener.com/api/rest/v4/clusters/9516315/?format=json"],"audio_files":[],"assigned_to":"https://www.courtlistener.com/api/rest/v4/people/3087/?format=json","referred_to":"https://www.courtlistener.com/api/rest/v4/people/9049/?f

--- docket=67318403 call#5496 ---
URL: https://www.courtlistener.com/api/rest/v4/dockets/67318403/?format=json
Status: 200
Body: {"resource_uri":"https://www.courtlistener.com/api/rest/v4/dockets/67318403/?format=json","id":67318403,"court":"https://www.courtlistener.com/api/rest/v4/courts/mied/?format=json","court_id":"mied","original_court_info":null,"idb_data":null,"clusters":["https://www.courtlistener.com/api/rest/v4/clusters/9755417/?format=json"],"audio_files":[],"assigned_to":"https://www.courtlistener.com/api/rest/v4/people/1983/?format=json","referred_to":"https://www.courtlistener.com/api/rest/v4/people/9311/?f

--- docket=60381711 call#5497 ---
URL: https://www.courtlistener.com/api/rest/v4/dockets/60381711/?format=json
Status: 200
Body: {"resource_uri":"https://www.courtlistener.com/api/rest/v4/dockets/60381711/?format=json","id":60381711,"court":"https://www.courtlistener.com/api/rest/v4/courts/txnd/?format=json","court_id":"txnd","original_court_info":null,"idb_data":null,"clusters":["https://www.courtlistener.com/api/rest/v4/clusters/9985378/?format=json","https://www.courtlistener.com/api/rest/v4/clusters/9985874/?format=json","https://www.courtlistener.com/api/rest/v4/clusters/9984518/?format=json","https://www.courtlisten

--- docket=64904585 call#5498 ---
URL: https://www.courtlistener.com/api/rest/v4/dockets/64904585/?format=json
Status: 200
Body: {"resource_uri":"https://www.courtlistener.com/api/rest/v4/dockets/64904585/?format=json","id":64904585,"court":"https://www.courtlistener.com/api/rest/v4/courts/nysd/?format=json","court_id":"nysd","original_court_info":null,"idb_data":null,"clusters":["https://www.courtlistener.com/api/rest/v4/clusters/9881721/?format=json"],"audio_files":[],"assigned_to":"https://www.courtlistener.com/api/rest/v4/people/14461/?format=json","referred_to":null,"bankruptcy_information":null,"absolute_url":"/dock

--- docket=8363424 call#5499 ---
URL: https://www.courtlistener.com/api/rest/v4/dockets/8363424/?format=json
Status: 200
Body: {"resource_uri":"https://www.courtlistener.com/api/rest/v4/dockets/8363424/?format=json","id":8363424,"court":"https://www.courtlistener.com/api/rest/v4/courts/nysd/?format=json","court_id":"nysd","original_court_info":null,"idb_data":{"resource_uri":"https://www.courtlistener.com/api/rest/v4/fjc-integrated-database/25842831/?format=json","date_created":"2020-08-27T04:22:45.264018-07:00","date_modified":"2022-01-28T11:35:16.748857-08:00","dataset_source":9,"office":"1","docket_number":"1811376",

--- docket=7865615 call#5500 ---
URL: https://www.courtlistener.com/api/rest/v4/dockets/7865615/?format=json
Status: 200
Body: {"resource_uri":"https://www.courtlistener.com/api/rest/v4/dockets/7865615/?format=json","id":7865615,"court":"https://www.courtlistener.com/api/rest/v4/courts/mnd/?format=json","court_id":"mnd","original_court_info":null,"idb_data":{"resource_uri":"https://www.courtlistener.com/api/rest/v4/fjc-integrated-database/24932592/?format=json","date_created":"2018-11-21T10:34:06.649365-08:00","date_modified":"2022-01-28T09:14:21.304751-08:00","dataset_source":9,"office":"0","docket_number":"1802581","o

--- docket=60180274 call#5501 ---
URL: https://www.courtlistener.com/api/rest/v4/dockets/60180274/?format=json
Status: 200
Body: {"resource_uri":"https://www.courtlistener.com/api/rest/v4/dockets/60180274/?format=json","id":60180274,"court":"https://www.courtlistener.com/api/rest/v4/courts/nysd/?format=json","court_id":"nysd","original_court_info":null,"idb_data":null,"clusters":["https://www.courtlistener.com/api/rest/v4/clusters/9871380/?format=json"],"audio_files":[],"assigned_to":"https://www.courtlistener.com/api/rest/v4/people/1421/?format=json","referred_to":"https://www.courtlistener.com/api/rest/v4/people/9445/?f

--- docket=68862109 call#5502 ---
URL: https://www.courtlistener.com/api/rest/v4/dockets/68862109/?format=json
Status: 200
Body: {"resource_uri":"https://www.courtlistener.com/api/rest/v4/dockets/68862109/?format=json","id":68862109,"court":"https://www.courtlistener.com/api/rest/v4/courts/nvd/?format=json","court_id":"nvd","original_court_info":null,"idb_data":null,"clusters":["https://www.courtlistener.com/api/rest/v4/clusters/10338783/?format=json"],"audio_files":[],"assigned_to":"https://www.courtlistener.com/api/rest/v4/people/2017/?format=json","referred_to":"https://www.courtlistener.com/api/rest/v4/people/9410/?fo

--- docket=16906407 call#5503 ---
URL: https://www.courtlistener.com/api/rest/v4/dockets/16906407/?format=json
Status: 200
Body: {"resource_uri":"https://www.courtlistener.com/api/rest/v4/dockets/16906407/?format=json","id":16906407,"court":"https://www.courtlistener.com/api/rest/v4/courts/ksd/?format=json","court_id":"ksd","original_court_info":null,"idb_data":{"resource_uri":"https://www.courtlistener.com/api/rest/v4/fjc-integrated-database/25539316/?format=json","date_created":"2020-08-27T01:36:31.836110-07:00","date_modified":"2022-01-28T14:04:55.635940-08:00","dataset_source":9,"office":"2","docket_number":"2002090",

--- docket=17035060 call#5504 ---
URL: https://www.courtlistener.com/api/rest/v4/dockets/17035060/?format=json
Status: 200
Body: {"resource_uri":"https://www.courtlistener.com/api/rest/v4/dockets/17035060/?format=json","id":17035060,"court":"https://www.courtlistener.com/api/rest/v4/courts/ksd/?format=json","court_id":"ksd","original_court_info":null,"idb_data":{"resource_uri":"https://www.courtlistener.com/api/rest/v4/fjc-integrated-database/25539234/?format=json","date_created":"2020-08-27T01:36:30.305893-07:00","date_modified":"2022-01-28T14:04:56.647547-08:00","dataset_source":9,"office":"2","docket_number":"2002172",

--- docket=16967224 call#5505 ---
URL: https://www.courtlistener.com/api/rest/v4/dockets/16967224/?format=json
Status: 200
Body: {"resource_uri":"https://www.courtlistener.com/api/rest/v4/dockets/16967224/?format=json","id":16967224,"court":"https://www.courtlistener.com/api/rest/v4/courts/flsd/?format=json","court_id":"flsd","original_court_info":null,"idb_data":{"resource_uri":"https://www.courtlistener.com/api/rest/v4/fjc-integrated-database/25348852/?format=json","date_created":"2020-08-27T00:24:07.235308-07:00","date_modified":"2022-01-28T15:43:07.677080-08:00","dataset_source":9,"office":"1","docket_number":"2021107

--- docket=17223605 call#5506 ---
URL: https://www.courtlistener.com/api/rest/v4/dockets/17223605/?format=json
Status: 200
Body: {"resource_uri":"https://www.courtlistener.com/api/rest/v4/dockets/17223605/?format=json","id":17223605,"court":"https://www.courtlistener.com/api/rest/v4/courts/ksd/?format=json","court_id":"ksd","original_court_info":null,"idb_data":{"resource_uri":"https://www.courtlistener.com/api/rest/v4/fjc-integrated-database/25539126/?format=json","date_created":"2020-08-27T01:36:28.337918-07:00","date_modified":"2022-01-28T14:04:58.050195-08:00","dataset_source":9,"office":"2","docket_number":"2002281",

--- docket=14935024 call#5507 ---
URL: https://www.courtlistener.com/api/rest/v4/dockets/14935024/?format=json
Status: 200
Body: {"resource_uri":"https://www.courtlistener.com/api/rest/v4/dockets/14935024/?format=json","id":14935024,"court":"https://www.courtlistener.com/api/rest/v4/courts/mnd/?format=json","court_id":"mnd","original_court_info":null,"idb_data":{"resource_uri":"https://www.courtlistener.com/api/rest/v4/fjc-integrated-database/25622846/?format=json","date_created":"2020-08-27T02:16:38.297707-07:00","date_modified":"2022-01-28T10:44:24.830307-08:00","dataset_source":9,"office":"0","docket_number":"1900532",

--- docket=67495224 call#5508 ---
URL: https://www.courtlistener.com/api/rest/v4/dockets/67495224/?format=json
Status: 200
Body: {"resource_uri":"https://www.courtlistener.com/api/rest/v4/dockets/67495224/?format=json","id":67495224,"court":"https://www.courtlistener.com/api/rest/v4/courts/njd/?format=json","court_id":"njd","original_court_info":null,"idb_data":null,"clusters":["https://www.courtlistener.com/api/rest/v4/clusters/10190097/?format=json"],"audio_files":[],"assigned_to":"https://www.courtlistener.com/api/rest/v4/people/8598/?format=json","referred_to":"https://www.courtlistener.com/api/rest/v4/people/9388/?fo

--- docket=60381083 call#5509 ---
URL: https://www.courtlistener.com/api/rest/v4/dockets/60381083/?format=json
Status: 200
Body: {"resource_uri":"https://www.courtlistener.com/api/rest/v4/dockets/60381083/?format=json","id":60381083,"court":"https://www.courtlistener.com/api/rest/v4/courts/flsd/?format=json","court_id":"flsd","original_court_info":null,"idb_data":null,"clusters":["https://www.courtlistener.com/api/rest/v4/clusters/9655134/?format=json"],"audio_files":[],"assigned_to":"https://www.courtlistener.com/api/rest/v4/people/8660/?format=json","referred_to":"https://www.courtlistener.com/api/rest/v4/people/9178/?f

--- docket=67424172 call#5510 ---
URL: https://www.courtlistener.com/api/rest/v4/dockets/67424172/?format=json
Status: 200
Body: {"resource_uri":"https://www.courtlistener.com/api/rest/v4/dockets/67424172/?format=json","id":67424172,"court":"https://www.courtlistener.com/api/rest/v4/courts/nysd/?format=json","court_id":"nysd","original_court_info":null,"idb_data":null,"clusters":["https://www.courtlistener.com/api/rest/v4/clusters/10195254/?format=json"],"audio_files":[],"assigned_to":"https://www.courtlistener.com/api/rest/v4/people/1702/?format=json","referred_to":"https://www.courtlistener.com/api/rest/v4/people/9438/?

--- docket=8407886 call#5511 ---
URL: https://www.courtlistener.com/api/rest/v4/dockets/8407886/?format=json
Status: 200
Body: {"resource_uri":"https://www.courtlistener.com/api/rest/v4/dockets/8407886/?format=json","id":8407886,"court":"https://www.courtlistener.com/api/rest/v4/courts/tnmd/?format=json","court_id":"tnmd","original_court_info":null,"idb_data":{"resource_uri":"https://www.courtlistener.com/api/rest/v4/fjc-integrated-database/25663240/?format=json","date_created":"2020-08-27T02:39:45.547462-07:00","date_modified":"2022-01-28T13:09:59.043385-08:00","dataset_source":9,"office":"3","docket_number":"1801368",

--- docket=5306192 call#5512 ---
URL: https://www.courtlistener.com/api/rest/v4/dockets/5306192/?format=json
Status: 200
Body: {"resource_uri":"https://www.courtlistener.com/api/rest/v4/dockets/5306192/?format=json","id":5306192,"court":"https://www.courtlistener.com/api/rest/v4/courts/mdd/?format=json","court_id":"mdd","original_court_info":null,"idb_data":{"resource_uri":"https://www.courtlistener.com/api/rest/v4/fjc-integrated-database/24614480/?format=json","date_created":"2018-11-21T10:03:10.879393-08:00","date_modified":"2022-01-28T08:25:58.161630-08:00","dataset_source":9,"office":"8","docket_number":"1501339","o

--- docket=15760050 call#5513 ---
URL: https://www.courtlistener.com/api/rest/v4/dockets/15760050/?format=json
Status: 200
Body: {"resource_uri":"https://www.courtlistener.com/api/rest/v4/dockets/15760050/?format=json","id":15760050,"court":"https://www.courtlistener.com/api/rest/v4/courts/ohnd/?format=json","court_id":"ohnd","original_court_info":null,"idb_data":{"resource_uri":"https://www.courtlistener.com/api/rest/v4/fjc-integrated-database/25681580/?format=json","date_created":"2020-08-27T02:47:03.911533-07:00","date_modified":"2022-01-28T10:32:40.201855-08:00","dataset_source":9,"office":"1","docket_number":"1901352

--- docket=16738956 call#5514 ---
URL: https://www.courtlistener.com/api/rest/v4/dockets/16738956/?format=json
Status: 200
Body: {"resource_uri":"https://www.courtlistener.com/api/rest/v4/dockets/16738956/?format=json","id":16738956,"court":"https://www.courtlistener.com/api/rest/v4/courts/lawd/?format=json","court_id":"lawd","original_court_info":null,"idb_data":{"resource_uri":"https://www.courtlistener.com/api/rest/v4/fjc-integrated-database/25724894/?format=json","date_created":"2020-08-27T03:10:48.224293-07:00","date_modified":"2022-01-28T10:21:01.552697-08:00","dataset_source":9,"office":"5","docket_number":"2000104

--- docket=68441752 call#5515 ---
URL: https://www.courtlistener.com/api/rest/v4/dockets/68441752/?format=json
Status: 200
Body: {"resource_uri":"https://www.courtlistener.com/api/rest/v4/dockets/68441752/?format=json","id":68441752,"court":"https://www.courtlistener.com/api/rest/v4/courts/flsd/?format=json","court_id":"flsd","original_court_info":null,"idb_data":null,"clusters":["https://www.courtlistener.com/api/rest/v4/clusters/9656617/?format=json"],"audio_files":[],"assigned_to":"https://www.courtlistener.com/api/rest/v4/people/2297/?format=json","referred_to":null,"bankruptcy_information":null,"absolute_url":"/docke

--- docket=29107306 call#5516 ---
URL: https://www.courtlistener.com/api/rest/v4/dockets/29107306/?format=json
Status: 200
Body: {"resource_uri":"https://www.courtlistener.com/api/rest/v4/dockets/29107306/?format=json","id":29107306,"court":"https://www.courtlistener.com/api/rest/v4/courts/ohnd/?format=json","court_id":"ohnd","original_court_info":null,"idb_data":null,"clusters":["https://www.courtlistener.com/api/rest/v4/clusters/9902945/?format=json"],"audio_files":[],"assigned_to":"https://www.courtlistener.com/api/rest/v4/people/8542/?format=json","referred_to":null,"bankruptcy_information":null,"absolute_url":"/docke

--- docket=63392175 call#5517 ---
URL: https://www.courtlistener.com/api/rest/v4/dockets/63392175/?format=json
Status: 200
Body: {"resource_uri":"https://www.courtlistener.com/api/rest/v4/dockets/63392175/?format=json","id":63392175,"court":"https://www.courtlistener.com/api/rest/v4/courts/nysd/?format=json","court_id":"nysd","original_court_info":null,"idb_data":null,"clusters":["https://www.courtlistener.com/api/rest/v4/clusters/9887211/?format=json"],"audio_files":[],"assigned_to":"https://www.courtlistener.com/api/rest/v4/people/532/?format=json","referred_to":null,"bankruptcy_information":null,"absolute_url":"/docket

--- docket=60058741 call#5518 ---
URL: https://www.courtlistener.com/api/rest/v4/dockets/60058741/?format=json
Status: 200
Body: {"resource_uri":"https://www.courtlistener.com/api/rest/v4/dockets/60058741/?format=json","id":60058741,"court":"https://www.courtlistener.com/api/rest/v4/courts/nysd/?format=json","court_id":"nysd","original_court_info":null,"idb_data":null,"clusters":["https://www.courtlistener.com/api/rest/v4/clusters/9878140/?format=json","https://www.courtlistener.com/api/rest/v4/clusters/9867733/?format=json","https://www.courtlistener.com/api/rest/v4/clusters/9875463/?format=json","https://www.courtlisten

--- docket=7636195 call#5519 ---
URL: https://www.courtlistener.com/api/rest/v4/dockets/7636195/?format=json
Status: 200
Body: {"resource_uri":"https://www.courtlistener.com/api/rest/v4/dockets/7636195/?format=json","id":7636195,"court":"https://www.courtlistener.com/api/rest/v4/courts/mdd/?format=json","court_id":"mdd","original_court_info":null,"idb_data":null,"clusters":["https://www.courtlistener.com/api/rest/v4/clusters/10182816/?format=json","https://www.courtlistener.com/api/rest/v4/clusters/9737340/?format=json"],"audio_files":[],"assigned_to":"https://www.courtlistener.com/api/rest/v4/people/300/?format=json","

--- docket=69276859 call#5520 ---
URL: https://www.courtlistener.com/api/rest/v4/dockets/69276859/?format=json
Status: 200
Body: {"resource_uri":"https://www.courtlistener.com/api/rest/v4/dockets/69276859/?format=json","id":69276859,"court":"https://www.courtlistener.com/api/rest/v4/courts/flmd/?format=json","court_id":"flmd","original_court_info":null,"idb_data":null,"clusters":["https://www.courtlistener.com/api/rest/v4/clusters/10334270/?format=json"],"audio_files":[],"assigned_to":"https://www.courtlistener.com/api/rest/v4/people/8586/?format=json","referred_to":"https://www.courtlistener.com/api/rest/v4/people/9156/?

--- docket=61577723 call#5521 ---
URL: https://www.courtlistener.com/api/rest/v4/dockets/61577723/?format=json
Status: 200
Body: {"resource_uri":"https://www.courtlistener.com/api/rest/v4/dockets/61577723/?format=json","id":61577723,"court":"https://www.courtlistener.com/api/rest/v4/courts/ohnd/?format=json","court_id":"ohnd","original_court_info":null,"idb_data":null,"clusters":["https://www.courtlistener.com/api/rest/v4/clusters/9905204/?format=json"],"audio_files":[],"assigned_to":null,"referred_to":null,"bankruptcy_information":null,"absolute_url":"/docket/61577723/luxemburg-capital-llc-v-fergus/","date_created":"2021

--- docket=29086378 call#5522 ---
URL: https://www.courtlistener.com/api/rest/v4/dockets/29086378/?format=json
Status: 200
Body: {"resource_uri":"https://www.courtlistener.com/api/rest/v4/dockets/29086378/?format=json","id":29086378,"court":"https://www.courtlistener.com/api/rest/v4/courts/ohnd/?format=json","court_id":"ohnd","original_court_info":null,"idb_data":null,"clusters":["https://www.courtlistener.com/api/rest/v4/clusters/9903671/?format=json"],"audio_files":[],"assigned_to":"https://www.courtlistener.com/api/rest/v4/people/1422/?format=json","referred_to":null,"bankruptcy_information":null,"absolute_url":"/docke

--- docket=16497725 call#5523 ---
URL: https://www.courtlistener.com/api/rest/v4/dockets/16497725/?format=json
Status: 200
Body: {"resource_uri":"https://www.courtlistener.com/api/rest/v4/dockets/16497725/?format=json","id":16497725,"court":"https://www.courtlistener.com/api/rest/v4/courts/txsd/?format=json","court_id":"txsd","original_court_info":null,"idb_data":null,"clusters":["https://www.courtlistener.com/api/rest/v4/clusters/10206358/?format=json"],"audio_files":[],"assigned_to":"https://www.courtlistener.com/api/rest/v4/people/2250/?format=json","referred_to":null,"bankruptcy_information":null,"absolute_url":"/dock

--- docket=16301982 call#5524 ---
URL: https://www.courtlistener.com/api/rest/v4/dockets/16301982/?format=json
Status: 200
Body: {"resource_uri":"https://www.courtlistener.com/api/rest/v4/dockets/16301982/?format=json","id":16301982,"court":"https://www.courtlistener.com/api/rest/v4/courts/nyed/?format=json","court_id":"nyed","original_court_info":null,"idb_data":{"resource_uri":"https://www.courtlistener.com/api/rest/v4/fjc-integrated-database/25845096/?format=json","date_created":"2020-08-27T04:25:25.981993-07:00","date_modified":"2022-01-28T09:54:32.883712-08:00","dataset_source":9,"office":"2","docket_number":"1905629

--- docket=7480248 call#5525 ---
URL: https://www.courtlistener.com/api/rest/v4/dockets/7480248/?format=json
Status: 200
Body: {"resource_uri":"https://www.courtlistener.com/api/rest/v4/dockets/7480248/?format=json","id":7480248,"court":"https://www.courtlistener.com/api/rest/v4/courts/nyed/?format=json","court_id":"nyed","original_court_info":null,"idb_data":{"resource_uri":"https://www.courtlistener.com/api/rest/v4/fjc-integrated-database/24507485/?format=json","date_created":"2018-11-21T09:50:27.065504-08:00","date_modified":"2022-01-28T09:52:44.096570-08:00","dataset_source":9,"office":"1","docket_number":"1800245",

--- docket=7996683 call#5526 ---
URL: https://www.courtlistener.com/api/rest/v4/dockets/7996683/?format=json
Status: 200
Body: {"resource_uri":"https://www.courtlistener.com/api/rest/v4/dockets/7996683/?format=json","id":7996683,"court":"https://www.courtlistener.com/api/rest/v4/courts/mdd/?format=json","court_id":"mdd","original_court_info":null,"idb_data":{"resource_uri":"https://www.courtlistener.com/api/rest/v4/fjc-integrated-database/24615712/?format=json","date_created":"2018-11-21T10:03:21.913361-08:00","date_modified":"2022-01-28T12:16:12.684633-08:00","dataset_source":9,"office":"8","docket_number":"1702453","o

--- docket=67464055 call#5527 ---
URL: https://www.courtlistener.com/api/rest/v4/dockets/67464055/?format=json
Status: 200
Body: {"resource_uri":"https://www.courtlistener.com/api/rest/v4/dockets/67464055/?format=json","id":67464055,"court":"https://www.courtlistener.com/api/rest/v4/courts/njd/?format=json","court_id":"njd","original_court_info":null,"idb_data":null,"clusters":["https://www.courtlistener.com/api/rest/v4/clusters/9810800/?format=json"],"audio_files":[],"assigned_to":"https://www.courtlistener.com/api/rest/v4/people/1829/?format=json","referred_to":"https://www.courtlistener.com/api/rest/v4/people/9379/?for

--- docket=8454297 call#5528 ---
URL: https://www.courtlistener.com/api/rest/v4/dockets/8454297/?format=json
Status: 200
Body: {"resource_uri":"https://www.courtlistener.com/api/rest/v4/dockets/8454297/?format=json","id":8454297,"court":"https://www.courtlistener.com/api/rest/v4/courts/mdd/?format=json","court_id":"mdd","original_court_info":null,"idb_data":{"resource_uri":"https://www.courtlistener.com/api/rest/v4/fjc-integrated-database/25769865/?format=json","date_created":"2020-08-27T03:45:45.022909-07:00","date_modified":"2022-01-28T10:08:11.465916-08:00","dataset_source":9,"office":"1","docket_number":"1803698","o

--- docket=14816284 call#5529 ---
URL: https://www.courtlistener.com/api/rest/v4/dockets/14816284/?format=json
Status: 200
Body: {"resource_uri":"https://www.courtlistener.com/api/rest/v4/dockets/14816284/?format=json","id":14816284,"court":"https://www.courtlistener.com/api/rest/v4/courts/moed/?format=json","court_id":"moed","original_court_info":null,"idb_data":{"resource_uri":"https://www.courtlistener.com/api/rest/v4/fjc-integrated-database/25618916/?format=json","date_created":"2020-08-27T02:14:57.394823-07:00","date_modified":"2022-01-28T10:45:20.440007-08:00","dataset_source":9,"office":"4","docket_number":"1900274

--- docket=5626707 call#5530 ---
URL: https://www.courtlistener.com/api/rest/v4/dockets/5626707/?format=json
Status: 200
Body: {"resource_uri":"https://www.courtlistener.com/api/rest/v4/dockets/5626707/?format=json","id":5626707,"court":"https://www.courtlistener.com/api/rest/v4/courts/ilnd/?format=json","court_id":"ilnd","original_court_info":null,"idb_data":{"resource_uri":"https://www.courtlistener.com/api/rest/v4/fjc-integrated-database/24862360/?format=json","date_created":"2018-11-21T10:27:26.713664-08:00","date_modified":"2022-01-28T07:20:20.140231-08:00","dataset_source":9,"office":"1","docket_number":"1500667",

--- docket=60686813 call#5531 ---
URL: https://www.courtlistener.com/api/rest/v4/dockets/60686813/?format=json
Status: 200
Body: {"resource_uri":"https://www.courtlistener.com/api/rest/v4/dockets/60686813/?format=json","id":60686813,"court":"https://www.courtlistener.com/api/rest/v4/courts/casd/?format=json","court_id":"casd","original_court_info":null,"idb_data":null,"clusters":["https://www.courtlistener.com/api/rest/v4/clusters/9621882/?format=json","https://www.courtlistener.com/api/rest/v4/clusters/9622579/?format=json","https://www.courtlistener.com/api/rest/v4/clusters/10601909/?format=json"],"audio_files":[],"assi

--- docket=68061565 call#5532 ---
URL: https://www.courtlistener.com/api/rest/v4/dockets/68061565/?format=json
Status: 200
Body: {"resource_uri":"https://www.courtlistener.com/api/rest/v4/dockets/68061565/?format=json","id":68061565,"court":"https://www.courtlistener.com/api/rest/v4/courts/flsd/?format=json","court_id":"flsd","original_court_info":null,"idb_data":null,"clusters":["https://www.courtlistener.com/api/rest/v4/clusters/10177142/?format=json","https://www.courtlistener.com/api/rest/v4/clusters/9656182/?format=json"],"audio_files":[],"assigned_to":"https://www.courtlistener.com/api/rest/v4/people/91/?format=json

--- docket=15844876 call#5533 ---
URL: https://www.courtlistener.com/api/rest/v4/dockets/15844876/?format=json
Status: 200
Body: {"resource_uri":"https://www.courtlistener.com/api/rest/v4/dockets/15844876/?format=json","id":15844876,"court":"https://www.courtlistener.com/api/rest/v4/courts/mad/?format=json","court_id":"mad","original_court_info":null,"idb_data":{"resource_uri":"https://www.courtlistener.com/api/rest/v4/fjc-integrated-database/25866302/?format=json","date_created":"2020-08-27T04:36:21.327832-07:00","date_modified":"2022-01-28T11:23:48.035575-08:00","dataset_source":9,"office":"1","docket_number":"1911416",

--- docket=14941870 call#5534 ---
URL: https://www.courtlistener.com/api/rest/v4/dockets/14941870/?format=json
Status: 200
Body: {"resource_uri":"https://www.courtlistener.com/api/rest/v4/dockets/14941870/?format=json","id":14941870,"court":"https://www.courtlistener.com/api/rest/v4/courts/nyed/?format=json","court_id":"nyed","original_court_info":null,"idb_data":{"resource_uri":"https://www.courtlistener.com/api/rest/v4/fjc-integrated-database/25974121/?format=json","date_created":"2020-08-27T06:33:22.429506-07:00","date_modified":"2022-01-28T08:10:06.286712-08:00","dataset_source":9,"office":"1","docket_number":"1902215

--- docket=8346309 call#5535 ---
URL: https://www.courtlistener.com/api/rest/v4/dockets/8346309/?format=json
Status: 200
Body: {"resource_uri":"https://www.courtlistener.com/api/rest/v4/dockets/8346309/?format=json","id":8346309,"court":"https://www.courtlistener.com/api/rest/v4/courts/nyed/?format=json","court_id":"nyed","original_court_info":null,"idb_data":{"resource_uri":"https://www.courtlistener.com/api/rest/v4/fjc-integrated-database/25853040/?format=json","date_created":"2020-08-27T04:28:55.870856-07:00","date_modified":"2022-01-28T11:30:02.347047-08:00","dataset_source":9,"office":"1","docket_number":"1806801",

--- docket=59929829 call#5536 ---
URL: https://www.courtlistener.com/api/rest/v4/dockets/59929829/?format=json
Status: 200
Body: {"resource_uri":"https://www.courtlistener.com/api/rest/v4/dockets/59929829/?format=json","id":59929829,"court":"https://www.courtlistener.com/api/rest/v4/courts/mdd/?format=json","court_id":"mdd","original_court_info":null,"idb_data":null,"clusters":["https://www.courtlistener.com/api/rest/v4/clusters/9739643/?format=json"],"audio_files":[],"assigned_to":null,"referred_to":null,"bankruptcy_information":null,"absolute_url":"/docket/59929829/roth-v-emergent-biosolutions-inc/","date_created":"2021

--- docket=14592085 call#5537 ---
URL: https://www.courtlistener.com/api/rest/v4/dockets/14592085/?format=json
Status: 200
Body: {"resource_uri":"https://www.courtlistener.com/api/rest/v4/dockets/14592085/?format=json","id":14592085,"court":"https://www.courtlistener.com/api/rest/v4/courts/txed/?format=json","court_id":"txed","original_court_info":null,"idb_data":{"resource_uri":"https://www.courtlistener.com/api/rest/v4/fjc-integrated-database/25710807/?format=json","date_created":"2020-08-27T03:00:48.535117-07:00","date_modified":"2022-01-28T12:47:33.668815-08:00","dataset_source":9,"office":"4","docket_number":"1900100

--- docket=8466792 call#5538 ---
URL: https://www.courtlistener.com/api/rest/v4/dockets/8466792/?format=json
Status: 200
Body: {"resource_uri":"https://www.courtlistener.com/api/rest/v4/dockets/8466792/?format=json","id":8466792,"court":"https://www.courtlistener.com/api/rest/v4/courts/nyed/?format=json","court_id":"nyed","original_court_info":null,"idb_data":{"resource_uri":"https://www.courtlistener.com/api/rest/v4/fjc-integrated-database/25852824/?format=json","date_created":"2020-08-27T04:28:47.875528-07:00","date_modified":"2022-01-28T09:52:59.144772-08:00","dataset_source":9,"office":"1","docket_number":"1807453",

--- docket=17266800 call#5539 ---
URL: https://www.courtlistener.com/api/rest/v4/dockets/17266800/?format=json
Status: 200
Body: {"resource_uri":"https://www.courtlistener.com/api/rest/v4/dockets/17266800/?format=json","id":17266800,"court":"https://www.courtlistener.com/api/rest/v4/courts/nmd/?format=json","court_id":"nmd","original_court_info":null,"idb_data":{"resource_uri":"https://www.courtlistener.com/api/rest/v4/fjc-integrated-database/25536788/?format=json","date_created":"2020-08-27T01:35:29.843679-07:00","date_modified":"2022-01-28T14:05:54.231100-08:00","dataset_source":9,"office":"1","docket_number":"2000590",

--- docket=4152954 call#5540 ---
URL: https://www.courtlistener.com/api/rest/v4/dockets/4152954/?format=json
Status: 200
Body: {"resource_uri":"https://www.courtlistener.com/api/rest/v4/dockets/4152954/?format=json","id":4152954,"court":"https://www.courtlistener.com/api/rest/v4/courts/cacd/?format=json","court_id":"cacd","original_court_info":null,"idb_data":{"resource_uri":"https://www.courtlistener.com/api/rest/v4/fjc-integrated-database/24107965/?format=json","date_created":"2018-11-21T08:53:46.817693-08:00","date_modified":"2022-01-28T04:30:47.524011-08:00","dataset_source":9,"office":"2","docket_number":"1504194",

--- docket=68024183 call#5541 ---
URL: https://www.courtlistener.com/api/rest/v4/dockets/68024183/?format=json
Status: 200
Body: {"resource_uri":"https://www.courtlistener.com/api/rest/v4/dockets/68024183/?format=json","id":68024183,"court":"https://www.courtlistener.com/api/rest/v4/courts/ohnd/?format=json","court_id":"ohnd","original_court_info":null,"idb_data":null,"clusters":["https://www.courtlistener.com/api/rest/v4/clusters/9906517/?format=json"],"audio_files":[],"assigned_to":"https://www.courtlistener.com/api/rest/v4/people/8542/?format=json","referred_to":null,"bankruptcy_information":null,"absolute_url":"/docke

--- docket=63259089 call#5542 ---
URL: https://www.courtlistener.com/api/rest/v4/dockets/63259089/?format=json
Status: 200
Body: {"resource_uri":"https://www.courtlistener.com/api/rest/v4/dockets/63259089/?format=json","id":63259089,"court":"https://www.courtlistener.com/api/rest/v4/courts/nysd/?format=json","court_id":"nysd","original_court_info":null,"idb_data":null,"clusters":["https://www.courtlistener.com/api/rest/v4/clusters/10196733/?format=json","https://www.courtlistener.com/api/rest/v4/clusters/10196895/?format=json","https://www.courtlistener.com/api/rest/v4/clusters/10197001/?format=json","https://www.courtlis

--- docket=7794929 call#5543 ---
URL: https://www.courtlistener.com/api/rest/v4/dockets/7794929/?format=json
Status: 200
Body: {"resource_uri":"https://www.courtlistener.com/api/rest/v4/dockets/7794929/?format=json","id":7794929,"court":"https://www.courtlistener.com/api/rest/v4/courts/mdd/?format=json","court_id":"mdd","original_court_info":null,"idb_data":{"resource_uri":"https://www.courtlistener.com/api/rest/v4/fjc-integrated-database/24614164/?format=json","date_created":"2018-11-21T10:03:10.832589-08:00","date_modified":"2022-01-28T10:08:09.109186-08:00","dataset_source":9,"office":"1","docket_number":"1802711","o

--- docket=51820496 call#5544 ---
URL: https://www.courtlistener.com/api/rest/v4/dockets/51820496/?format=json
Status: 200
Body: {"resource_uri":"https://www.courtlistener.com/api/rest/v4/dockets/51820496/?format=json","id":51820496,"court":"https://www.courtlistener.com/api/rest/v4/courts/mdd/?format=json","court_id":"mdd","original_court_info":null,"idb_data":null,"clusters":["https://www.courtlistener.com/api/rest/v4/clusters/9739022/?format=json"],"audio_files":[],"assigned_to":"https://www.courtlistener.com/api/rest/v4/people/1492/?format=json","referred_to":null,"bankruptcy_information":null,"absolute_url":"/docket/

--- docket=7296346 call#5545 ---
URL: https://www.courtlistener.com/api/rest/v4/dockets/7296346/?format=json
Status: 200
Body: {"resource_uri":"https://www.courtlistener.com/api/rest/v4/dockets/7296346/?format=json","id":7296346,"court":"https://www.courtlistener.com/api/rest/v4/courts/nyed/?format=json","court_id":"nyed","original_court_info":null,"idb_data":{"resource_uri":"https://www.courtlistener.com/api/rest/v4/fjc-integrated-database/24509852/?format=json","date_created":"2018-11-21T09:50:45.748526-08:00","date_modified":"2022-01-28T11:29:56.236268-08:00","dataset_source":9,"office":"1","docket_number":"1803721",

--- docket=15051287 call#5546 ---
URL: https://www.courtlistener.com/api/rest/v4/dockets/15051287/?format=json
Status: 200
Body: {"resource_uri":"https://www.courtlistener.com/api/rest/v4/dockets/15051287/?format=json","id":15051287,"court":"https://www.courtlistener.com/api/rest/v4/courts/nyed/?format=json","court_id":"nyed","original_court_info":null,"idb_data":{"resource_uri":"https://www.courtlistener.com/api/rest/v4/fjc-integrated-database/25851837/?format=json","date_created":"2020-08-27T04:28:27.804246-07:00","date_modified":"2022-01-28T09:53:10.744837-08:00","dataset_source":9,"office":"1","docket_number":"1902622

--- docket=6983551 call#5547 ---
URL: https://www.courtlistener.com/api/rest/v4/dockets/6983551/?format=json
Status: 200
Body: {"resource_uri":"https://www.courtlistener.com/api/rest/v4/dockets/6983551/?format=json","id":6983551,"court":"https://www.courtlistener.com/api/rest/v4/courts/njd/?format=json","court_id":"njd","original_court_info":null,"idb_data":{"resource_uri":"https://www.courtlistener.com/api/rest/v4/fjc-integrated-database/24555877/?format=json","date_created":"2018-11-21T09:55:09.697623-08:00","date_modified":"2022-01-28T10:00:24.274701-08:00","dataset_source":9,"office":"1","docket_number":"1802791","o

--- docket=16659532 call#5548 ---
URL: https://www.courtlistener.com/api/rest/v4/dockets/16659532/?format=json
Status: 200
Body: {"resource_uri":"https://www.courtlistener.com/api/rest/v4/dockets/16659532/?format=json","id":16659532,"court":"https://www.courtlistener.com/api/rest/v4/courts/ohsd/?format=json","court_id":"ohsd","original_court_info":null,"idb_data":{"resource_uri":"https://www.courtlistener.com/api/rest/v4/fjc-integrated-database/25675693/?format=json","date_created":"2020-08-27T02:44:43.057386-07:00","date_modified":"2022-01-28T10:33:35.736259-08:00","dataset_source":9,"office":"1","docket_number":"2000011

--- docket=59944787 call#5549 ---
URL: https://www.courtlistener.com/api/rest/v4/dockets/59944787/?format=json
Status: 200
Body: {"resource_uri":"https://www.courtlistener.com/api/rest/v4/dockets/59944787/?format=json","id":59944787,"court":"https://www.courtlistener.com/api/rest/v4/courts/nyed/?format=json","court_id":"nyed","original_court_info":null,"idb_data":null,"clusters":["https://www.courtlistener.com/api/rest/v4/clusters/9841183/?format=json","https://www.courtlistener.com/api/rest/v4/clusters/9842413/?format=json"],"audio_files":[],"assigned_to":"https://www.courtlistener.com/api/rest/v4/people/15388/?format=js

--- docket=4507450 call#5550 ---
URL: https://www.courtlistener.com/api/rest/v4/dockets/4507450/?format=json
Status: 200
Body: {"resource_uri":"https://www.courtlistener.com/api/rest/v4/dockets/4507450/?format=json","id":4507450,"court":"https://www.courtlistener.com/api/rest/v4/courts/ilnd/?format=json","court_id":"ilnd","original_court_info":null,"idb_data":{"resource_uri":"https://www.courtlistener.com/api/rest/v4/fjc-integrated-database/24862749/?format=json","date_created":"2018-11-21T10:27:32.199853-08:00","date_modified":"2022-01-28T09:03:01.842753-08:00","dataset_source":9,"office":"1","docket_number":"1502263",

--- docket=4154497 call#5551 ---
URL: https://www.courtlistener.com/api/rest/v4/dockets/4154497/?format=json
Status: 200
Body: {"resource_uri":"https://www.courtlistener.com/api/rest/v4/dockets/4154497/?format=json","id":4154497,"court":"https://www.courtlistener.com/api/rest/v4/courts/cacd/?format=json","court_id":"cacd","original_court_info":null,"idb_data":{"resource_uri":"https://www.courtlistener.com/api/rest/v4/fjc-integrated-database/24983218/?format=json","date_created":"2018-11-21T10:38:49.886454-08:00","date_modified":"2022-01-28T13:46:52.948357-08:00","dataset_source":9,"office":"2","docket_number":"1602942",

--- docket=4154606 call#5552 ---
URL: https://www.courtlistener.com/api/rest/v4/dockets/4154606/?format=json
Status: 200
Body: {"resource_uri":"https://www.courtlistener.com/api/rest/v4/dockets/4154606/?format=json","id":4154606,"court":"https://www.courtlistener.com/api/rest/v4/courts/cacd/?format=json","court_id":"cacd","original_court_info":null,"idb_data":{"resource_uri":"https://www.courtlistener.com/api/rest/v4/fjc-integrated-database/24983279/?format=json","date_created":"2018-11-21T10:38:49.893995-08:00","date_modified":"2022-01-28T13:46:53.169754-08:00","dataset_source":9,"office":"2","docket_number":"1603412",

--- docket=65408696 call#5553 ---
URL: https://www.courtlistener.com/api/rest/v4/dockets/65408696/?format=json
Status: 200
Body: {"resource_uri":"https://www.courtlistener.com/api/rest/v4/dockets/65408696/?format=json","id":65408696,"court":"https://www.courtlistener.com/api/rest/v4/courts/ohsd/?format=json","court_id":"ohsd","original_court_info":null,"idb_data":null,"clusters":["https://www.courtlistener.com/api/rest/v4/clusters/9914803/?format=json"],"audio_files":[],"assigned_to":"https://www.courtlistener.com/api/rest/v4/people/2034/?format=json","referred_to":"https://www.courtlistener.com/api/rest/v4/people/9471/?f

--- docket=16327295 call#5554 ---
URL: https://www.courtlistener.com/api/rest/v4/dockets/16327295/?format=json
Status: 200
Body: {"resource_uri":"https://www.courtlistener.com/api/rest/v4/dockets/16327295/?format=json","id":16327295,"court":"https://www.courtlistener.com/api/rest/v4/courts/nyed/?format=json","court_id":"nyed","original_court_info":null,"idb_data":{"resource_uri":"https://www.courtlistener.com/api/rest/v4/fjc-integrated-database/25850033/?format=json","date_created":"2020-08-27T04:27:52.094600-07:00","date_modified":"2022-01-28T11:30:28.945723-08:00","dataset_source":9,"office":"1","docket_number":"1905777

--- docket=5412995 call#5555 ---
URL: https://www.courtlistener.com/api/rest/v4/dockets/5412995/?format=json
Status: 200
Body: {"resource_uri":"https://www.courtlistener.com/api/rest/v4/dockets/5412995/?format=json","id":5412995,"court":"https://www.courtlistener.com/api/rest/v4/courts/flmd/?format=json","court_id":"flmd","original_court_info":null,"idb_data":{"resource_uri":"https://www.courtlistener.com/api/rest/v4/fjc-integrated-database/25081308/?format=json","date_created":"2018-11-21T10:48:05.880223-08:00","date_modified":"2022-01-28T09:40:55.475226-08:00","dataset_source":9,"office":"8","docket_number":"1601798",

--- docket=17301141 call#5556 ---
URL: https://www.courtlistener.com/api/rest/v4/dockets/17301141/?format=json
Status: 200
Body: {"resource_uri":"https://www.courtlistener.com/api/rest/v4/dockets/17301141/?format=json","id":17301141,"court":"https://www.courtlistener.com/api/rest/v4/courts/txnd/?format=json","court_id":"txnd","original_court_info":null,"idb_data":{"resource_uri":"https://www.courtlistener.com/api/rest/v4/fjc-integrated-database/25715807/?format=json","date_created":"2020-08-27T03:02:57.921016-07:00","date_modified":"2022-01-28T10:23:57.712483-08:00","dataset_source":9,"office":"3","docket_number":"2000610

--- docket=7243178 call#5557 ---
URL: https://www.courtlistener.com/api/rest/v4/dockets/7243178/?format=json
Status: 200
Body: {"resource_uri":"https://www.courtlistener.com/api/rest/v4/dockets/7243178/?format=json","id":7243178,"court":"https://www.courtlistener.com/api/rest/v4/courts/njd/?format=json","court_id":"njd","original_court_info":null,"idb_data":{"resource_uri":"https://www.courtlistener.com/api/rest/v4/fjc-integrated-database/24568954/?format=json","date_created":"2018-11-21T09:57:58.276005-08:00","date_modified":"2022-01-28T10:01:44.463661-08:00","dataset_source":9,"office":"2","docket_number":"1810878","o

--- docket=15688971 call#5558 ---
URL: https://www.courtlistener.com/api/rest/v4/dockets/15688971/?format=json
Status: 200
Body: {"resource_uri":"https://www.courtlistener.com/api/rest/v4/dockets/15688971/?format=json","id":15688971,"court":"https://www.courtlistener.com/api/rest/v4/courts/ilnd/?format=json","court_id":"ilnd","original_court_info":null,"idb_data":{"resource_uri":"https://www.courtlistener.com/api/rest/v4/fjc-integrated-database/25657089/?format=json","date_created":"2020-08-27T02:34:05.681437-07:00","date_modified":"2022-01-28T13:13:56.303283-08:00","dataset_source":9,"office":"1","docket_number":"1903552

--- docket=14774670 call#5559 ---
URL: https://www.courtlistener.com/api/rest/v4/dockets/14774670/?format=json
Status: 200
Body: {"resource_uri":"https://www.courtlistener.com/api/rest/v4/dockets/14774670/?format=json","id":14774670,"court":"https://www.courtlistener.com/api/rest/v4/courts/njd/?format=json","court_id":"njd","original_court_info":null,"idb_data":{"resource_uri":"https://www.courtlistener.com/api/rest/v4/fjc-integrated-database/25795834/?format=json","date_created":"2020-08-27T03:57:14.199947-07:00","date_modified":"2022-01-28T10:03:48.038353-08:00","dataset_source":9,"office":"3","docket_number":"1908828",

--- docket=15411280 call#5560 ---
URL: https://www.courtlistener.com/api/rest/v4/dockets/15411280/?format=json
Status: 200
Body: {"resource_uri":"https://www.courtlistener.com/api/rest/v4/dockets/15411280/?format=json","id":15411280,"court":"https://www.courtlistener.com/api/rest/v4/courts/nvd/?format=json","court_id":"nvd","original_court_info":null,"idb_data":{"resource_uri":"https://www.courtlistener.com/api/rest/v4/fjc-integrated-database/25557960/?format=json","date_created":"2020-08-27T01:44:43.622922-07:00","date_modified":"2022-01-28T13:57:04.819248-08:00","dataset_source":9,"office":"2","docket_number":"1900590",

--- docket=18626884 call#5561 ---
URL: https://www.courtlistener.com/api/rest/v4/dockets/18626884/?format=json
Status: 200
Body: {"resource_uri":"https://www.courtlistener.com/api/rest/v4/dockets/18626884/?format=json","id":18626884,"court":"https://www.courtlistener.com/api/rest/v4/courts/nyed/?format=json","court_id":"nyed","original_court_info":null,"idb_data":null,"clusters":["https://www.courtlistener.com/api/rest/v4/clusters/9841399/?format=json","https://www.courtlistener.com/api/rest/v4/clusters/9842754/?format=json"],"audio_files":[],"assigned_to":null,"referred_to":"https://www.courtlistener.com/api/rest/v4/peop

--- docket=67901839 call#5562 ---
URL: https://www.courtlistener.com/api/rest/v4/dockets/67901839/?format=json
Status: 200
Body: {"resource_uri":"https://www.courtlistener.com/api/rest/v4/dockets/67901839/?format=json","id":67901839,"court":"https://www.courtlistener.com/api/rest/v4/courts/nysd/?format=json","court_id":"nysd","original_court_info":null,"idb_data":null,"clusters":["https://www.courtlistener.com/api/rest/v4/clusters/10193998/?format=json"],"audio_files":[],"assigned_to":"https://www.courtlistener.com/api/rest/v4/people/15332/?format=json","referred_to":null,"bankruptcy_information":null,"absolute_url":"/doc

--- docket=59964097 call#5563 ---
URL: https://www.courtlistener.com/api/rest/v4/dockets/59964097/?format=json
Status: 200
Body: {"resource_uri":"https://www.courtlistener.com/api/rest/v4/dockets/59964097/?format=json","id":59964097,"court":"https://www.courtlistener.com/api/rest/v4/courts/nysd/?format=json","court_id":"nysd","original_court_info":null,"idb_data":null,"clusters":["https://www.courtlistener.com/api/rest/v4/clusters/9873316/?format=json"],"audio_files":[],"assigned_to":"https://www.courtlistener.com/api/rest/v4/people/733/?format=json","referred_to":null,"bankruptcy_information":null,"absolute_url":"/docket

--- docket=67933559 call#5564 ---
URL: https://www.courtlistener.com/api/rest/v4/dockets/67933559/?format=json
Status: 200
Body: {"resource_uri":"https://www.courtlistener.com/api/rest/v4/dockets/67933559/?format=json","id":67933559,"court":"https://www.courtlistener.com/api/rest/v4/courts/nyed/?format=json","court_id":"nyed","original_court_info":null,"idb_data":null,"clusters":["https://www.courtlistener.com/api/rest/v4/clusters/9844196/?format=json"],"audio_files":[],"assigned_to":"https://www.courtlistener.com/api/rest/v4/people/1145/?format=json","referred_to":"https://www.courtlistener.com/api/rest/v4/people/9418/?f

--- docket=68523876 call#5565 ---
URL: https://www.courtlistener.com/api/rest/v4/dockets/68523876/?format=json
Status: 200
Body: {"resource_uri":"https://www.courtlistener.com/api/rest/v4/dockets/68523876/?format=json","id":68523876,"court":"https://www.courtlistener.com/api/rest/v4/courts/ilnd/?format=json","court_id":"ilnd","original_court_info":null,"idb_data":null,"clusters":["https://www.courtlistener.com/api/rest/v4/clusters/10272875/?format=json"],"audio_files":[],"assigned_to":"https://www.courtlistener.com/api/rest/v4/people/9225/?format=json","referred_to":null,"bankruptcy_information":null,"absolute_url":"/dock

--- docket=14688175 call#5566 ---
URL: https://www.courtlistener.com/api/rest/v4/dockets/14688175/?format=json
Status: 200
Body: {"resource_uri":"https://www.courtlistener.com/api/rest/v4/dockets/14688175/?format=json","id":14688175,"court":"https://www.courtlistener.com/api/rest/v4/courts/ilnd/?format=json","court_id":"ilnd","original_court_info":null,"idb_data":{"resource_uri":"https://www.courtlistener.com/api/rest/v4/fjc-integrated-database/25658117/?format=json","date_created":"2020-08-27T02:34:25.737814-07:00","date_modified":"2022-01-28T13:13:45.428306-08:00","dataset_source":9,"office":"1","docket_number":"1901735

--- docket=7485561 call#5567 ---
URL: https://www.courtlistener.com/api/rest/v4/dockets/7485561/?format=json
Status: 200
Body: {"resource_uri":"https://www.courtlistener.com/api/rest/v4/dockets/7485561/?format=json","id":7485561,"court":"https://www.courtlistener.com/api/rest/v4/courts/ilnd/?format=json","court_id":"ilnd","original_court_info":null,"idb_data":{"resource_uri":"https://www.courtlistener.com/api/rest/v4/fjc-integrated-database/24882367/?format=json","date_created":"2018-11-21T10:29:19.381484-08:00","date_modified":"2022-01-28T09:04:35.771275-08:00","dataset_source":9,"office":"1","docket_number":"1804966",

--- docket=60078189 call#5568 ---
URL: https://www.courtlistener.com/api/rest/v4/dockets/60078189/?format=json
Status: 200
Body: {"resource_uri":"https://www.courtlistener.com/api/rest/v4/dockets/60078189/?format=json","id":60078189,"court":"https://www.courtlistener.com/api/rest/v4/courts/nyed/?format=json","court_id":"nyed","original_court_info":null,"idb_data":null,"clusters":["https://www.courtlistener.com/api/rest/v4/clusters/9844451/?format=json"],"audio_files":[],"assigned_to":null,"referred_to":"https://www.courtlistener.com/api/rest/v4/people/9418/?format=json","bankruptcy_information":null,"absolute_url":"/docke

--- docket=7527295 call#5569 ---
URL: https://www.courtlistener.com/api/rest/v4/dockets/7527295/?format=json
Status: 200
Body: {"resource_uri":"https://www.courtlistener.com/api/rest/v4/dockets/7527295/?format=json","id":7527295,"court":"https://www.courtlistener.com/api/rest/v4/courts/ilnd/?format=json","court_id":"ilnd","original_court_info":null,"idb_data":{"resource_uri":"https://www.courtlistener.com/api/rest/v4/fjc-integrated-database/24882515/?format=json","date_created":"2018-11-21T10:29:24.804390-08:00","date_modified":"2022-01-28T09:04:37.264719-08:00","dataset_source":9,"office":"1","docket_number":"1805114",

--- docket=7135025 call#5570 ---
URL: https://www.courtlistener.com/api/rest/v4/dockets/7135025/?format=json
Status: 200
Body: {"resource_uri":"https://www.courtlistener.com/api/rest/v4/dockets/7135025/?format=json","id":7135025,"court":"https://www.courtlistener.com/api/rest/v4/courts/med/?format=json","court_id":"med","original_court_info":null,"idb_data":{"resource_uri":"https://www.courtlistener.com/api/rest/v4/fjc-integrated-database/24474635/?format=json","date_created":"2018-11-21T09:47:25.398390-08:00","date_modified":"2022-01-28T11:23:09.842284-08:00","dataset_source":9,"office":"2","docket_number":"1800139","o

--- docket=14725386 call#5571 ---
URL: https://www.courtlistener.com/api/rest/v4/dockets/14725386/?format=json
Status: 200
Body: {"resource_uri":"https://www.courtlistener.com/api/rest/v4/dockets/14725386/?format=json","id":14725386,"court":"https://www.courtlistener.com/api/rest/v4/courts/ilnd/?format=json","court_id":"ilnd","original_court_info":null,"idb_data":{"resource_uri":"https://www.courtlistener.com/api/rest/v4/fjc-integrated-database/25658059/?format=json","date_created":"2020-08-27T02:34:24.719300-07:00","date_modified":"2022-01-28T13:13:46.019100-08:00","dataset_source":9,"office":"1","docket_number":"1901845

--- docket=15003358 call#5572 ---
URL: https://www.courtlistener.com/api/rest/v4/dockets/15003358/?format=json
Status: 200
Body: {"resource_uri":"https://www.courtlistener.com/api/rest/v4/dockets/15003358/?format=json","id":15003358,"court":"https://www.courtlistener.com/api/rest/v4/courts/ilnd/?format=json","court_id":"ilnd","original_court_info":null,"idb_data":{"resource_uri":"https://www.courtlistener.com/api/rest/v4/fjc-integrated-database/25657522/?format=json","date_created":"2020-08-27T02:34:15.261671-07:00","date_modified":"2022-01-28T13:13:51.780198-08:00","dataset_source":9,"office":"1","docket_number":"1902807

--- docket=7392906 call#5573 ---
URL: https://www.courtlistener.com/api/rest/v4/dockets/7392906/?format=json
Status: 200
Body: {"resource_uri":"https://www.courtlistener.com/api/rest/v4/dockets/7392906/?format=json","id":7392906,"court":"https://www.courtlistener.com/api/rest/v4/courts/njd/?format=json","court_id":"njd","original_court_info":null,"idb_data":{"resource_uri":"https://www.courtlistener.com/api/rest/v4/fjc-integrated-database/24569180/?format=json","date_created":"2018-11-21T09:57:58.303174-08:00","date_modified":"2022-01-28T10:01:45.112803-08:00","dataset_source":9,"office":"2","docket_number":"1811477","o

--- docket=8479837 call#5574 ---
URL: https://www.courtlistener.com/api/rest/v4/dockets/8479837/?format=json
Status: 200
Body: {"resource_uri":"https://www.courtlistener.com/api/rest/v4/dockets/8479837/?format=json","id":8479837,"court":"https://www.courtlistener.com/api/rest/v4/courts/nyed/?format=json","court_id":"nyed","original_court_info":null,"idb_data":{"resource_uri":"https://www.courtlistener.com/api/rest/v4/fjc-integrated-database/25852802/?format=json","date_created":"2020-08-27T04:28:47.453830-07:00","date_modified":"2022-01-28T11:30:04.669975-08:00","dataset_source":9,"office":"1","docket_number":"1900024",

--- docket=7832040 call#5575 ---
URL: https://www.courtlistener.com/api/rest/v4/dockets/7832040/?format=json
Status: 200
Body: {"resource_uri":"https://www.courtlistener.com/api/rest/v4/dockets/7832040/?format=json","id":7832040,"court":"https://www.courtlistener.com/api/rest/v4/courts/ilnd/?format=json","court_id":"ilnd","original_court_info":null,"idb_data":{"resource_uri":"https://www.courtlistener.com/api/rest/v4/fjc-integrated-database/24883569/?format=json","date_created":"2018-11-21T10:29:30.367074-08:00","date_modified":"2022-01-28T10:36:35.588131-08:00","dataset_source":9,"office":"1","docket_number":"1806175",

--- docket=8502220 call#5576 ---
URL: https://www.courtlistener.com/api/rest/v4/dockets/8502220/?format=json
Status: 200
Body: {"resource_uri":"https://www.courtlistener.com/api/rest/v4/dockets/8502220/?format=json","id":8502220,"court":"https://www.courtlistener.com/api/rest/v4/courts/nyed/?format=json","court_id":"nyed","original_court_info":null,"idb_data":{"resource_uri":"https://www.courtlistener.com/api/rest/v4/fjc-integrated-database/25852776/?format=json","date_created":"2020-08-27T04:28:46.946367-07:00","date_modified":"2022-01-28T11:30:04.920069-08:00","dataset_source":9,"office":"1","docket_number":"1900134",

--- docket=68248553 call#5577 ---
URL: https://www.courtlistener.com/api/rest/v4/dockets/68248553/?format=json
Status: 200
Body: {"resource_uri":"https://www.courtlistener.com/api/rest/v4/dockets/68248553/?format=json","id":68248553,"court":"https://www.courtlistener.com/api/rest/v4/courts/nyed/?format=json","court_id":"nyed","original_court_info":null,"idb_data":null,"clusters":["https://www.courtlistener.com/api/rest/v4/clusters/9845131/?format=json"],"audio_files":[],"assigned_to":null,"referred_to":null,"bankruptcy_information":null,"absolute_url":"/docket/68248553/miskey-v-new-york-community-bancorp-inc/","date_creat

--- docket=68049692 call#5578 ---
URL: https://www.courtlistener.com/api/rest/v4/dockets/68049692/?format=json
Status: 200
Body: {"resource_uri":"https://www.courtlistener.com/api/rest/v4/dockets/68049692/?format=json","id":68049692,"court":"https://www.courtlistener.com/api/rest/v4/courts/tnmd/?format=json","court_id":"tnmd","original_court_info":null,"idb_data":null,"clusters":["https://www.courtlistener.com/api/rest/v4/clusters/10616501/?format=json","https://www.courtlistener.com/api/rest/v4/clusters/9972629/?format=json"],"audio_files":[],"assigned_to":"https://www.courtlistener.com/api/rest/v4/people/3253/?format=js

--- docket=7761279 call#5579 ---
URL: https://www.courtlistener.com/api/rest/v4/dockets/7761279/?format=json
Status: 200
Body: {"resource_uri":"https://www.courtlistener.com/api/rest/v4/dockets/7761279/?format=json","id":7761279,"court":"https://www.courtlistener.com/api/rest/v4/courts/txnd/?format=json","court_id":"txnd","original_court_info":null,"idb_data":{"resource_uri":"https://www.courtlistener.com/api/rest/v4/fjc-integrated-database/24788088/?format=json","date_created":"2018-11-21T10:20:05.013467-08:00","date_modified":"2022-01-28T10:23:16.372775-08:00","dataset_source":9,"office":"3","docket_number":"1802067",

--- docket=15035260 call#5580 ---
URL: https://www.courtlistener.com/api/rest/v4/dockets/15035260/?format=json
Status: 200
Body: {"resource_uri":"https://www.courtlistener.com/api/rest/v4/dockets/15035260/?format=json","id":15035260,"court":"https://www.courtlistener.com/api/rest/v4/courts/ilnd/?format=json","court_id":"ilnd","original_court_info":null,"idb_data":{"resource_uri":"https://www.courtlistener.com/api/rest/v4/fjc-integrated-database/25657448/?format=json","date_created":"2020-08-27T02:34:13.999919-07:00","date_modified":"2022-01-28T13:13:52.449971-08:00","dataset_source":9,"office":"1","docket_number":"1902935

--- docket=8415293 call#5581 ---
URL: https://www.courtlistener.com/api/rest/v4/dockets/8415293/?format=json
Status: 200
Body: {"resource_uri":"https://www.courtlistener.com/api/rest/v4/dockets/8415293/?format=json","id":8415293,"court":"https://www.courtlistener.com/api/rest/v4/courts/ilnd/?format=json","court_id":"ilnd","original_court_info":null,"idb_data":{"resource_uri":"https://www.courtlistener.com/api/rest/v4/fjc-integrated-database/25659172/?format=json","date_created":"2020-08-27T02:34:46.486214-07:00","date_modified":"2022-01-28T13:13:31.892204-08:00","dataset_source":9,"office":"1","docket_number":"1808236",

--- docket=4391502 call#5582 ---
URL: https://www.courtlistener.com/api/rest/v4/dockets/4391502/?format=json
Status: 200
Body: {"resource_uri":"https://www.courtlistener.com/api/rest/v4/dockets/4391502/?format=json","id":4391502,"court":"https://www.courtlistener.com/api/rest/v4/courts/txnd/?format=json","court_id":"txnd","original_court_info":null,"idb_data":{"resource_uri":"https://www.courtlistener.com/api/rest/v4/fjc-integrated-database/24780861/?format=json","date_created":"2018-11-21T10:19:25.611435-08:00","date_modified":"2022-01-28T07:08:19.338566-08:00","dataset_source":9,"office":"3","docket_number":"1501045",

--- docket=4611716 call#5583 ---
URL: https://www.courtlistener.com/api/rest/v4/dockets/4611716/?format=json
Status: 200
Body: {"resource_uri":"https://www.courtlistener.com/api/rest/v4/dockets/4611716/?format=json","id":4611716,"court":"https://www.courtlistener.com/api/rest/v4/courts/nyed/?format=json","court_id":"nyed","original_court_info":null,"idb_data":{"resource_uri":"https://www.courtlistener.com/api/rest/v4/fjc-integrated-database/24513293/?format=json","date_created":"2018-11-21T09:51:04.724525-08:00","date_modified":"2022-01-28T11:32:48.407794-08:00","dataset_source":9,"office":"2","docket_number":"1701105",

--- docket=62646708 call#5584 ---
URL: https://www.courtlistener.com/api/rest/v4/dockets/62646708/?format=json
Status: 200
Body: {"resource_uri":"https://www.courtlistener.com/api/rest/v4/dockets/62646708/?format=json","id":62646708,"court":"https://www.courtlistener.com/api/rest/v4/courts/txnd/?format=json","court_id":"txnd","original_court_info":null,"idb_data":null,"clusters":["https://www.courtlistener.com/api/rest/v4/clusters/9985447/?format=json"],"audio_files":[],"assigned_to":"https://www.courtlistener.com/api/rest/v4/people/1940/?format=json","referred_to":"https://www.courtlistener.com/api/rest/v4/people/9570/?f

--- docket=60417063 call#5585 ---
URL: https://www.courtlistener.com/api/rest/v4/dockets/60417063/?format=json
Status: 200
Body: {"resource_uri":"https://www.courtlistener.com/api/rest/v4/dockets/60417063/?format=json","id":60417063,"court":"https://www.courtlistener.com/api/rest/v4/courts/nyed/?format=json","court_id":"nyed","original_court_info":null,"idb_data":null,"clusters":["https://www.courtlistener.com/api/rest/v4/clusters/9844811/?format=json"],"audio_files":[],"assigned_to":"https://www.courtlistener.com/api/rest/v4/people/2785/?format=json","referred_to":null,"bankruptcy_information":null,"absolute_url":"/docke

--- docket=69116899 call#5586 ---
URL: https://www.courtlistener.com/api/rest/v4/dockets/69116899/?format=json
Status: 200
Body: {"resource_uri":"https://www.courtlistener.com/api/rest/v4/dockets/69116899/?format=json","id":69116899,"court":"https://www.courtlistener.com/api/rest/v4/courts/nysd/?format=json","court_id":"nysd","original_court_info":null,"idb_data":null,"clusters":["https://www.courtlistener.com/api/rest/v4/clusters/10290113/?format=json"],"audio_files":[],"assigned_to":null,"referred_to":null,"bankruptcy_information":null,"absolute_url":"/docket/69116899/hoare-v-oddity-tech-ltd/","date_created":"2024-08-30

--- docket=60387099 call#5587 ---
URL: https://www.courtlistener.com/api/rest/v4/dockets/60387099/?format=json
Status: 200
Body: {"resource_uri":"https://www.courtlistener.com/api/rest/v4/dockets/60387099/?format=json","id":60387099,"court":"https://www.courtlistener.com/api/rest/v4/courts/nysd/?format=json","court_id":"nysd","original_court_info":null,"idb_data":null,"clusters":["https://www.courtlistener.com/api/rest/v4/clusters/9870785/?format=json"],"audio_files":[],"assigned_to":"https://www.courtlistener.com/api/rest/v4/people/401/?format=json","referred_to":null,"bankruptcy_information":null,"absolute_url":"/docket

--- docket=68314581 call#5588 ---
URL: https://www.courtlistener.com/api/rest/v4/dockets/68314581/?format=json
Status: 200
Body: {"resource_uri":"https://www.courtlistener.com/api/rest/v4/dockets/68314581/?format=json","id":68314581,"court":"https://www.courtlistener.com/api/rest/v4/courts/nysd/?format=json","court_id":"nysd","original_court_info":null,"idb_data":null,"clusters":["https://www.courtlistener.com/api/rest/v4/clusters/10194437/?format=json","https://www.courtlistener.com/api/rest/v4/clusters/10622606/?format=json","https://www.courtlistener.com/api/rest/v4/clusters/10643451/?format=json"],"audio_files":[],"as

--- docket=69128204 call#5589 ---
URL: https://www.courtlistener.com/api/rest/v4/dockets/69128204/?format=json
Status: 200
Body: {"resource_uri":"https://www.courtlistener.com/api/rest/v4/dockets/69128204/?format=json","id":69128204,"court":"https://www.courtlistener.com/api/rest/v4/courts/flmd/?format=json","court_id":"flmd","original_court_info":null,"idb_data":null,"clusters":["https://www.courtlistener.com/api/rest/v4/clusters/10302362/?format=json"],"audio_files":[],"assigned_to":"https://www.courtlistener.com/api/rest/v4/people/495/?format=json","referred_to":null,"bankruptcy_information":null,"absolute_url":"/docke

--- docket=68520487 call#5590 ---
URL: https://www.courtlistener.com/api/rest/v4/dockets/68520487/?format=json
Status: 200
Body: {"resource_uri":"https://www.courtlistener.com/api/rest/v4/dockets/68520487/?format=json","id":68520487,"court":"https://www.courtlistener.com/api/rest/v4/courts/nyed/?format=json","court_id":"nyed","original_court_info":null,"idb_data":null,"clusters":["https://www.courtlistener.com/api/rest/v4/clusters/10305948/?format=json"],"audio_files":[],"assigned_to":null,"referred_to":"https://www.courtlistener.com/api/rest/v4/people/9426/?format=json","bankruptcy_information":null,"absolute_url":"/dock

--- docket=68485559 call#5591 ---
URL: https://www.courtlistener.com/api/rest/v4/dockets/68485559/?format=json
Status: 200
Body: {"resource_uri":"https://www.courtlistener.com/api/rest/v4/dockets/68485559/?format=json","id":68485559,"court":"https://www.courtlistener.com/api/rest/v4/courts/nysd/?format=json","court_id":"nysd","original_court_info":null,"idb_data":null,"clusters":["https://www.courtlistener.com/api/rest/v4/clusters/10366438/?format=json"],"audio_files":[],"assigned_to":"https://www.courtlistener.com/api/rest/v4/people/552/?format=json","referred_to":null,"bankruptcy_information":null,"absolute_url":"/docke

--- docket=68068242 call#5592 ---
URL: https://www.courtlistener.com/api/rest/v4/dockets/68068242/?format=json
Status: 200
Body: {"resource_uri":"https://www.courtlistener.com/api/rest/v4/dockets/68068242/?format=json","id":68068242,"court":"https://www.courtlistener.com/api/rest/v4/courts/nysd/?format=json","court_id":"nysd","original_court_info":null,"idb_data":null,"clusters":["https://www.courtlistener.com/api/rest/v4/clusters/9890301/?format=json","https://www.courtlistener.com/api/rest/v4/clusters/10323686/?format=json","https://www.courtlistener.com/api/rest/v4/clusters/9890095/?format=json"],"audio_files":[],"assi

--- docket=60381327 call#5593 ---
URL: https://www.courtlistener.com/api/rest/v4/dockets/60381327/?format=json
Status: 200
Body: {"resource_uri":"https://www.courtlistener.com/api/rest/v4/dockets/60381327/?format=json","id":60381327,"court":"https://www.courtlistener.com/api/rest/v4/courts/nysd/?format=json","court_id":"nysd","original_court_info":null,"idb_data":null,"clusters":["https://www.courtlistener.com/api/rest/v4/clusters/9870695/?format=json"],"audio_files":[],"assigned_to":"https://www.courtlistener.com/api/rest/v4/people/401/?format=json","referred_to":null,"bankruptcy_information":null,"absolute_url":"/docket

--- docket=67865072 call#5594 ---
URL: https://www.courtlistener.com/api/rest/v4/dockets/67865072/?format=json
Status: 200
Body: {"resource_uri":"https://www.courtlistener.com/api/rest/v4/dockets/67865072/?format=json","id":67865072,"court":"https://www.courtlistener.com/api/rest/v4/courts/nysd/?format=json","court_id":"nysd","original_court_info":null,"idb_data":null,"clusters":["https://www.courtlistener.com/api/rest/v4/clusters/9893683/?format=json","https://www.courtlistener.com/api/rest/v4/clusters/10368909/?format=json"],"audio_files":[],"assigned_to":null,"referred_to":null,"bankruptcy_information":null,"absolute_u

--- docket=69059192 call#5595 ---
URL: https://www.courtlistener.com/api/rest/v4/dockets/69059192/?format=json
Status: 200
Body: {"resource_uri":"https://www.courtlistener.com/api/rest/v4/dockets/69059192/?format=json","id":69059192,"court":"https://www.courtlistener.com/api/rest/v4/courts/caed/?format=json","court_id":"caed","original_court_info":null,"idb_data":null,"clusters":["https://www.courtlistener.com/api/rest/v4/clusters/10285981/?format=json"],"audio_files":[],"assigned_to":"https://www.courtlistener.com/api/rest/v4/people/8572/?format=json","referred_to":"https://www.courtlistener.com/api/rest/v4/people/9083/?

--- docket=69130021 call#5596 ---
URL: https://www.courtlistener.com/api/rest/v4/dockets/69130021/?format=json
Status: 200
Body: {"resource_uri":"https://www.courtlistener.com/api/rest/v4/dockets/69130021/?format=json","id":69130021,"court":"https://www.courtlistener.com/api/rest/v4/courts/cand/?format=json","court_id":"cand","original_court_info":null,"idb_data":null,"clusters":["https://www.courtlistener.com/api/rest/v4/clusters/10654545/?format=json"],"audio_files":[],"assigned_to":null,"referred_to":"https://www.courtlistener.com/api/rest/v4/people/9096/?format=json","bankruptcy_information":null,"absolute_url":"/dock

--- docket=69408059 call#5597 ---
URL: https://www.courtlistener.com/api/rest/v4/dockets/69408059/?format=json
Status: 200
Body: {"resource_uri":"https://www.courtlistener.com/api/rest/v4/dockets/69408059/?format=json","id":69408059,"court":"https://www.courtlistener.com/api/rest/v4/courts/nysd/?format=json","court_id":"nysd","original_court_info":null,"idb_data":null,"clusters":["https://www.courtlistener.com/api/rest/v4/clusters/10302900/?format=json","https://www.courtlistener.com/api/rest/v4/clusters/10346684/?format=json"],"audio_files":[],"assigned_to":null,"referred_to":null,"bankruptcy_information":null,"absolute_

--- docket=62607375 call#5598 ---
URL: https://www.courtlistener.com/api/rest/v4/dockets/62607375/?format=json
Status: 200
Body: {"resource_uri":"https://www.courtlistener.com/api/rest/v4/dockets/62607375/?format=json","id":62607375,"court":"https://www.courtlistener.com/api/rest/v4/courts/txnd/?format=json","court_id":"txnd","original_court_info":null,"idb_data":null,"clusters":["https://www.courtlistener.com/api/rest/v4/clusters/9985574/?format=json"],"audio_files":[],"assigned_to":"https://www.courtlistener.com/api/rest/v4/people/1220/?format=json","referred_to":"https://www.courtlistener.com/api/rest/v4/people/9574/?f

--- docket=67386641 call#5599 ---
URL: https://www.courtlistener.com/api/rest/v4/dockets/67386641/?format=json
Status: 200
Body: {"resource_uri":"https://www.courtlistener.com/api/rest/v4/dockets/67386641/?format=json","id":67386641,"court":"https://www.courtlistener.com/api/rest/v4/courts/cacd/?format=json","court_id":"cacd","original_court_info":null,"idb_data":null,"clusters":["https://www.courtlistener.com/api/rest/v4/clusters/9519716/?format=json"],"audio_files":[],"assigned_to":"https://www.courtlistener.com/api/rest/v4/people/1790/?format=json","referred_to":"https://www.courtlistener.com/api/rest/v4/people/9047/?f

--- docket=67695509 call#5600 ---
URL: https://www.courtlistener.com/api/rest/v4/dockets/67695509/?format=json
Status: 200
Body: {"resource_uri":"https://www.courtlistener.com/api/rest/v4/dockets/67695509/?format=json","id":67695509,"court":"https://www.courtlistener.com/api/rest/v4/courts/nysd/?format=json","court_id":"nysd","original_court_info":null,"idb_data":null,"clusters":["https://www.courtlistener.com/api/rest/v4/clusters/10196617/?format=json"],"audio_files":[],"assigned_to":"https://www.courtlistener.com/api/rest/v4/people/401/?format=json","referred_to":null,"bankruptcy_information":null,"absolute_url":"/docke

--- docket=68117181 call#5601 ---
URL: https://www.courtlistener.com/api/rest/v4/dockets/68117181/?format=json
Status: 200
Body: {"resource_uri":"https://www.courtlistener.com/api/rest/v4/dockets/68117181/?format=json","id":68117181,"court":"https://www.courtlistener.com/api/rest/v4/courts/ded/?format=json","court_id":"ded","original_court_info":null,"idb_data":null,"clusters":["https://www.courtlistener.com/api/rest/v4/clusters/10369716/?format=json"],"audio_files":[],"assigned_to":null,"referred_to":null,"bankruptcy_information":null,"absolute_url":"/docket/68117181/in-re-focus-financial-partners-inc-securities-litigati

--- docket=62643882 call#5602 ---
URL: https://www.courtlistener.com/api/rest/v4/dockets/62643882/?format=json
Status: 200
Body: {"resource_uri":"https://www.courtlistener.com/api/rest/v4/dockets/62643882/?format=json","id":62643882,"court":"https://www.courtlistener.com/api/rest/v4/courts/cacd/?format=json","court_id":"cacd","original_court_info":null,"idb_data":null,"clusters":["https://www.courtlistener.com/api/rest/v4/clusters/10528591/?format=json"],"audio_files":[],"assigned_to":"https://www.courtlistener.com/api/rest/v4/people/3361/?format=json","referred_to":"https://www.courtlistener.com/api/rest/v4/people/9053/?

--- docket=69273721 call#5603 ---
URL: https://www.courtlistener.com/api/rest/v4/dockets/69273721/?format=json
Status: 200
Body: {"resource_uri":"https://www.courtlistener.com/api/rest/v4/dockets/69273721/?format=json","id":69273721,"court":"https://www.courtlistener.com/api/rest/v4/courts/cacd/?format=json","court_id":"cacd","original_court_info":null,"idb_data":null,"clusters":["https://www.courtlistener.com/api/rest/v4/clusters/10355960/?format=json"],"audio_files":[],"assigned_to":"https://www.courtlistener.com/api/rest/v4/people/3566/?format=json","referred_to":"https://www.courtlistener.com/api/rest/v4/people/9047/?

--- docket=62600816 call#5604 ---
URL: https://www.courtlistener.com/api/rest/v4/dockets/62600816/?format=json
Status: 200
Body: {"resource_uri":"https://www.courtlistener.com/api/rest/v4/dockets/62600816/?format=json","id":62600816,"court":"https://www.courtlistener.com/api/rest/v4/courts/vaed/?format=json","court_id":"vaed","original_court_info":null,"idb_data":null,"clusters":["https://www.courtlistener.com/api/rest/v4/clusters/10223744/?format=json"],"audio_files":[],"assigned_to":"https://www.courtlistener.com/api/rest/v4/people/8534/?format=json","referred_to":null,"bankruptcy_information":null,"absolute_url":"/dock

--- docket=67123909 call#5605 ---
URL: https://www.courtlistener.com/api/rest/v4/dockets/67123909/?format=json
Status: 200
Body: {"resource_uri":"https://www.courtlistener.com/api/rest/v4/dockets/67123909/?format=json","id":67123909,"court":"https://www.courtlistener.com/api/rest/v4/courts/nvd/?format=json","court_id":"nvd","original_court_info":null,"idb_data":null,"clusters":["https://www.courtlistener.com/api/rest/v4/clusters/9835537/?format=json"],"audio_files":[],"assigned_to":"https://www.courtlistener.com/api/rest/v4/people/338/?format=json","referred_to":"https://www.courtlistener.com/api/rest/v4/people/9406/?form

--- docket=69107814 call#5606 ---
URL: https://www.courtlistener.com/api/rest/v4/dockets/69107814/?format=json
Status: 200
Body: {"resource_uri":"https://www.courtlistener.com/api/rest/v4/dockets/69107814/?format=json","id":69107814,"court":"https://www.courtlistener.com/api/rest/v4/courts/nysd/?format=json","court_id":"nysd","original_court_info":null,"idb_data":null,"clusters":["https://www.courtlistener.com/api/rest/v4/clusters/10286853/?format=json"],"audio_files":[],"assigned_to":null,"referred_to":null,"bankruptcy_information":null,"absolute_url":"/docket/69107814/in-re-sage-therapeutics-inc-securities-litigation/",

--- docket=69501242 call#5607 ---
URL: https://www.courtlistener.com/api/rest/v4/dockets/69501242/?format=json
Status: 200
Body: {"resource_uri":"https://www.courtlistener.com/api/rest/v4/dockets/69501242/?format=json","id":69501242,"court":"https://www.courtlistener.com/api/rest/v4/courts/ohnd/?format=json","court_id":"ohnd","original_court_info":null,"idb_data":null,"clusters":["https://www.courtlistener.com/api/rest/v4/clusters/10598687/?format=json"],"audio_files":[],"assigned_to":null,"referred_to":null,"bankruptcy_information":null,"absolute_url":"/docket/69501242/guridy-v-american-express-company/","date_created":"

--- docket=15468947 call#5608 ---
URL: https://www.courtlistener.com/api/rest/v4/dockets/15468947/?format=json
Status: 200
Body: {"resource_uri":"https://www.courtlistener.com/api/rest/v4/dockets/15468947/?format=json","id":15468947,"court":"https://www.courtlistener.com/api/rest/v4/courts/nysd/?format=json","court_id":"nysd","original_court_info":null,"idb_data":{"resource_uri":"https://www.courtlistener.com/api/rest/v4/fjc-integrated-database/25840475/?format=json","date_created":"2020-08-27T04:21:44.028204-07:00","date_modified":"2022-01-28T11:35:40.009669-08:00","dataset_source":9,"office":"1","docket_number":"1904346

--- docket=69158617 call#5609 ---
URL: https://www.courtlistener.com/api/rest/v4/dockets/69158617/?format=json
Status: 200
Body: {"resource_uri":"https://www.courtlistener.com/api/rest/v4/dockets/69158617/?format=json","id":69158617,"court":"https://www.courtlistener.com/api/rest/v4/courts/flmd/?format=json","court_id":"flmd","original_court_info":null,"idb_data":null,"clusters":["https://www.courtlistener.com/api/rest/v4/clusters/10176419/?format=json"],"audio_files":[],"assigned_to":null,"referred_to":"https://www.courtlistener.com/api/rest/v4/people/9154/?format=json","bankruptcy_information":null,"absolute_url":"/dock

--- docket=68228721 call#5610 ---
URL: https://www.courtlistener.com/api/rest/v4/dockets/68228721/?format=json
Status: 200
Body: {"resource_uri":"https://www.courtlistener.com/api/rest/v4/dockets/68228721/?format=json","id":68228721,"court":"https://www.courtlistener.com/api/rest/v4/courts/nysd/?format=json","court_id":"nysd","original_court_info":null,"idb_data":null,"clusters":["https://www.courtlistener.com/api/rest/v4/clusters/10196983/?format=json","https://www.courtlistener.com/api/rest/v4/clusters/10755572/?format=json","https://www.courtlistener.com/api/rest/v4/clusters/9892603/?format=json"],"audio_files":[],"ass

--- docket=62633142 call#5611 ---
URL: https://www.courtlistener.com/api/rest/v4/dockets/62633142/?format=json
Status: 200
Body: {"resource_uri":"https://www.courtlistener.com/api/rest/v4/dockets/62633142/?format=json","id":62633142,"court":"https://www.courtlistener.com/api/rest/v4/courts/flsd/?format=json","court_id":"flsd","original_court_info":null,"idb_data":null,"clusters":["https://www.courtlistener.com/api/rest/v4/clusters/9655871/?format=json","https://www.courtlistener.com/api/rest/v4/clusters/9656637/?format=json"],"audio_files":[],"assigned_to":"https://www.courtlistener.com/api/rest/v4/people/1168/?format=jso

--- docket=66813435 call#5612 ---
URL: https://www.courtlistener.com/api/rest/v4/dockets/66813435/?format=json
Status: 200
Body: {"resource_uri":"https://www.courtlistener.com/api/rest/v4/dockets/66813435/?format=json","id":66813435,"court":"https://www.courtlistener.com/api/rest/v4/courts/nysd/?format=json","court_id":"nysd","original_court_info":null,"idb_data":null,"clusters":["https://www.courtlistener.com/api/rest/v4/clusters/9892089/?format=json","https://www.courtlistener.com/api/rest/v4/clusters/10194392/?format=json","https://www.courtlistener.com/api/rest/v4/clusters/9890813/?format=json"],"audio_files":[],"assi

--- docket=67695038 call#5613 ---
URL: https://www.courtlistener.com/api/rest/v4/dockets/67695038/?format=json
Status: 200
Body: {"resource_uri":"https://www.courtlistener.com/api/rest/v4/dockets/67695038/?format=json","id":67695038,"court":"https://www.courtlistener.com/api/rest/v4/courts/cand/?format=json","court_id":"cand","original_court_info":null,"idb_data":null,"clusters":["https://www.courtlistener.com/api/rest/v4/clusters/9611284/?format=json","https://www.courtlistener.com/api/rest/v4/clusters/10670535/?format=json"],"audio_files":[],"assigned_to":null,"referred_to":"https://www.courtlistener.com/api/rest/v4/peo

--- docket=68116828 call#5614 ---
URL: https://www.courtlistener.com/api/rest/v4/dockets/68116828/?format=json
Status: 200
Body: {"resource_uri":"https://www.courtlistener.com/api/rest/v4/dockets/68116828/?format=json","id":68116828,"court":"https://www.courtlistener.com/api/rest/v4/courts/cand/?format=json","court_id":"cand","original_court_info":null,"idb_data":null,"clusters":["https://www.courtlistener.com/api/rest/v4/clusters/10324363/?format=json"],"audio_files":[],"assigned_to":"https://www.courtlistener.com/api/rest/v4/people/9086/?format=json","referred_to":null,"bankruptcy_information":null,"absolute_url":"/dock

--- docket=60680282 call#5615 ---
URL: https://www.courtlistener.com/api/rest/v4/dockets/60680282/?format=json
Status: 200
Body: {"resource_uri":"https://www.courtlistener.com/api/rest/v4/dockets/60680282/?format=json","id":60680282,"court":"https://www.courtlistener.com/api/rest/v4/courts/nyed/?format=json","court_id":"nyed","original_court_info":null,"idb_data":null,"clusters":["https://www.courtlistener.com/api/rest/v4/clusters/10632024/?format=json"],"audio_files":[],"assigned_to":"https://www.courtlistener.com/api/rest/v4/people/15388/?format=json","referred_to":"https://www.courtlistener.com/api/rest/v4/people/9418/

--- docket=65739570 call#5616 ---
URL: https://www.courtlistener.com/api/rest/v4/dockets/65739570/?format=json
Status: 200
Body: {"resource_uri":"https://www.courtlistener.com/api/rest/v4/dockets/65739570/?format=json","id":65739570,"court":"https://www.courtlistener.com/api/rest/v4/courts/cand/?format=json","court_id":"cand","original_court_info":null,"idb_data":null,"clusters":["https://www.courtlistener.com/api/rest/v4/clusters/9607628/?format=json"],"audio_files":[],"assigned_to":"https://www.courtlistener.com/api/rest/v4/people/2899/?format=json","referred_to":null,"bankruptcy_information":null,"absolute_url":"/docke

--- docket=70196102 call#5617 ---
URL: https://www.courtlistener.com/api/rest/v4/dockets/70196102/?format=json
Status: 200
Body: {"resource_uri":"https://www.courtlistener.com/api/rest/v4/dockets/70196102/?format=json","id":70196102,"court":"https://www.courtlistener.com/api/rest/v4/courts/txnd/?format=json","court_id":"txnd","original_court_info":null,"idb_data":null,"clusters":["https://www.courtlistener.com/api/rest/v4/clusters/10665953/?format=json","https://www.courtlistener.com/api/rest/v4/clusters/10639129/?format=json"],"audio_files":[],"assigned_to":"https://www.courtlistener.com/api/rest/v4/people/1220/?format=j

--- docket=63153755 call#5618 ---
URL: https://www.courtlistener.com/api/rest/v4/dockets/63153755/?format=json
Status: 200
Body: {"resource_uri":"https://www.courtlistener.com/api/rest/v4/dockets/63153755/?format=json","id":63153755,"court":"https://www.courtlistener.com/api/rest/v4/courts/nyed/?format=json","court_id":"nyed","original_court_info":null,"idb_data":null,"clusters":["https://www.courtlistener.com/api/rest/v4/clusters/9841350/?format=json"],"audio_files":[],"assigned_to":"https://www.courtlistener.com/api/rest/v4/people/15388/?format=json","referred_to":null,"bankruptcy_information":null,"absolute_url":"/dock

--- docket=68944526 call#5619 ---
URL: https://www.courtlistener.com/api/rest/v4/dockets/68944526/?format=json
Status: 200
Body: {"resource_uri":"https://www.courtlistener.com/api/rest/v4/dockets/68944526/?format=json","id":68944526,"court":"https://www.courtlistener.com/api/rest/v4/courts/cacd/?format=json","court_id":"cacd","original_court_info":null,"idb_data":null,"clusters":["https://www.courtlistener.com/api/rest/v4/clusters/10602070/?format=json"],"audio_files":[],"assigned_to":"https://www.courtlistener.com/api/rest/v4/people/14171/?format=json","referred_to":"https://www.courtlistener.com/api/rest/v4/people/9050/

--- docket=67374836 call#5620 ---
URL: https://www.courtlistener.com/api/rest/v4/dockets/67374836/?format=json
Status: 200
Body: {"resource_uri":"https://www.courtlistener.com/api/rest/v4/dockets/67374836/?format=json","id":67374836,"court":"https://www.courtlistener.com/api/rest/v4/courts/cand/?format=json","court_id":"cand","original_court_info":null,"idb_data":null,"clusters":["https://www.courtlistener.com/api/rest/v4/clusters/10762483/?format=json"],"audio_files":[],"assigned_to":"https://www.courtlistener.com/api/rest/v4/people/602/?format=json","referred_to":null,"bankruptcy_information":null,"absolute_url":"/docke

--- docket=63562926 call#5621 ---
URL: https://www.courtlistener.com/api/rest/v4/dockets/63562926/?format=json
Status: 200
Body: {"resource_uri":"https://www.courtlistener.com/api/rest/v4/dockets/63562926/?format=json","id":63562926,"court":"https://www.courtlistener.com/api/rest/v4/courts/txnd/?format=json","court_id":"txnd","original_court_info":null,"idb_data":null,"clusters":["https://www.courtlistener.com/api/rest/v4/clusters/10205676/?format=json","https://www.courtlistener.com/api/rest/v4/clusters/10300260/?format=json","https://www.courtlistener.com/api/rest/v4/clusters/10204604/?format=json"],"audio_files":[],"as

--- docket=68433458 call#5622 ---
URL: https://www.courtlistener.com/api/rest/v4/dockets/68433458/?format=json
Status: 200
Body: {"resource_uri":"https://www.courtlistener.com/api/rest/v4/dockets/68433458/?format=json","id":68433458,"court":"https://www.courtlistener.com/api/rest/v4/courts/nysd/?format=json","court_id":"nysd","original_court_info":null,"idb_data":null,"clusters":["https://www.courtlistener.com/api/rest/v4/clusters/10295561/?format=json"],"audio_files":[],"assigned_to":null,"referred_to":null,"bankruptcy_information":null,"absolute_url":"/docket/68433458/in-re-quidelortho-corporation-securities-litigation/

--- docket=67609501 call#5623 ---
URL: https://www.courtlistener.com/api/rest/v4/dockets/67609501/?format=json
Status: 200
Body: {"resource_uri":"https://www.courtlistener.com/api/rest/v4/dockets/67609501/?format=json","id":67609501,"court":"https://www.courtlistener.com/api/rest/v4/courts/cand/?format=json","court_id":"cand","original_court_info":null,"idb_data":null,"clusters":["https://www.courtlistener.com/api/rest/v4/clusters/9610248/?format=json"],"audio_files":[],"assigned_to":null,"referred_to":"https://www.courtlistener.com/api/rest/v4/people/9096/?format=json","bankruptcy_information":null,"absolute_url":"/docke

--- docket=68240401 call#5624 ---
URL: https://www.courtlistener.com/api/rest/v4/dockets/68240401/?format=json
Status: 200
Body: {"resource_uri":"https://www.courtlistener.com/api/rest/v4/dockets/68240401/?format=json","id":68240401,"court":"https://www.courtlistener.com/api/rest/v4/courts/nysd/?format=json","court_id":"nysd","original_court_info":null,"idb_data":null,"clusters":["https://www.courtlistener.com/api/rest/v4/clusters/9891654/?format=json","https://www.courtlistener.com/api/rest/v4/clusters/9893630/?format=json"],"audio_files":[],"assigned_to":null,"referred_to":null,"bankruptcy_information":null,"absolute_ur

--- docket=68157521 call#5625 ---
URL: https://www.courtlistener.com/api/rest/v4/dockets/68157521/?format=json
Status: 200
Body: {"resource_uri":"https://www.courtlistener.com/api/rest/v4/dockets/68157521/?format=json","id":68157521,"court":"https://www.courtlistener.com/api/rest/v4/courts/nysd/?format=json","court_id":"nysd","original_court_info":null,"idb_data":null,"clusters":["https://www.courtlistener.com/api/rest/v4/clusters/10322916/?format=json"],"audio_files":[],"assigned_to":"https://www.courtlistener.com/api/rest/v4/people/1807/?format=json","referred_to":"https://www.courtlistener.com/api/rest/v4/people/3095/?

--- docket=6136324 call#5626 ---
URL: https://www.courtlistener.com/api/rest/v4/dockets/6136324/?format=json
Status: 200
Body: {"resource_uri":"https://www.courtlistener.com/api/rest/v4/dockets/6136324/?format=json","id":6136324,"court":"https://www.courtlistener.com/api/rest/v4/courts/nyed/?format=json","court_id":"nyed","original_court_info":null,"idb_data":{"resource_uri":"https://www.courtlistener.com/api/rest/v4/fjc-integrated-database/24514076/?format=json","date_created":"2018-11-21T09:51:10.869990-08:00","date_modified":"2022-01-28T11:32:50.711690-08:00","dataset_source":9,"office":"2","docket_number":"1704087",

--- docket=67597017 call#5627 ---
URL: https://www.courtlistener.com/api/rest/v4/dockets/67597017/?format=json
Status: 200
Body: {"resource_uri":"https://www.courtlistener.com/api/rest/v4/dockets/67597017/?format=json","id":67597017,"court":"https://www.courtlistener.com/api/rest/v4/courts/cand/?format=json","court_id":"cand","original_court_info":null,"idb_data":null,"clusters":["https://www.courtlistener.com/api/rest/v4/clusters/10664382/?format=json"],"audio_files":[],"assigned_to":null,"referred_to":null,"bankruptcy_information":null,"absolute_url":"/docket/67597017/in-re-seagate-technology-holdings-plc-securities-lit

--- docket=14683877 call#5628 ---
URL: https://www.courtlistener.com/api/rest/v4/dockets/14683877/?format=json
Status: 200
Body: {"resource_uri":"https://www.courtlistener.com/api/rest/v4/dockets/14683877/?format=json","id":14683877,"court":"https://www.courtlistener.com/api/rest/v4/courts/nyed/?format=json","court_id":"nyed","original_court_info":null,"idb_data":{"resource_uri":"https://www.courtlistener.com/api/rest/v4/fjc-integrated-database/25852339/?format=json","date_created":"2020-08-27T04:28:38.827220-07:00","date_modified":"2022-01-28T11:30:08.473303-08:00","dataset_source":9,"office":"1","docket_number":"1901424

--- docket=4355200 call#5629 ---
URL: https://www.courtlistener.com/api/rest/v4/dockets/4355200/?format=json
Status: 200
Body: {"resource_uri":"https://www.courtlistener.com/api/rest/v4/dockets/4355200/?format=json","id":4355200,"court":"https://www.courtlistener.com/api/rest/v4/courts/nysd/?format=json","court_id":"nysd","original_court_info":null,"idb_data":{"resource_uri":"https://www.courtlistener.com/api/rest/v4/fjc-integrated-database/24518881/?format=json","date_created":"2018-11-21T09:51:40.761507-08:00","date_modified":"2022-01-28T08:11:09.859389-08:00","dataset_source":9,"office":"1","docket_number":"1503538",

--- docket=67534661 call#5630 ---
URL: https://www.courtlistener.com/api/rest/v4/dockets/67534661/?format=json
Status: 200
Body: {"resource_uri":"https://www.courtlistener.com/api/rest/v4/dockets/67534661/?format=json","id":67534661,"court":"https://www.courtlistener.com/api/rest/v4/courts/nysd/?format=json","court_id":"nysd","original_court_info":null,"idb_data":null,"clusters":["https://www.courtlistener.com/api/rest/v4/clusters/9888587/?format=json","https://www.courtlistener.com/api/rest/v4/clusters/10196269/?format=json","https://www.courtlistener.com/api/rest/v4/clusters/10346650/?format=json","https://www.courtlist

--- docket=68414544 call#5631 ---
URL: https://www.courtlistener.com/api/rest/v4/dockets/68414544/?format=json
Status: 200
Body: {"resource_uri":"https://www.courtlistener.com/api/rest/v4/dockets/68414544/?format=json","id":68414544,"court":"https://www.courtlistener.com/api/rest/v4/courts/nysd/?format=json","court_id":"nysd","original_court_info":null,"idb_data":null,"clusters":["https://www.courtlistener.com/api/rest/v4/clusters/10194350/?format=json","https://www.courtlistener.com/api/rest/v4/clusters/10587176/?format=json"],"audio_files":[],"assigned_to":"https://www.courtlistener.com/api/rest/v4/people/997/?format=js

--- docket=14537058 call#5632 ---
URL: https://www.courtlistener.com/api/rest/v4/dockets/14537058/?format=json
Status: 200
Body: {"resource_uri":"https://www.courtlistener.com/api/rest/v4/dockets/14537058/?format=json","id":14537058,"court":"https://www.courtlistener.com/api/rest/v4/courts/tned/?format=json","court_id":"tned","original_court_info":null,"idb_data":{"resource_uri":"https://www.courtlistener.com/api/rest/v4/fjc-integrated-database/25665355/?format=json","date_created":"2020-08-27T02:40:48.307365-07:00","date_modified":"2022-01-28T13:09:04.190781-08:00","dataset_source":9,"office":"1","docket_number":"1900024

--- docket=67788425 call#5633 ---
URL: https://www.courtlistener.com/api/rest/v4/dockets/67788425/?format=json
Status: 200
Body: {"resource_uri":"https://www.courtlistener.com/api/rest/v4/dockets/67788425/?format=json","id":67788425,"court":"https://www.courtlistener.com/api/rest/v4/courts/njd/?format=json","court_id":"njd","original_court_info":null,"idb_data":null,"clusters":["https://www.courtlistener.com/api/rest/v4/clusters/9812277/?format=json"],"audio_files":[],"assigned_to":"https://www.courtlistener.com/api/rest/v4/people/2955/?format=json","referred_to":"https://www.courtlistener.com/api/rest/v4/people/9376/?for

--- docket=4182971 call#5634 ---
URL: https://www.courtlistener.com/api/rest/v4/dockets/4182971/?format=json
Status: 200
Body: {"resource_uri":"https://www.courtlistener.com/api/rest/v4/dockets/4182971/?format=json","id":4182971,"court":"https://www.courtlistener.com/api/rest/v4/courts/cand/?format=json","court_id":"cand","original_court_info":null,"idb_data":{"resource_uri":"https://www.courtlistener.com/api/rest/v4/fjc-integrated-database/24957820/?format=json","date_created":"2018-11-21T10:36:30.089373-08:00","date_modified":"2022-01-28T13:37:48.710962-08:00","dataset_source":9,"office":"3","docket_number":"1603938",

--- docket=69039584 call#5635 ---
URL: https://www.courtlistener.com/api/rest/v4/dockets/69039584/?format=json
Status: 200
Body: {"resource_uri":"https://www.courtlistener.com/api/rest/v4/dockets/69039584/?format=json","id":69039584,"court":"https://www.courtlistener.com/api/rest/v4/courts/nysd/?format=json","court_id":"nysd","original_court_info":null,"idb_data":null,"clusters":["https://www.courtlistener.com/api/rest/v4/clusters/10282904/?format=json"],"audio_files":[],"assigned_to":"https://www.courtlistener.com/api/rest/v4/people/2867/?format=json","referred_to":null,"bankruptcy_information":null,"absolute_url":"/dock

--- docket=60016216 call#5636 ---
URL: https://www.courtlistener.com/api/rest/v4/dockets/60016216/?format=json
Status: 200
Body: {"resource_uri":"https://www.courtlistener.com/api/rest/v4/dockets/60016216/?format=json","id":60016216,"court":"https://www.courtlistener.com/api/rest/v4/courts/wawd/?format=json","court_id":"wawd","original_court_info":null,"idb_data":null,"clusters":["https://www.courtlistener.com/api/rest/v4/clusters/10241434/?format=json","https://www.courtlistener.com/api/rest/v4/clusters/10242261/?format=json","https://www.courtlistener.com/api/rest/v4/clusters/10238174/?format=json","https://www.courtlis

--- docket=69771573 call#5637 ---
URL: https://www.courtlistener.com/api/rest/v4/dockets/69771573/?format=json
Status: 200
Body: {"resource_uri":"https://www.courtlistener.com/api/rest/v4/dockets/69771573/?format=json","id":69771573,"court":"https://www.courtlistener.com/api/rest/v4/courts/wawd/?format=json","court_id":"wawd","original_court_info":null,"idb_data":null,"clusters":["https://www.courtlistener.com/api/rest/v4/clusters/10597222/?format=json"],"audio_files":[],"assigned_to":"https://www.courtlistener.com/api/rest/v4/people/2796/?format=json","referred_to":null,"bankruptcy_information":null,"absolute_url":"/dock

--- docket=67021509 call#5638 ---
URL: https://www.courtlistener.com/api/rest/v4/dockets/67021509/?format=json
Status: 200
Body: {"resource_uri":"https://www.courtlistener.com/api/rest/v4/dockets/67021509/?format=json","id":67021509,"court":"https://www.courtlistener.com/api/rest/v4/courts/cand/?format=json","court_id":"cand","original_court_info":null,"idb_data":null,"clusters":["https://www.courtlistener.com/api/rest/v4/clusters/10667514/?format=json"],"audio_files":[],"assigned_to":null,"referred_to":"https://www.courtlistener.com/api/rest/v4/people/9091/?format=json","bankruptcy_information":null,"absolute_url":"/dock

--- docket=63125901 call#5639 ---
URL: https://www.courtlistener.com/api/rest/v4/dockets/63125901/?format=json
Status: 200
Body: {"resource_uri":"https://www.courtlistener.com/api/rest/v4/dockets/63125901/?format=json","id":63125901,"court":"https://www.courtlistener.com/api/rest/v4/courts/casd/?format=json","court_id":"casd","original_court_info":null,"idb_data":null,"clusters":["https://www.courtlistener.com/api/rest/v4/clusters/9620148/?format=json","https://www.courtlistener.com/api/rest/v4/clusters/9620297/?format=json"],"audio_files":[],"assigned_to":"https://www.courtlistener.com/api/rest/v4/people/14460/?format=js

--- docket=67753497 call#5640 ---
URL: https://www.courtlistener.com/api/rest/v4/dockets/67753497/?format=json
Status: 200
Body: {"resource_uri":"https://www.courtlistener.com/api/rest/v4/dockets/67753497/?format=json","id":67753497,"court":"https://www.courtlistener.com/api/rest/v4/courts/casd/?format=json","court_id":"casd","original_court_info":null,"idb_data":null,"clusters":["https://www.courtlistener.com/api/rest/v4/clusters/10173896/?format=json","https://www.courtlistener.com/api/rest/v4/clusters/9622271/?format=json","https://www.courtlistener.com/api/rest/v4/clusters/10634039/?format=json"],"audio_files":[],"ass

--- docket=4193649 call#5641 ---
URL: https://www.courtlistener.com/api/rest/v4/dockets/4193649/?format=json
Status: 200
Body: {"resource_uri":"https://www.courtlistener.com/api/rest/v4/dockets/4193649/?format=json","id":4193649,"court":"https://www.courtlistener.com/api/rest/v4/courts/casd/?format=json","court_id":"casd","original_court_info":null,"idb_data":{"resource_uri":"https://www.courtlistener.com/api/rest/v4/fjc-integrated-database/24410981/?format=json","date_created":"2018-11-21T09:41:08.628017-08:00","date_modified":"2022-01-28T06:09:35.214357-08:00","dataset_source":9,"office":"3","docket_number":"1600590",

--- docket=8002845 call#5642 ---
URL: https://www.courtlistener.com/api/rest/v4/dockets/8002845/?format=json
Status: 200
Body: {"resource_uri":"https://www.courtlistener.com/api/rest/v4/dockets/8002845/?format=json","id":8002845,"court":"https://www.courtlistener.com/api/rest/v4/courts/ilnd/?format=json","court_id":"ilnd","original_court_info":null,"idb_data":{"resource_uri":"https://www.courtlistener.com/api/rest/v4/fjc-integrated-database/25659736/?format=json","date_created":"2020-08-27T02:34:56.625489-07:00","date_modified":"2022-01-28T13:13:24.521469-08:00","dataset_source":9,"office":"1","docket_number":"1806790",

--- docket=70725140 call#5643 ---
URL: https://www.courtlistener.com/api/rest/v4/dockets/70725140/?format=json
Status: 200
Body: {"resource_uri":"https://www.courtlistener.com/api/rest/v4/dockets/70725140/?format=json","id":70725140,"court":"https://www.courtlistener.com/api/rest/v4/courts/nysd/?format=json","court_id":"nysd","original_court_info":null,"idb_data":null,"clusters":["https://www.courtlistener.com/api/rest/v4/clusters/10756326/?format=json"],"audio_files":[],"assigned_to":null,"referred_to":"https://www.courtlistener.com/api/rest/v4/people/3095/?format=json","bankruptcy_information":null,"absolute_url":"/dock

--- docket=67369879 call#5644 ---
URL: https://www.courtlistener.com/api/rest/v4/dockets/67369879/?format=json
Status: 200
Body: {"resource_uri":"https://www.courtlistener.com/api/rest/v4/dockets/67369879/?format=json","id":67369879,"court":"https://www.courtlistener.com/api/rest/v4/courts/nvd/?format=json","court_id":"nvd","original_court_info":null,"idb_data":null,"clusters":["https://www.courtlistener.com/api/rest/v4/clusters/10191549/?format=json"],"audio_files":[],"assigned_to":"https://www.courtlistener.com/api/rest/v4/people/2017/?format=json","referred_to":"https://www.courtlistener.com/api/rest/v4/people/9413/?fo

--- docket=4196682 call#5645 ---
URL: https://www.courtlistener.com/api/rest/v4/dockets/4196682/?format=json
Status: 200
Body: {"resource_uri":"https://www.courtlistener.com/api/rest/v4/dockets/4196682/?format=json","id":4196682,"court":"https://www.courtlistener.com/api/rest/v4/courts/cod/?format=json","court_id":"cod","original_court_info":null,"idb_data":{"resource_uri":"https://www.courtlistener.com/api/rest/v4/fjc-integrated-database/25037249/?format=json","date_created":"2018-11-21T10:43:58.882713-08:00","date_modified":"2022-01-28T11:04:59.145853-08:00","dataset_source":9,"office":"1","docket_number":"1600230","o

--- docket=4196732 call#5646 ---
URL: https://www.courtlistener.com/api/rest/v4/dockets/4196732/?format=json
Status: 200
Body: {"resource_uri":"https://www.courtlistener.com/api/rest/v4/dockets/4196732/?format=json","id":4196732,"court":"https://www.courtlistener.com/api/rest/v4/courts/cod/?format=json","court_id":"cod","original_court_info":null,"idb_data":{"resource_uri":"https://www.courtlistener.com/api/rest/v4/fjc-integrated-database/25037397/?format=json","date_created":"2018-11-21T10:43:58.900983-08:00","date_modified":"2022-01-28T11:04:59.366624-08:00","dataset_source":9,"office":"1","docket_number":"1601215","o

--- docket=69156624 call#5647 ---
URL: https://www.courtlistener.com/api/rest/v4/dockets/69156624/?format=json
Status: 200
Body: {"resource_uri":"https://www.courtlistener.com/api/rest/v4/dockets/69156624/?format=json","id":69156624,"court":"https://www.courtlistener.com/api/rest/v4/courts/nyed/?format=json","court_id":"nyed","original_court_info":null,"idb_data":null,"clusters":["https://www.courtlistener.com/api/rest/v4/clusters/10636642/?format=json"],"audio_files":[],"assigned_to":"https://www.courtlistener.com/api/rest/v4/people/664/?format=json","referred_to":null,"bankruptcy_information":null,"absolute_url":"/docke

--- docket=67404028 call#5648 ---
URL: https://www.courtlistener.com/api/rest/v4/dockets/67404028/?format=json
Status: 200
Body: {"resource_uri":"https://www.courtlistener.com/api/rest/v4/dockets/67404028/?format=json","id":67404028,"court":"https://www.courtlistener.com/api/rest/v4/courts/vaed/?format=json","court_id":"vaed","original_court_info":null,"idb_data":null,"clusters":["https://www.courtlistener.com/api/rest/v4/clusters/10223224/?format=json","https://www.courtlistener.com/api/rest/v4/clusters/10224008/?format=json","https://www.courtlistener.com/api/rest/v4/clusters/10224045/?format=json"],"audio_files":[],"as

--- docket=65393052 call#5649 ---
URL: https://www.courtlistener.com/api/rest/v4/dockets/65393052/?format=json
Status: 200
Body: {"resource_uri":"https://www.courtlistener.com/api/rest/v4/dockets/65393052/?format=json","id":65393052,"court":"https://www.courtlistener.com/api/rest/v4/courts/casd/?format=json","court_id":"casd","original_court_info":null,"idb_data":null,"clusters":["https://www.courtlistener.com/api/rest/v4/clusters/9620960/?format=json"],"audio_files":[],"assigned_to":"https://www.courtlistener.com/api/rest/v4/people/202/?format=json","referred_to":"https://www.courtlistener.com/api/rest/v4/people/14431/?f

--- docket=68067467 call#5650 ---
URL: https://www.courtlistener.com/api/rest/v4/dockets/68067467/?format=json
Status: 200
Body: {"resource_uri":"https://www.courtlistener.com/api/rest/v4/dockets/68067467/?format=json","id":68067467,"court":"https://www.courtlistener.com/api/rest/v4/courts/nysd/?format=json","court_id":"nysd","original_court_info":null,"idb_data":null,"clusters":["https://www.courtlistener.com/api/rest/v4/clusters/10609470/?format=json"],"audio_files":[],"assigned_to":"https://www.courtlistener.com/api/rest/v4/people/3081/?format=json","referred_to":null,"bankruptcy_information":null,"absolute_url":"/dock

--- docket=67175961 call#5651 ---
URL: https://www.courtlistener.com/api/rest/v4/dockets/67175961/?format=json
Status: 200
Body: {"resource_uri":"https://www.courtlistener.com/api/rest/v4/dockets/67175961/?format=json","id":67175961,"court":"https://www.courtlistener.com/api/rest/v4/courts/ded/?format=json","court_id":"ded","original_court_info":null,"idb_data":null,"clusters":["https://www.courtlistener.com/api/rest/v4/clusters/10327065/?format=json"],"audio_files":[],"assigned_to":"https://www.courtlistener.com/api/rest/v4/people/9138/?format=json","referred_to":null,"bankruptcy_information":null,"absolute_url":"/docket

--- docket=69008598 call#5652 ---
URL: https://www.courtlistener.com/api/rest/v4/dockets/69008598/?format=json
Status: 200
Body: {"resource_uri":"https://www.courtlistener.com/api/rest/v4/dockets/69008598/?format=json","id":69008598,"court":"https://www.courtlistener.com/api/rest/v4/courts/nysd/?format=json","court_id":"nysd","original_court_info":null,"idb_data":null,"clusters":["https://www.courtlistener.com/api/rest/v4/clusters/10288475/?format=json"],"audio_files":[],"assigned_to":"https://www.courtlistener.com/api/rest/v4/people/1421/?format=json","referred_to":null,"bankruptcy_information":null,"absolute_url":"/dock

--- docket=67395534 call#5653 ---
URL: https://www.courtlistener.com/api/rest/v4/dockets/67395534/?format=json
Status: 200
Body: {"resource_uri":"https://www.courtlistener.com/api/rest/v4/dockets/67395534/?format=json","id":67395534,"court":"https://www.courtlistener.com/api/rest/v4/courts/nysd/?format=json","court_id":"nysd","original_court_info":null,"idb_data":null,"clusters":["https://www.courtlistener.com/api/rest/v4/clusters/9887877/?format=json","https://www.courtlistener.com/api/rest/v4/clusters/10347491/?format=json"],"audio_files":[],"assigned_to":"https://www.courtlistener.com/api/rest/v4/people/1702/?format=js

--- docket=60047886 call#5654 ---
URL: https://www.courtlistener.com/api/rest/v4/dockets/60047886/?format=json
Status: 200
Body: {"resource_uri":"https://www.courtlistener.com/api/rest/v4/dockets/60047886/?format=json","id":60047886,"court":"https://www.courtlistener.com/api/rest/v4/courts/nysd/?format=json","court_id":"nysd","original_court_info":null,"idb_data":null,"clusters":["https://www.courtlistener.com/api/rest/v4/clusters/10620791/?format=json","https://www.courtlistener.com/api/rest/v4/clusters/10756014/?format=json","https://www.courtlistener.com/api/rest/v4/clusters/9882645/?format=json"],"audio_files":[],"ass

--- docket=60006688 call#5655 ---
URL: https://www.courtlistener.com/api/rest/v4/dockets/60006688/?format=json
Status: 200
Body: {"resource_uri":"https://www.courtlistener.com/api/rest/v4/dockets/60006688/?format=json","id":60006688,"court":"https://www.courtlistener.com/api/rest/v4/courts/txsd/?format=json","court_id":"txsd","original_court_info":null,"idb_data":null,"clusters":["https://www.courtlistener.com/api/rest/v4/clusters/10210671/?format=json","https://www.courtlistener.com/api/rest/v4/clusters/10210371/?format=json","https://www.courtlistener.com/api/rest/v4/clusters/10210365/?format=json","https://www.courtlis

--- docket=61077696 call#5656 ---
URL: https://www.courtlistener.com/api/rest/v4/dockets/61077696/?format=json
Status: 200
Body: {"resource_uri":"https://www.courtlistener.com/api/rest/v4/dockets/61077696/?format=json","id":61077696,"court":"https://www.courtlistener.com/api/rest/v4/courts/ilnd/?format=json","court_id":"ilnd","original_court_info":null,"idb_data":null,"clusters":["https://www.courtlistener.com/api/rest/v4/clusters/10179280/?format=json","https://www.courtlistener.com/api/rest/v4/clusters/10615686/?format=json"],"audio_files":[],"assigned_to":null,"referred_to":null,"bankruptcy_information":null,"absolute_

--- docket=6347810 call#5657 ---
URL: https://www.courtlistener.com/api/rest/v4/dockets/6347810/?format=json
Status: 200
Body: {"resource_uri":"https://www.courtlistener.com/api/rest/v4/dockets/6347810/?format=json","id":6347810,"court":"https://www.courtlistener.com/api/rest/v4/courts/nysd/?format=json","court_id":"nysd","original_court_info":null,"idb_data":{"resource_uri":"https://www.courtlistener.com/api/rest/v4/fjc-integrated-database/24522669/?format=json","date_created":"2018-11-21T09:52:03.172598-08:00","date_modified":"2022-01-28T11:34:37.861524-08:00","dataset_source":9,"office":"1","docket_number":"1700972",

--- docket=67742411 call#5658 ---
URL: https://www.courtlistener.com/api/rest/v4/dockets/67742411/?format=json
Status: 200
Body: {"resource_uri":"https://www.courtlistener.com/api/rest/v4/dockets/67742411/?format=json","id":67742411,"court":"https://www.courtlistener.com/api/rest/v4/courts/nyed/?format=json","court_id":"nyed","original_court_info":null,"idb_data":null,"clusters":["https://www.courtlistener.com/api/rest/v4/clusters/10377462/?format=json"],"audio_files":[],"assigned_to":"https://www.courtlistener.com/api/rest/v4/people/664/?format=json","referred_to":null,"bankruptcy_information":null,"absolute_url":"/docke

--- docket=63243303 call#5659 ---
URL: https://www.courtlistener.com/api/rest/v4/dockets/63243303/?format=json
Status: 200
Body: {"resource_uri":"https://www.courtlistener.com/api/rest/v4/dockets/63243303/?format=json","id":63243303,"court":"https://www.courtlistener.com/api/rest/v4/courts/nysd/?format=json","court_id":"nysd","original_court_info":null,"idb_data":null,"clusters":["https://www.courtlistener.com/api/rest/v4/clusters/9894407/?format=json"],"audio_files":[],"assigned_to":"https://www.courtlistener.com/api/rest/v4/people/3549/?format=json","referred_to":null,"bankruptcy_information":null,"absolute_url":"/docke

--- docket=68857809 call#5660 ---
URL: https://www.courtlistener.com/api/rest/v4/dockets/68857809/?format=json
Status: 200
Body: {"resource_uri":"https://www.courtlistener.com/api/rest/v4/dockets/68857809/?format=json","id":68857809,"court":"https://www.courtlistener.com/api/rest/v4/courts/nysd/?format=json","court_id":"nysd","original_court_info":null,"idb_data":null,"clusters":["https://www.courtlistener.com/api/rest/v4/clusters/10599710/?format=json","https://www.courtlistener.com/api/rest/v4/clusters/10636823/?format=json"],"audio_files":[],"assigned_to":"https://www.courtlistener.com/api/rest/v4/people/2867/?format=j

--- docket=68535991 call#5661 ---
URL: https://www.courtlistener.com/api/rest/v4/dockets/68535991/?format=json
Status: 200
Body: {"resource_uri":"https://www.courtlistener.com/api/rest/v4/dockets/68535991/?format=json","id":68535991,"court":"https://www.courtlistener.com/api/rest/v4/courts/casd/?format=json","court_id":"casd","original_court_info":null,"idb_data":null,"clusters":["https://www.courtlistener.com/api/rest/v4/clusters/10281050/?format=json"],"audio_files":[],"assigned_to":"https://www.courtlistener.com/api/rest/v4/people/9108/?format=json","referred_to":null,"bankruptcy_information":null,"absolute_url":"/dock

--- docket=7343711 call#5662 ---
URL: https://www.courtlistener.com/api/rest/v4/dockets/7343711/?format=json
Status: 200
Body: {"resource_uri":"https://www.courtlistener.com/api/rest/v4/dockets/7343711/?format=json","id":7343711,"court":"https://www.courtlistener.com/api/rest/v4/courts/cand/?format=json","court_id":"cand","original_court_info":null,"idb_data":{"resource_uri":"https://www.courtlistener.com/api/rest/v4/fjc-integrated-database/24964370/?format=json","date_created":"2018-11-21T10:37:03.157706-08:00","date_modified":"2022-01-28T13:38:09.006522-08:00","dataset_source":9,"office":"3","docket_number":"1803948",

--- docket=68862739 call#5663 ---
URL: https://www.courtlistener.com/api/rest/v4/dockets/68862739/?format=json
Status: 200
Body: {"resource_uri":"https://www.courtlistener.com/api/rest/v4/dockets/68862739/?format=json","id":68862739,"court":"https://www.courtlistener.com/api/rest/v4/courts/cand/?format=json","court_id":"cand","original_court_info":null,"idb_data":null,"clusters":["https://www.courtlistener.com/api/rest/v4/clusters/10640805/?format=json"],"audio_files":[],"assigned_to":"https://www.courtlistener.com/api/rest/v4/people/383/?format=json","referred_to":null,"bankruptcy_information":null,"absolute_url":"/docke

--- docket=67570049 call#5664 ---
URL: https://www.courtlistener.com/api/rest/v4/dockets/67570049/?format=json
Status: 200
Body: {"resource_uri":"https://www.courtlistener.com/api/rest/v4/dockets/67570049/?format=json","id":67570049,"court":"https://www.courtlistener.com/api/rest/v4/courts/nvd/?format=json","court_id":"nvd","original_court_info":null,"idb_data":null,"clusters":["https://www.courtlistener.com/api/rest/v4/clusters/10191447/?format=json"],"audio_files":[],"assigned_to":"https://www.courtlistener.com/api/rest/v4/people/338/?format=json","referred_to":"https://www.courtlistener.com/api/rest/v4/people/9412/?for

--- docket=67233233 call#5665 ---
URL: https://www.courtlistener.com/api/rest/v4/dockets/67233233/?format=json
Status: 200
Body: {"resource_uri":"https://www.courtlistener.com/api/rest/v4/dockets/67233233/?format=json","id":67233233,"court":"https://www.courtlistener.com/api/rest/v4/courts/cacd/?format=json","court_id":"cacd","original_court_info":null,"idb_data":null,"clusters":["https://www.courtlistener.com/api/rest/v4/clusters/10168465/?format=json"],"audio_files":[],"assigned_to":null,"referred_to":"https://www.courtlistener.com/api/rest/v4/people/9068/?format=json","bankruptcy_information":null,"absolute_url":"/dock

--- docket=59695867 call#5666 ---
URL: https://www.courtlistener.com/api/rest/v4/dockets/59695867/?format=json
Status: 200
Body: {"resource_uri":"https://www.courtlistener.com/api/rest/v4/dockets/59695867/?format=json","id":59695867,"court":"https://www.courtlistener.com/api/rest/v4/courts/nysd/?format=json","court_id":"nysd","original_court_info":null,"idb_data":null,"clusters":["https://www.courtlistener.com/api/rest/v4/clusters/9887622/?format=json","https://www.courtlistener.com/api/rest/v4/clusters/9887750/?format=json","https://www.courtlistener.com/api/rest/v4/clusters/10284679/?format=json"],"audio_files":[],"assi

--- docket=4220922 call#5667 ---
URL: https://www.courtlistener.com/api/rest/v4/dockets/4220922/?format=json
Status: 200
Body: {"resource_uri":"https://www.courtlistener.com/api/rest/v4/dockets/4220922/?format=json","id":4220922,"court":"https://www.courtlistener.com/api/rest/v4/courts/ded/?format=json","court_id":"ded","original_court_info":null,"idb_data":{"resource_uri":"https://www.courtlistener.com/api/rest/v4/fjc-integrated-database/24547556/?format=json","date_created":"2018-11-21T09:54:23.324009-08:00","date_modified":"2022-01-28T06:41:10.430173-08:00","dataset_source":9,"office":"1","docket_number":"1500897","o

--- docket=4221067 call#5668 ---
URL: https://www.courtlistener.com/api/rest/v4/dockets/4221067/?format=json
Status: 200
Body: {"resource_uri":"https://www.courtlistener.com/api/rest/v4/dockets/4221067/?format=json","id":4221067,"court":"https://www.courtlistener.com/api/rest/v4/courts/ded/?format=json","court_id":"ded","original_court_info":null,"idb_data":{"resource_uri":"https://www.courtlistener.com/api/rest/v4/fjc-integrated-database/24547676/?format=json","date_created":"2018-11-21T09:54:23.338513-08:00","date_modified":"2022-01-28T11:43:35.827840-08:00","dataset_source":9,"office":"1","docket_number":"1600112","o

--- docket=14989786 call#5669 ---
URL: https://www.courtlistener.com/api/rest/v4/dockets/14989786/?format=json
Status: 200
Body: {"resource_uri":"https://www.courtlistener.com/api/rest/v4/dockets/14989786/?format=json","id":14989786,"court":"https://www.courtlistener.com/api/rest/v4/courts/utd/?format=json","court_id":"utd","original_court_info":null,"idb_data":{"resource_uri":"https://www.courtlistener.com/api/rest/v4/fjc-integrated-database/25532350/?format=json","date_created":"2020-08-27T01:33:29.518994-07:00","date_modified":"2022-01-28T14:08:10.545320-08:00","dataset_source":9,"office":"2","docket_number":"1900277",

--- docket=63277028 call#5670 ---
URL: https://www.courtlistener.com/api/rest/v4/dockets/63277028/?format=json
Status: 200
Body: {"resource_uri":"https://www.courtlistener.com/api/rest/v4/dockets/63277028/?format=json","id":63277028,"court":"https://www.courtlistener.com/api/rest/v4/courts/mad/?format=json","court_id":"mad","original_court_info":null,"idb_data":null,"clusters":["https://www.courtlistener.com/api/rest/v4/clusters/9734376/?format=json"],"audio_files":[],"assigned_to":"https://www.courtlistener.com/api/rest/v4/people/1251/?format=json","referred_to":null,"bankruptcy_information":null,"absolute_url":"/docket/

--- docket=65382350 call#5671 ---
URL: https://www.courtlistener.com/api/rest/v4/dockets/65382350/?format=json
Status: 200
Body: {"resource_uri":"https://www.courtlistener.com/api/rest/v4/dockets/65382350/?format=json","id":65382350,"court":"https://www.courtlistener.com/api/rest/v4/courts/flmd/?format=json","court_id":"flmd","original_court_info":null,"idb_data":null,"clusters":["https://www.courtlistener.com/api/rest/v4/clusters/9648595/?format=json"],"audio_files":[],"assigned_to":"https://www.courtlistener.com/api/rest/v4/people/729/?format=json","referred_to":"https://www.courtlistener.com/api/rest/v4/people/9155/?fo

--- docket=60383420 call#5672 ---
URL: https://www.courtlistener.com/api/rest/v4/dockets/60383420/?format=json
Status: 200
Body: {"resource_uri":"https://www.courtlistener.com/api/rest/v4/dockets/60383420/?format=json","id":60383420,"court":"https://www.courtlistener.com/api/rest/v4/courts/cacd/?format=json","court_id":"cacd","original_court_info":null,"idb_data":null,"clusters":["https://www.courtlistener.com/api/rest/v4/clusters/9512309/?format=json","https://www.courtlistener.com/api/rest/v4/clusters/9517890/?format=json","https://www.courtlistener.com/api/rest/v4/clusters/10433935/?format=json"],"audio_files":[],"assi

--- docket=67523915 call#5673 ---
URL: https://www.courtlistener.com/api/rest/v4/dockets/67523915/?format=json
Status: 200
Body: {"resource_uri":"https://www.courtlistener.com/api/rest/v4/dockets/67523915/?format=json","id":67523915,"court":"https://www.courtlistener.com/api/rest/v4/courts/nysd/?format=json","court_id":"nysd","original_court_info":null,"idb_data":null,"clusters":["https://www.courtlistener.com/api/rest/v4/clusters/9888645/?format=json"],"audio_files":[],"assigned_to":null,"referred_to":null,"bankruptcy_information":null,"absolute_url":"/docket/67523915/securities-and-exchange-commission-v-baston/","date_c

--- docket=63568311 call#5674 ---
URL: https://www.courtlistener.com/api/rest/v4/dockets/63568311/?format=json
Status: 200
Body: {"resource_uri":"https://www.courtlistener.com/api/rest/v4/dockets/63568311/?format=json","id":63568311,"court":"https://www.courtlistener.com/api/rest/v4/courts/cand/?format=json","court_id":"cand","original_court_info":null,"idb_data":null,"clusters":["https://www.courtlistener.com/api/rest/v4/clusters/9610487/?format=json"],"audio_files":[],"assigned_to":null,"referred_to":"https://www.courtlistener.com/api/rest/v4/people/9096/?format=json","bankruptcy_information":null,"absolute_url":"/docke

--- docket=62640878 call#5675 ---
URL: https://www.courtlistener.com/api/rest/v4/dockets/62640878/?format=json
Status: 200
Body: {"resource_uri":"https://www.courtlistener.com/api/rest/v4/dockets/62640878/?format=json","id":62640878,"court":"https://www.courtlistener.com/api/rest/v4/courts/nyed/?format=json","court_id":"nyed","original_court_info":null,"idb_data":null,"clusters":["https://www.courtlistener.com/api/rest/v4/clusters/9843358/?format=json"],"audio_files":[],"assigned_to":"https://www.courtlistener.com/api/rest/v4/people/97/?format=json","referred_to":"https://www.courtlistener.com/api/rest/v4/people/9419/?for

--- docket=70584120 call#5676 ---
URL: https://www.courtlistener.com/api/rest/v4/dockets/70584120/?format=json
Status: 200
Body: {"resource_uri":"https://www.courtlistener.com/api/rest/v4/dockets/70584120/?format=json","id":70584120,"court":"https://www.courtlistener.com/api/rest/v4/courts/mnd/?format=json","court_id":"mnd","original_court_info":null,"idb_data":null,"clusters":["https://www.courtlistener.com/api/rest/v4/clusters/10708527/?format=json"],"audio_files":[],"assigned_to":null,"referred_to":null,"bankruptcy_information":null,"absolute_url":"/docket/70584120/kogut-v-hemsley/","date_created":"2025-06-19T09:44:14.

--- docket=66707334 call#5677 ---
URL: https://www.courtlistener.com/api/rest/v4/dockets/66707334/?format=json
Status: 200
Body: {"resource_uri":"https://www.courtlistener.com/api/rest/v4/dockets/66707334/?format=json","id":66707334,"court":"https://www.courtlistener.com/api/rest/v4/courts/nysd/?format=json","court_id":"nysd","original_court_info":null,"idb_data":null,"clusters":["https://www.courtlistener.com/api/rest/v4/clusters/10647732/?format=json"],"audio_files":[],"assigned_to":"https://www.courtlistener.com/api/rest/v4/people/2867/?format=json","referred_to":null,"bankruptcy_information":null,"absolute_url":"/dock

--- docket=4326086 call#5678 ---
URL: https://www.courtlistener.com/api/rest/v4/dockets/4326086/?format=json
Status: 200
Body: {"resource_uri":"https://www.courtlistener.com/api/rest/v4/dockets/4326086/?format=json","id":4326086,"court":"https://www.courtlistener.com/api/rest/v4/courts/nynd/?format=json","court_id":"nynd","original_court_info":null,"idb_data":{"resource_uri":"https://www.courtlistener.com/api/rest/v4/fjc-integrated-database/24497535/?format=json","date_created":"2018-11-21T09:49:35.871453-08:00","date_modified":"2022-01-28T09:52:10.280953-08:00","dataset_source":9,"office":"5","docket_number":"1500538",

--- docket=15635462 call#5679 ---
URL: https://www.courtlistener.com/api/rest/v4/dockets/15635462/?format=json
Status: 200
Body: {"resource_uri":"https://www.courtlistener.com/api/rest/v4/dockets/15635462/?format=json","id":15635462,"court":"https://www.courtlistener.com/api/rest/v4/courts/nysd/?format=json","court_id":"nysd","original_court_info":null,"idb_data":{"resource_uri":"https://www.courtlistener.com/api/rest/v4/fjc-integrated-database/25840359/?format=json","date_created":"2020-08-27T04:21:41.930397-07:00","date_modified":"2022-01-28T11:35:41.543193-08:00","dataset_source":9,"office":"1","docket_number":"1904512

--- docket=4236431 call#5680 ---
URL: https://www.courtlistener.com/api/rest/v4/dockets/4236431/?format=json
Status: 200
Body: {"resource_uri":"https://www.courtlistener.com/api/rest/v4/dockets/4236431/?format=json","id":4236431,"court":"https://www.courtlistener.com/api/rest/v4/courts/flsd/?format=json","court_id":"flsd","original_court_info":null,"idb_data":{"resource_uri":"https://www.courtlistener.com/api/rest/v4/fjc-integrated-database/24160299/?format=json","date_created":"2018-11-21T09:03:14.131924-08:00","date_modified":"2022-01-28T04:48:01.980357-08:00","dataset_source":9,"office":"0","docket_number":"1560082",

--- docket=15640974 call#5681 ---
URL: https://www.courtlistener.com/api/rest/v4/dockets/15640974/?format=json
Status: 200
Body: {"resource_uri":"https://www.courtlistener.com/api/rest/v4/dockets/15640974/?format=json","id":15640974,"court":"https://www.courtlistener.com/api/rest/v4/courts/cand/?format=json","court_id":"cand","original_court_info":null,"idb_data":{"resource_uri":"https://www.courtlistener.com/api/rest/v4/fjc-integrated-database/25593913/?format=json","date_created":"2020-08-27T02:01:42.994288-07:00","date_modified":"2022-01-28T13:42:05.617526-08:00","dataset_source":9,"office":"4","docket_number":"1902690

--- docket=15644633 call#5682 ---
URL: https://www.courtlistener.com/api/rest/v4/dockets/15644633/?format=json
Status: 200
Body: {"resource_uri":"https://www.courtlistener.com/api/rest/v4/dockets/15644633/?format=json","id":15644633,"court":"https://www.courtlistener.com/api/rest/v4/courts/tnmd/?format=json","court_id":"tnmd","original_court_info":null,"idb_data":{"resource_uri":"https://www.courtlistener.com/api/rest/v4/fjc-integrated-database/25663018/?format=json","date_created":"2020-08-27T02:39:41.469022-07:00","date_modified":"2022-01-28T13:10:00.817656-08:00","dataset_source":9,"office":"3","docket_number":"1900407

--- docket=15654225 call#5683 ---
URL: https://www.courtlistener.com/api/rest/v4/dockets/15654225/?format=json
Status: 200
Body: {"resource_uri":"https://www.courtlistener.com/api/rest/v4/dockets/15654225/?format=json","id":15654225,"court":"https://www.courtlistener.com/api/rest/v4/courts/txnd/?format=json","court_id":"txnd","original_court_info":null,"idb_data":{"resource_uri":"https://www.courtlistener.com/api/rest/v4/fjc-integrated-database/25941411/?format=json","date_created":"2020-08-27T05:48:04.656608-07:00","date_modified":"2022-01-28T08:49:25.719205-08:00","dataset_source":9,"office":"3","docket_number":"1901224

--- docket=15693533 call#5684 ---
URL: https://www.courtlistener.com/api/rest/v4/dockets/15693533/?format=json
Status: 200
Body: {"resource_uri":"https://www.courtlistener.com/api/rest/v4/dockets/15693533/?format=json","id":15693533,"court":"https://www.courtlistener.com/api/rest/v4/courts/utd/?format=json","court_id":"utd","original_court_info":null,"idb_data":{"resource_uri":"https://www.courtlistener.com/api/rest/v4/fjc-integrated-database/25055401/?format=json","date_created":"2018-11-21T10:45:40.990942-08:00","date_modified":"2022-01-28T14:07:59.373480-08:00","dataset_source":9,"office":"2","docket_number":"1600534",

--- docket=15701024 call#5685 ---
URL: https://www.courtlistener.com/api/rest/v4/dockets/15701024/?format=json
Status: 200
Body: {"resource_uri":"https://www.courtlistener.com/api/rest/v4/dockets/15701024/?format=json","id":15701024,"court":"https://www.courtlistener.com/api/rest/v4/courts/nysd/?format=json","court_id":"nysd","original_court_info":null,"idb_data":{"resource_uri":"https://www.courtlistener.com/api/rest/v4/fjc-integrated-database/25970153/?format=json","date_created":"2020-08-27T06:29:26.434903-07:00","date_modified":"2022-01-28T08:13:59.421483-08:00","dataset_source":9,"office":"1","docket_number":"1900551

--- docket=15788821 call#5686 ---
URL: https://www.courtlistener.com/api/rest/v4/dockets/15788821/?format=json
Status: 200
Body: {"resource_uri":"https://www.courtlistener.com/api/rest/v4/dockets/15788821/?format=json","id":15788821,"court":"https://www.courtlistener.com/api/rest/v4/courts/nysd/?format=json","court_id":"nysd","original_court_info":null,"idb_data":{"resource_uri":"https://www.courtlistener.com/api/rest/v4/fjc-integrated-database/25839610/?format=json","date_created":"2020-08-27T04:21:28.387248-07:00","date_modified":"2022-01-28T11:35:48.402742-08:00","dataset_source":9,"office":"1","docket_number":"1905650

--- docket=15706891 call#5687 ---
URL: https://www.courtlistener.com/api/rest/v4/dockets/15706891/?format=json
Status: 200
Body: {"resource_uri":"https://www.courtlistener.com/api/rest/v4/dockets/15706891/?format=json","id":15706891,"court":"https://www.courtlistener.com/api/rest/v4/courts/ilnd/?format=json","court_id":"ilnd","original_court_info":null,"idb_data":{"resource_uri":"https://www.courtlistener.com/api/rest/v4/fjc-integrated-database/25657028/?format=json","date_created":"2020-08-27T02:34:04.630268-07:00","date_modified":"2022-01-28T13:13:56.890667-08:00","dataset_source":9,"office":"1","docket_number":"1903648

--- docket=15751222 call#5688 ---
URL: https://www.courtlistener.com/api/rest/v4/dockets/15751222/?format=json
Status: 200
Body: {"resource_uri":"https://www.courtlistener.com/api/rest/v4/dockets/15751222/?format=json","id":15751222,"court":"https://www.courtlistener.com/api/rest/v4/courts/njd/?format=json","court_id":"njd","original_court_info":null,"idb_data":{"resource_uri":"https://www.courtlistener.com/api/rest/v4/fjc-integrated-database/25806157/?format=json","date_created":"2020-08-27T04:05:13.135445-07:00","date_modified":"2022-01-28T11:50:23.746408-08:00","dataset_source":9,"office":"2","docket_number":"1913529",

--- docket=15717208 call#5689 ---
URL: https://www.courtlistener.com/api/rest/v4/dockets/15717208/?format=json
Status: 200
Body: {"resource_uri":"https://www.courtlistener.com/api/rest/v4/dockets/15717208/?format=json","id":15717208,"court":"https://www.courtlistener.com/api/rest/v4/courts/nysd/?format=json","court_id":"nysd","original_court_info":null,"idb_data":{"resource_uri":"https://www.courtlistener.com/api/rest/v4/fjc-integrated-database/25839905/?format=json","date_created":"2020-08-27T04:21:33.689755-07:00","date_modified":"2022-01-28T11:35:46.403550-08:00","dataset_source":9,"office":"1","docket_number":"1905192

--- docket=15725223 call#5690 ---
URL: https://www.courtlistener.com/api/rest/v4/dockets/15725223/?format=json
Status: 200
Body: {"resource_uri":"https://www.courtlistener.com/api/rest/v4/dockets/15725223/?format=json","id":15725223,"court":"https://www.courtlistener.com/api/rest/v4/courts/nysd/?format=json","court_id":"nysd","original_court_info":null,"idb_data":{"resource_uri":"https://www.courtlistener.com/api/rest/v4/fjc-integrated-database/25839862/?format=json","date_created":"2020-08-27T04:21:32.906454-07:00","date_modified":"2022-01-28T11:35:46.820506-08:00","dataset_source":9,"office":"1","docket_number":"1905263

--- docket=15860813 call#5691 ---
URL: https://www.courtlistener.com/api/rest/v4/dockets/15860813/?format=json
Status: 200
Body: {"resource_uri":"https://www.courtlistener.com/api/rest/v4/dockets/15860813/?format=json","id":15860813,"court":"https://www.courtlistener.com/api/rest/v4/courts/nysd/?format=json","court_id":"nysd","original_court_info":null,"idb_data":{"resource_uri":"https://www.courtlistener.com/api/rest/v4/fjc-integrated-database/25839303/?format=json","date_created":"2020-08-27T04:21:20.333065-07:00","date_modified":"2022-01-28T09:56:08.436558-08:00","dataset_source":9,"office":"1","docket_number":"1906122

--- docket=15881462 call#5692 ---
URL: https://www.courtlistener.com/api/rest/v4/dockets/15881462/?format=json
Status: 200
Body: {"resource_uri":"https://www.courtlistener.com/api/rest/v4/dockets/15881462/?format=json","id":15881462,"court":"https://www.courtlistener.com/api/rest/v4/courts/caed/?format=json","court_id":"caed","original_court_info":null,"idb_data":{"resource_uri":"https://www.courtlistener.com/api/rest/v4/fjc-integrated-database/25589524/?format=json","date_created":"2020-08-27T01:59:41.960414-07:00","date_modified":"2022-01-28T10:53:15.692262-08:00","dataset_source":9,"office":"1","docket_number":"1900898

--- docket=18200667 call#5693 ---
URL: https://www.courtlistener.com/api/rest/v4/dockets/18200667/?format=json
Status: 200
Body: {"resource_uri":"https://www.courtlistener.com/api/rest/v4/dockets/18200667/?format=json","id":18200667,"court":"https://www.courtlistener.com/api/rest/v4/courts/nysd/?format=json","court_id":"nysd","original_court_info":null,"idb_data":null,"clusters":["https://www.courtlistener.com/api/rest/v4/clusters/9866739/?format=json"],"audio_files":[],"assigned_to":"https://www.courtlistener.com/api/rest/v4/people/2463/?format=json","referred_to":null,"bankruptcy_information":null,"absolute_url":"/docke

--- docket=18472001 call#5694 ---
URL: https://www.courtlistener.com/api/rest/v4/dockets/18472001/?format=json
Status: 200
Body: {"resource_uri":"https://www.courtlistener.com/api/rest/v4/dockets/18472001/?format=json","id":18472001,"court":"https://www.courtlistener.com/api/rest/v4/courts/txnd/?format=json","court_id":"txnd","original_court_info":null,"idb_data":null,"clusters":["https://www.courtlistener.com/api/rest/v4/clusters/9985507/?format=json"],"audio_files":[],"assigned_to":"https://www.courtlistener.com/api/rest/v4/people/352/?format=json","referred_to":null,"bankruptcy_information":null,"absolute_url":"/docket

--- docket=18408264 call#5695 ---
URL: https://www.courtlistener.com/api/rest/v4/dockets/18408264/?format=json
Status: 200
Body: {"resource_uri":"https://www.courtlistener.com/api/rest/v4/dockets/18408264/?format=json","id":18408264,"court":"https://www.courtlistener.com/api/rest/v4/courts/nysd/?format=json","court_id":"nysd","original_court_info":null,"idb_data":null,"clusters":["https://www.courtlistener.com/api/rest/v4/clusters/9866913/?format=json"],"audio_files":[],"assigned_to":"https://www.courtlistener.com/api/rest/v4/people/532/?format=json","referred_to":null,"bankruptcy_information":null,"absolute_url":"/docket

--- docket=18452005 call#5696 ---
URL: https://www.courtlistener.com/api/rest/v4/dockets/18452005/?format=json
Status: 200
Body: {"resource_uri":"https://www.courtlistener.com/api/rest/v4/dockets/18452005/?format=json","id":18452005,"court":"https://www.courtlistener.com/api/rest/v4/courts/pamd/?format=json","court_id":"pamd","original_court_info":null,"idb_data":null,"clusters":["https://www.courtlistener.com/api/rest/v4/clusters/9943469/?format=json"],"audio_files":[],"assigned_to":"https://www.courtlistener.com/api/rest/v4/people/1699/?format=json","referred_to":null,"bankruptcy_information":null,"absolute_url":"/docke

--- docket=18426249 call#5697 ---
URL: https://www.courtlistener.com/api/rest/v4/dockets/18426249/?format=json
Status: 200
Body: {"resource_uri":"https://www.courtlistener.com/api/rest/v4/dockets/18426249/?format=json","id":18426249,"court":"https://www.courtlistener.com/api/rest/v4/courts/njd/?format=json","court_id":"njd","original_court_info":null,"idb_data":null,"clusters":["https://www.courtlistener.com/api/rest/v4/clusters/9804428/?format=json"],"audio_files":[],"assigned_to":"https://www.courtlistener.com/api/rest/v4/people/2189/?format=json","referred_to":"https://www.courtlistener.com/api/rest/v4/people/9383/?for

--- docket=18472649 call#5698 ---
URL: https://www.courtlistener.com/api/rest/v4/dockets/18472649/?format=json
Status: 200
Body: {"resource_uri":"https://www.courtlistener.com/api/rest/v4/dockets/18472649/?format=json","id":18472649,"court":"https://www.courtlistener.com/api/rest/v4/courts/cod/?format=json","court_id":"cod","original_court_info":null,"idb_data":null,"clusters":["https://www.courtlistener.com/api/rest/v4/clusters/9625193/?format=json"],"audio_files":[],"assigned_to":"https://www.courtlistener.com/api/rest/v4/people/9123/?format=json","referred_to":"https://www.courtlistener.com/api/rest/v4/people/9122/?for

--- docket=18437334 call#5699 ---
URL: https://www.courtlistener.com/api/rest/v4/dockets/18437334/?format=json
Status: 200
Body: {"resource_uri":"https://www.courtlistener.com/api/rest/v4/dockets/18437334/?format=json","id":18437334,"court":"https://www.courtlistener.com/api/rest/v4/courts/azd/?format=json","court_id":"azd","original_court_info":null,"idb_data":null,"clusters":["https://www.courtlistener.com/api/rest/v4/clusters/9532808/?format=json"],"audio_files":[],"assigned_to":"https://www.courtlistener.com/api/rest/v4/people/1558/?format=json","referred_to":null,"bankruptcy_information":null,"absolute_url":"/docket/

--- docket=18416011 call#5700 ---
URL: https://www.courtlistener.com/api/rest/v4/dockets/18416011/?format=json
Status: 200
Body: {"resource_uri":"https://www.courtlistener.com/api/rest/v4/dockets/18416011/?format=json","id":18416011,"court":"https://www.courtlistener.com/api/rest/v4/courts/nysd/?format=json","court_id":"nysd","original_court_info":null,"idb_data":null,"clusters":["https://www.courtlistener.com/api/rest/v4/clusters/9867374/?format=json","https://www.courtlistener.com/api/rest/v4/clusters/9875424/?format=json"],"audio_files":[],"assigned_to":"https://www.courtlistener.com/api/rest/v4/people/2463/?format=jso

--- docket=18433807 call#5701 ---
URL: https://www.courtlistener.com/api/rest/v4/dockets/18433807/?format=json
Status: 200
Body: {"resource_uri":"https://www.courtlistener.com/api/rest/v4/dockets/18433807/?format=json","id":18433807,"court":"https://www.courtlistener.com/api/rest/v4/courts/txsd/?format=json","court_id":"txsd","original_court_info":null,"idb_data":null,"clusters":["https://www.courtlistener.com/api/rest/v4/clusters/10208095/?format=json"],"audio_files":[],"assigned_to":"https://www.courtlistener.com/api/rest/v4/people/1840/?format=json","referred_to":"https://www.courtlistener.com/api/rest/v4/people/9577/?

--- docket=18461015 call#5702 ---
URL: https://www.courtlistener.com/api/rest/v4/dockets/18461015/?format=json
Status: 200
Body: {"resource_uri":"https://www.courtlistener.com/api/rest/v4/dockets/18461015/?format=json","id":18461015,"court":"https://www.courtlistener.com/api/rest/v4/courts/cod/?format=json","court_id":"cod","original_court_info":null,"idb_data":null,"clusters":["https://www.courtlistener.com/api/rest/v4/clusters/9627692/?format=json","https://www.courtlistener.com/api/rest/v4/clusters/9627781/?format=json"],"audio_files":[],"assigned_to":"https://www.courtlistener.com/api/rest/v4/people/123/?format=json",

--- docket=18473832 call#5703 ---
URL: https://www.courtlistener.com/api/rest/v4/dockets/18473832/?format=json
Status: 200
Body: {"resource_uri":"https://www.courtlistener.com/api/rest/v4/dockets/18473832/?format=json","id":18473832,"court":"https://www.courtlistener.com/api/rest/v4/courts/nysd/?format=json","court_id":"nysd","original_court_info":null,"idb_data":null,"clusters":["https://www.courtlistener.com/api/rest/v4/clusters/9859776/?format=json"],"audio_files":[],"assigned_to":"https://www.courtlistener.com/api/rest/v4/people/1136/?format=json","referred_to":null,"bankruptcy_information":null,"absolute_url":"/docke

--- docket=18487477 call#5704 ---
URL: https://www.courtlistener.com/api/rest/v4/dockets/18487477/?format=json
Status: 200
Body: {"resource_uri":"https://www.courtlistener.com/api/rest/v4/dockets/18487477/?format=json","id":18487477,"court":"https://www.courtlistener.com/api/rest/v4/courts/nysd/?format=json","court_id":"nysd","original_court_info":null,"idb_data":null,"clusters":["https://www.courtlistener.com/api/rest/v4/clusters/9860477/?format=json","https://www.courtlistener.com/api/rest/v4/clusters/9874134/?format=json","https://www.courtlistener.com/api/rest/v4/clusters/9874190/?format=json"],"audio_files":[],"assig

--- docket=18458206 call#5705 ---
URL: https://www.courtlistener.com/api/rest/v4/dockets/18458206/?format=json
Status: 200
Body: {"resource_uri":"https://www.courtlistener.com/api/rest/v4/dockets/18458206/?format=json","id":18458206,"court":"https://www.courtlistener.com/api/rest/v4/courts/nyed/?format=json","court_id":"nyed","original_court_info":null,"idb_data":null,"clusters":["https://www.courtlistener.com/api/rest/v4/clusters/9842208/?format=json"],"audio_files":[],"assigned_to":"https://www.courtlistener.com/api/rest/v4/people/308/?format=json","referred_to":null,"bankruptcy_information":null,"absolute_url":"/docket

--- docket=18478399 call#5706 ---
URL: https://www.courtlistener.com/api/rest/v4/dockets/18478399/?format=json
Status: 200
Body: {"resource_uri":"https://www.courtlistener.com/api/rest/v4/dockets/18478399/?format=json","id":18478399,"court":"https://www.courtlistener.com/api/rest/v4/courts/cand/?format=json","court_id":"cand","original_court_info":null,"idb_data":null,"clusters":["https://www.courtlistener.com/api/rest/v4/clusters/9606969/?format=json"],"audio_files":[],"assigned_to":"https://www.courtlistener.com/api/rest/v4/people/602/?format=json","referred_to":null,"bankruptcy_information":null,"absolute_url":"/docket

--- docket=18543015 call#5707 ---
URL: https://www.courtlistener.com/api/rest/v4/dockets/18543015/?format=json
Status: 200
Body: {"resource_uri":"https://www.courtlistener.com/api/rest/v4/dockets/18543015/?format=json","id":18543015,"court":"https://www.courtlistener.com/api/rest/v4/courts/txed/?format=json","court_id":"txed","original_court_info":null,"idb_data":null,"clusters":["https://www.courtlistener.com/api/rest/v4/clusters/9977684/?format=json"],"audio_files":[],"assigned_to":"https://www.courtlistener.com/api/rest/v4/people/14410/?format=json","referred_to":null,"bankruptcy_information":null,"absolute_url":"/dock

--- docket=18592817 call#5708 ---
URL: https://www.courtlistener.com/api/rest/v4/dockets/18592817/?format=json
Status: 200
Body: {"resource_uri":"https://www.courtlistener.com/api/rest/v4/dockets/18592817/?format=json","id":18592817,"court":"https://www.courtlistener.com/api/rest/v4/courts/cand/?format=json","court_id":"cand","original_court_info":null,"idb_data":null,"clusters":["https://www.courtlistener.com/api/rest/v4/clusters/9604819/?format=json","https://www.courtlistener.com/api/rest/v4/clusters/9600453/?format=json","https://www.courtlistener.com/api/rest/v4/clusters/9601467/?format=json"],"audio_files":[],"assig

--- docket=18513339 call#5709 ---
URL: https://www.courtlistener.com/api/rest/v4/dockets/18513339/?format=json
Status: 200
Body: {"resource_uri":"https://www.courtlistener.com/api/rest/v4/dockets/18513339/?format=json","id":18513339,"court":"https://www.courtlistener.com/api/rest/v4/courts/txsd/?format=json","court_id":"txsd","original_court_info":null,"idb_data":null,"clusters":["https://www.courtlistener.com/api/rest/v4/clusters/10207642/?format=json"],"audio_files":[],"assigned_to":"https://www.courtlistener.com/api/rest/v4/people/9578/?format=json","referred_to":null,"bankruptcy_information":null,"absolute_url":"/dock

--- docket=18561210 call#5710 ---
URL: https://www.courtlistener.com/api/rest/v4/dockets/18561210/?format=json
Status: 200
Body: {"resource_uri":"https://www.courtlistener.com/api/rest/v4/dockets/18561210/?format=json","id":18561210,"court":"https://www.courtlistener.com/api/rest/v4/courts/cand/?format=json","court_id":"cand","original_court_info":null,"idb_data":null,"clusters":["https://www.courtlistener.com/api/rest/v4/clusters/9601594/?format=json","https://www.courtlistener.com/api/rest/v4/clusters/9601837/?format=json"],"audio_files":[],"assigned_to":"https://www.courtlistener.com/api/rest/v4/people/1206/?format=jso

--- docket=18561304 call#5711 ---
URL: https://www.courtlistener.com/api/rest/v4/dockets/18561304/?format=json
Status: 200
Body: {"resource_uri":"https://www.courtlistener.com/api/rest/v4/dockets/18561304/?format=json","id":18561304,"court":"https://www.courtlistener.com/api/rest/v4/courts/ohsd/?format=json","court_id":"ohsd","original_court_info":null,"idb_data":null,"clusters":["https://www.courtlistener.com/api/rest/v4/clusters/9910176/?format=json"],"audio_files":[],"assigned_to":"https://www.courtlistener.com/api/rest/v4/people/2034/?format=json","referred_to":"https://www.courtlistener.com/api/rest/v4/people/9472/?f

--- docket=18611138 call#5712 ---
URL: https://www.courtlistener.com/api/rest/v4/dockets/18611138/?format=json
Status: 200
Body: {"resource_uri":"https://www.courtlistener.com/api/rest/v4/dockets/18611138/?format=json","id":18611138,"court":"https://www.courtlistener.com/api/rest/v4/courts/nysd/?format=json","court_id":"nysd","original_court_info":null,"idb_data":null,"clusters":["https://www.courtlistener.com/api/rest/v4/clusters/9862832/?format=json"],"audio_files":[],"assigned_to":"https://www.courtlistener.com/api/rest/v4/people/14466/?format=json","referred_to":null,"bankruptcy_information":null,"absolute_url":"/dock

--- docket=18647849 call#5713 ---
URL: https://www.courtlistener.com/api/rest/v4/dockets/18647849/?format=json
Status: 200
Body: {"resource_uri":"https://www.courtlistener.com/api/rest/v4/dockets/18647849/?format=json","id":18647849,"court":"https://www.courtlistener.com/api/rest/v4/courts/ohsd/?format=json","court_id":"ohsd","original_court_info":null,"idb_data":null,"clusters":["https://www.courtlistener.com/api/rest/v4/clusters/9910147/?format=json","https://www.courtlistener.com/api/rest/v4/clusters/9910944/?format=json","https://www.courtlistener.com/api/rest/v4/clusters/9910359/?format=json","https://www.courtlisten

--- docket=18619921 call#5714 ---
URL: https://www.courtlistener.com/api/rest/v4/dockets/18619921/?format=json
Status: 200
Body: {"resource_uri":"https://www.courtlistener.com/api/rest/v4/dockets/18619921/?format=json","id":18619921,"court":"https://www.courtlistener.com/api/rest/v4/courts/utd/?format=json","court_id":"utd","original_court_info":null,"idb_data":null,"clusters":["https://www.courtlistener.com/api/rest/v4/clusters/10218264/?format=json"],"audio_files":[],"assigned_to":null,"referred_to":null,"bankruptcy_information":null,"absolute_url":"/docket/18619921/alpine-securities-corporation-v-financial-industry-reg

--- docket=18649550 call#5715 ---
URL: https://www.courtlistener.com/api/rest/v4/dockets/18649550/?format=json
Status: 200
Body: {"resource_uri":"https://www.courtlistener.com/api/rest/v4/dockets/18649550/?format=json","id":18649550,"court":"https://www.courtlistener.com/api/rest/v4/courts/ded/?format=json","court_id":"ded","original_court_info":null,"idb_data":null,"clusters":["https://www.courtlistener.com/api/rest/v4/clusters/10317603/?format=json","https://www.courtlistener.com/api/rest/v4/clusters/10374666/?format=json","https://www.courtlistener.com/api/rest/v4/clusters/9635957/?format=json","https://www.courtlisten

--- docket=18613018 call#5716 ---
URL: https://www.courtlistener.com/api/rest/v4/dockets/18613018/?format=json
Status: 200
Body: {"resource_uri":"https://www.courtlistener.com/api/rest/v4/dockets/18613018/?format=json","id":18613018,"court":"https://www.courtlistener.com/api/rest/v4/courts/ohnd/?format=json","court_id":"ohnd","original_court_info":null,"idb_data":null,"clusters":["https://www.courtlistener.com/api/rest/v4/clusters/9903540/?format=json","https://www.courtlistener.com/api/rest/v4/clusters/9903732/?format=json","https://www.courtlistener.com/api/rest/v4/clusters/9903341/?format=json"],"audio_files":[],"assig

--- docket=18732000 call#5717 ---
URL: https://www.courtlistener.com/api/rest/v4/dockets/18732000/?format=json
Status: 200
Body: {"resource_uri":"https://www.courtlistener.com/api/rest/v4/dockets/18732000/?format=json","id":18732000,"court":"https://www.courtlistener.com/api/rest/v4/courts/ohnd/?format=json","court_id":"ohnd","original_court_info":null,"idb_data":null,"clusters":["https://www.courtlistener.com/api/rest/v4/clusters/9903198/?format=json","https://www.courtlistener.com/api/rest/v4/clusters/9906805/?format=json"],"audio_files":[],"assigned_to":null,"referred_to":null,"bankruptcy_information":null,"absolute_ur

--- docket=18703533 call#5718 ---
URL: https://www.courtlistener.com/api/rest/v4/dockets/18703533/?format=json
Status: 200
Body: {"resource_uri":"https://www.courtlistener.com/api/rest/v4/dockets/18703533/?format=json","id":18703533,"court":"https://www.courtlistener.com/api/rest/v4/courts/nysd/?format=json","court_id":"nysd","original_court_info":null,"idb_data":null,"clusters":["https://www.courtlistener.com/api/rest/v4/clusters/9877307/?format=json"],"audio_files":[],"assigned_to":"https://www.courtlistener.com/api/rest/v4/people/794/?format=json","referred_to":"https://www.courtlistener.com/api/rest/v4/people/9452/?fo

--- docket=18702523 call#5719 ---
URL: https://www.courtlistener.com/api/rest/v4/dockets/18702523/?format=json
Status: 200
Body: {"resource_uri":"https://www.courtlistener.com/api/rest/v4/dockets/18702523/?format=json","id":18702523,"court":"https://www.courtlistener.com/api/rest/v4/courts/prd/?format=json","court_id":"prd","original_court_info":null,"idb_data":null,"clusters":["https://www.courtlistener.com/api/rest/v4/clusters/10201855/?format=json"],"audio_files":[],"assigned_to":"https://www.courtlistener.com/api/rest/v4/people/852/?format=json","referred_to":null,"bankruptcy_information":null,"absolute_url":"/docket/

--- docket=15840922 call#5720 ---
URL: https://www.courtlistener.com/api/rest/v4/dockets/15840922/?format=json
Status: 200
Body: {"resource_uri":"https://www.courtlistener.com/api/rest/v4/dockets/15840922/?format=json","id":15840922,"court":"https://www.courtlistener.com/api/rest/v4/courts/nysd/?format=json","court_id":"nysd","original_court_info":null,"idb_data":{"resource_uri":"https://www.courtlistener.com/api/rest/v4/fjc-integrated-database/25839383/?format=json","date_created":"2020-08-27T04:21:21.883895-07:00","date_modified":"2022-01-28T11:35:49.998648-08:00","dataset_source":9,"office":"1","docket_number":"1905998

--- docket=15871397 call#5721 ---
URL: https://www.courtlistener.com/api/rest/v4/dockets/15871397/?format=json
Status: 200
Body: {"resource_uri":"https://www.courtlistener.com/api/rest/v4/dockets/15871397/?format=json","id":15871397,"court":"https://www.courtlistener.com/api/rest/v4/courts/nysd/?format=json","court_id":"nysd","original_court_info":null,"idb_data":{"resource_uri":"https://www.courtlistener.com/api/rest/v4/fjc-integrated-database/25839264/?format=json","date_created":"2020-08-27T04:21:19.602896-07:00","date_modified":"2022-01-28T11:35:50.801381-08:00","dataset_source":9,"office":"1","docket_number":"1906180

--- docket=15840712 call#5722 ---
URL: https://www.courtlistener.com/api/rest/v4/dockets/15840712/?format=json
Status: 200
Body: {"resource_uri":"https://www.courtlistener.com/api/rest/v4/dockets/15840712/?format=json","id":15840712,"court":"https://www.courtlistener.com/api/rest/v4/courts/cacd/?format=json","court_id":"cacd","original_court_info":null,"idb_data":{"resource_uri":"https://www.courtlistener.com/api/rest/v4/fjc-integrated-database/25580947/?format=json","date_created":"2020-08-27T01:54:49.863186-07:00","date_modified":"2022-01-28T13:47:27.077992-08:00","dataset_source":9,"office":"2","docket_number":"1905568

--- docket=15819924 call#5723 ---
URL: https://www.courtlistener.com/api/rest/v4/dockets/15819924/?format=json
Status: 200
Body: {"resource_uri":"https://www.courtlistener.com/api/rest/v4/dockets/15819924/?format=json","id":15819924,"court":"https://www.courtlistener.com/api/rest/v4/courts/nysd/?format=json","court_id":"nysd","original_court_info":null,"idb_data":{"resource_uri":"https://www.courtlistener.com/api/rest/v4/fjc-integrated-database/25839477/?format=json","date_created":"2020-08-27T04:21:26.026428-07:00","date_modified":"2022-01-28T09:56:06.045356-08:00","dataset_source":9,"office":"1","docket_number":"1905854

--- docket=15832532 call#5724 ---
URL: https://www.courtlistener.com/api/rest/v4/dockets/15832532/?format=json
Status: 200
Body: {"resource_uri":"https://www.courtlistener.com/api/rest/v4/dockets/15832532/?format=json","id":15832532,"court":"https://www.courtlistener.com/api/rest/v4/courts/azd/?format=json","court_id":"azd","original_court_info":null,"idb_data":null,"clusters":["https://www.courtlistener.com/api/rest/v4/clusters/9531812/?format=json"],"audio_files":[],"assigned_to":"https://www.courtlistener.com/api/rest/v4/people/3034/?format=json","referred_to":null,"bankruptcy_information":null,"absolute_url":"/docket/

--- docket=15894079 call#5725 ---
URL: https://www.courtlistener.com/api/rest/v4/dockets/15894079/?format=json
Status: 200
Body: {"resource_uri":"https://www.courtlistener.com/api/rest/v4/dockets/15894079/?format=json","id":15894079,"court":"https://www.courtlistener.com/api/rest/v4/courts/nyed/?format=json","court_id":"nyed","original_court_info":null,"idb_data":{"resource_uri":"https://www.courtlistener.com/api/rest/v4/fjc-integrated-database/25851190/?format=json","date_created":"2020-08-27T04:28:16.407925-07:00","date_modified":"2022-01-28T11:30:18.664810-08:00","dataset_source":9,"office":"1","docket_number":"1903949

--- docket=4262853 call#5726 ---
URL: https://www.courtlistener.com/api/rest/v4/dockets/4262853/?format=json
Status: 200
Body: {"resource_uri":"https://www.courtlistener.com/api/rest/v4/dockets/4262853/?format=json","id":4262853,"court":"https://www.courtlistener.com/api/rest/v4/courts/ilnd/?format=json","court_id":"ilnd","original_court_info":null,"idb_data":{"resource_uri":"https://www.courtlistener.com/api/rest/v4/fjc-integrated-database/24862984/?format=json","date_created":"2018-11-21T10:27:32.237593-08:00","date_modified":"2022-01-28T13:11:50.690090-08:00","dataset_source":9,"office":"1","docket_number":"1503187",

--- docket=4262928 call#5727 ---
URL: https://www.courtlistener.com/api/rest/v4/dockets/4262928/?format=json
Status: 200
Body: {"resource_uri":"https://www.courtlistener.com/api/rest/v4/dockets/4262928/?format=json","id":4262928,"court":"https://www.courtlistener.com/api/rest/v4/courts/ilnd/?format=json","court_id":"ilnd","original_court_info":null,"idb_data":{"resource_uri":"https://www.courtlistener.com/api/rest/v4/fjc-integrated-database/24863356/?format=json","date_created":"2018-11-21T10:27:32.282749-08:00","date_modified":"2022-01-28T07:20:24.687351-08:00","dataset_source":9,"office":"1","docket_number":"1504693",

--- docket=4263048 call#5728 ---
URL: https://www.courtlistener.com/api/rest/v4/dockets/4263048/?format=json
Status: 200
Body: {"resource_uri":"https://www.courtlistener.com/api/rest/v4/dockets/4263048/?format=json","id":4263048,"court":"https://www.courtlistener.com/api/rest/v4/courts/ilnd/?format=json","court_id":"ilnd","original_court_info":null,"idb_data":{"resource_uri":"https://www.courtlistener.com/api/rest/v4/fjc-integrated-database/25927958/?format=json","date_created":"2020-08-27T05:32:04.141253-07:00","date_modified":"2022-01-28T09:03:04.910665-08:00","dataset_source":9,"office":"1","docket_number":"1506605",

--- docket=15862414 call#5729 ---
URL: https://www.courtlistener.com/api/rest/v4/dockets/15862414/?format=json
Status: 200
Body: {"resource_uri":"https://www.courtlistener.com/api/rest/v4/dockets/15862414/?format=json","id":15862414,"court":"https://www.courtlistener.com/api/rest/v4/courts/nysd/?format=json","court_id":"nysd","original_court_info":null,"idb_data":{"resource_uri":"https://www.courtlistener.com/api/rest/v4/fjc-integrated-database/25839293/?format=json","date_created":"2020-08-27T04:21:20.160767-07:00","date_modified":"2022-01-28T11:35:50.486589-08:00","dataset_source":9,"office":"1","docket_number":"1906137

--- docket=4265683 call#5730 ---
URL: https://www.courtlistener.com/api/rest/v4/dockets/4265683/?format=json
Status: 200
Body: {"resource_uri":"https://www.courtlistener.com/api/rest/v4/dockets/4265683/?format=json","id":4265683,"court":"https://www.courtlistener.com/api/rest/v4/courts/innd/?format=json","court_id":"innd","original_court_info":null,"idb_data":{"resource_uri":"https://www.courtlistener.com/api/rest/v4/fjc-integrated-database/24892477/?format=json","date_created":"2018-11-21T10:30:15.030631-08:00","date_modified":"2022-01-28T09:07:28.353310-08:00","dataset_source":9,"office":"1","docket_number":"1600146",

--- docket=4276030 call#5731 ---
URL: https://www.courtlistener.com/api/rest/v4/dockets/4276030/?format=json
Status: 200
Body: {"resource_uri":"https://www.courtlistener.com/api/rest/v4/dockets/4276030/?format=json","id":4276030,"court":"https://www.courtlistener.com/api/rest/v4/courts/mad/?format=json","court_id":"mad","original_court_info":null,"idb_data":{"resource_uri":"https://www.courtlistener.com/api/rest/v4/fjc-integrated-database/24478475/?format=json","date_created":"2018-11-21T09:47:42.479036-08:00","date_modified":"2022-01-28T08:05:11.193858-08:00","dataset_source":9,"office":"1","docket_number":"1513042","o

--- docket=4276233 call#5732 ---
URL: https://www.courtlistener.com/api/rest/v4/dockets/4276233/?format=json
Status: 200
Body: {"resource_uri":"https://www.courtlistener.com/api/rest/v4/dockets/4276233/?format=json","id":4276233,"court":"https://www.courtlistener.com/api/rest/v4/courts/mad/?format=json","court_id":"mad","original_court_info":null,"idb_data":{"resource_uri":"https://www.courtlistener.com/api/rest/v4/fjc-integrated-database/24478760/?format=json","date_created":"2018-11-21T09:47:47.927862-08:00","date_modified":"2022-01-28T08:05:12.226638-08:00","dataset_source":9,"office":"1","docket_number":"1514109","o

--- docket=4276394 call#5733 ---
URL: https://www.courtlistener.com/api/rest/v4/dockets/4276394/?format=json
Status: 200
Body: {"resource_uri":"https://www.courtlistener.com/api/rest/v4/dockets/4276394/?format=json","id":4276394,"court":"https://www.courtlistener.com/api/rest/v4/courts/mad/?format=json","court_id":"mad","original_court_info":null,"idb_data":{"resource_uri":"https://www.courtlistener.com/api/rest/v4/fjc-integrated-database/24479063/?format=json","date_created":"2018-11-21T09:47:47.965769-08:00","date_modified":"2022-01-28T11:23:25.943029-08:00","dataset_source":9,"office":"1","docket_number":"1610874","o

--- docket=4276408 call#5734 ---
URL: https://www.courtlistener.com/api/rest/v4/dockets/4276408/?format=json
Status: 200
Body: {"resource_uri":"https://www.courtlistener.com/api/rest/v4/dockets/4276408/?format=json","id":4276408,"court":"https://www.courtlistener.com/api/rest/v4/courts/mad/?format=json","court_id":"mad","original_court_info":null,"idb_data":{"resource_uri":"https://www.courtlistener.com/api/rest/v4/fjc-integrated-database/24479084/?format=json","date_created":"2018-11-21T09:47:47.968363-08:00","date_modified":"2022-01-28T11:23:26.035604-08:00","dataset_source":9,"office":"1","docket_number":"1610960","o

--- docket=4276429 call#5735 ---
URL: https://www.courtlistener.com/api/rest/v4/dockets/4276429/?format=json
Status: 200
Body: {"resource_uri":"https://www.courtlistener.com/api/rest/v4/dockets/4276429/?format=json","id":4276429,"court":"https://www.courtlistener.com/api/rest/v4/courts/mad/?format=json","court_id":"mad","original_court_info":null,"idb_data":{"resource_uri":"https://www.courtlistener.com/api/rest/v4/fjc-integrated-database/24479129/?format=json","date_created":"2018-11-21T09:47:47.973959-08:00","date_modified":"2022-01-28T09:49:38.552176-08:00","dataset_source":9,"office":"1","docket_number":"1611106","o

--- docket=4292836 call#5736 ---
URL: https://www.courtlistener.com/api/rest/v4/dockets/4292836/?format=json
Status: 200
Body: {"resource_uri":"https://www.courtlistener.com/api/rest/v4/dockets/4292836/?format=json","id":4292836,"court":"https://www.courtlistener.com/api/rest/v4/courts/mied/?format=json","court_id":"mied","original_court_info":null,"idb_data":{"resource_uri":"https://www.courtlistener.com/api/rest/v4/fjc-integrated-database/24324606/?format=json","date_created":"2018-11-21T09:32:25.683485-08:00","date_modified":"2022-01-28T05:40:22.983379-08:00","dataset_source":9,"office":"2","docket_number":"1610089",

--- docket=4312153 call#5737 ---
URL: https://www.courtlistener.com/api/rest/v4/dockets/4312153/?format=json
Status: 200
Body: {"resource_uri":"https://www.courtlistener.com/api/rest/v4/dockets/4312153/?format=json","id":4312153,"court":"https://www.courtlistener.com/api/rest/v4/courts/njd/?format=json","court_id":"njd","original_court_info":null,"idb_data":{"resource_uri":"https://www.courtlistener.com/api/rest/v4/fjc-integrated-database/24557892/?format=json","date_created":"2018-11-21T09:56:19.425347-08:00","date_modified":"2022-01-28T11:46:00.709828-08:00","dataset_source":9,"office":"2","docket_number":"1506076","o

--- docket=4312405 call#5738 ---
URL: https://www.courtlistener.com/api/rest/v4/dockets/4312405/?format=json
Status: 200
Body: {"resource_uri":"https://www.courtlistener.com/api/rest/v4/dockets/4312405/?format=json","id":4312405,"court":"https://www.courtlistener.com/api/rest/v4/courts/njd/?format=json","court_id":"njd","original_court_info":null,"idb_data":{"resource_uri":"https://www.courtlistener.com/api/rest/v4/fjc-integrated-database/24558485/?format=json","date_created":"2018-11-21T09:56:19.512149-08:00","date_modified":"2022-01-28T11:46:03.398567-08:00","dataset_source":9,"office":"2","docket_number":"1602271","o

--- docket=4324869 call#5739 ---
URL: https://www.courtlistener.com/api/rest/v4/dockets/4324869/?format=json
Status: 200
Body: {"resource_uri":"https://www.courtlistener.com/api/rest/v4/dockets/4324869/?format=json","id":4324869,"court":"https://www.courtlistener.com/api/rest/v4/courts/nyed/?format=json","court_id":"nyed","original_court_info":null,"idb_data":{"resource_uri":"https://www.courtlistener.com/api/rest/v4/fjc-integrated-database/24511964/?format=json","date_created":"2018-11-21T09:50:58.591403-08:00","date_modified":"2022-01-28T08:10:19.176929-08:00","dataset_source":9,"office":"2","docket_number":"1505933",

--- docket=4355422 call#5740 ---
URL: https://www.courtlistener.com/api/rest/v4/dockets/4355422/?format=json
Status: 200
Body: {"resource_uri":"https://www.courtlistener.com/api/rest/v4/dockets/4355422/?format=json","id":4355422,"court":"https://www.courtlistener.com/api/rest/v4/courts/nysd/?format=json","court_id":"nysd","original_court_info":null,"idb_data":{"resource_uri":"https://www.courtlistener.com/api/rest/v4/fjc-integrated-database/24519008/?format=json","date_created":"2018-11-21T09:51:40.777107-08:00","date_modified":"2022-01-28T09:54:48.500974-08:00","dataset_source":9,"office":"1","docket_number":"1504860",

--- docket=4355584 call#5741 ---
URL: https://www.courtlistener.com/api/rest/v4/dockets/4355584/?format=json
Status: 200
Body: {"resource_uri":"https://www.courtlistener.com/api/rest/v4/dockets/4355584/?format=json","id":4355584,"court":"https://www.courtlistener.com/api/rest/v4/courts/nysd/?format=json","court_id":"nysd","original_court_info":null,"idb_data":{"resource_uri":"https://www.courtlistener.com/api/rest/v4/fjc-integrated-database/24200709/?format=json","date_created":"2018-11-21T09:11:49.111193-08:00","date_modified":"2022-01-28T05:01:39.019546-08:00","dataset_source":9,"office":"1","docket_number":"1505844",

--- docket=4355951 call#5742 ---
URL: https://www.courtlistener.com/api/rest/v4/dockets/4355951/?format=json
Status: 200
Body: {"resource_uri":"https://www.courtlistener.com/api/rest/v4/dockets/4355951/?format=json","id":4355951,"court":"https://www.courtlistener.com/api/rest/v4/courts/nysd/?format=json","court_id":"nysd","original_court_info":null,"idb_data":{"resource_uri":"https://www.courtlistener.com/api/rest/v4/fjc-integrated-database/24519420/?format=json","date_created":"2018-11-21T09:51:40.858338-08:00","date_modified":"2022-01-28T11:34:26.341483-08:00","dataset_source":9,"office":"1","docket_number":"1508061",

--- docket=4357108 call#5743 ---
URL: https://www.courtlistener.com/api/rest/v4/dockets/4357108/?format=json
Status: 200
Body: {"resource_uri":"https://www.courtlistener.com/api/rest/v4/dockets/4357108/?format=json","id":4357108,"court":"https://www.courtlistener.com/api/rest/v4/courts/nysd/?format=json","court_id":"nysd","original_court_info":null,"idb_data":{"resource_uri":"https://www.courtlistener.com/api/rest/v4/fjc-integrated-database/24520378/?format=json","date_created":"2018-11-21T09:51:46.388485-08:00","date_modified":"2022-01-28T11:34:30.270157-08:00","dataset_source":9,"office":"1","docket_number":"1603591",

--- docket=4357324 call#5744 ---
URL: https://www.courtlistener.com/api/rest/v4/dockets/4357324/?format=json
Status: 200
Body: {"resource_uri":"https://www.courtlistener.com/api/rest/v4/dockets/4357324/?format=json","id":4357324,"court":"https://www.courtlistener.com/api/rest/v4/courts/nysd/?format=json","court_id":"nysd","original_court_info":null,"idb_data":{"resource_uri":"https://www.courtlistener.com/api/rest/v4/fjc-integrated-database/24520615/?format=json","date_created":"2018-11-21T09:51:51.892468-08:00","date_modified":"2022-01-28T11:34:31.316598-08:00","dataset_source":9,"office":"1","docket_number":"1604584",

--- docket=4360716 call#5745 ---
URL: https://www.courtlistener.com/api/rest/v4/dockets/4360716/?format=json
Status: 200
Body: {"resource_uri":"https://www.courtlistener.com/api/rest/v4/dockets/4360716/?format=json","id":4360716,"court":"https://www.courtlistener.com/api/rest/v4/courts/ohnd/?format=json","court_id":"ohnd","original_court_info":null,"idb_data":{"resource_uri":"https://www.courtlistener.com/api/rest/v4/fjc-integrated-database/24839880/?format=json","date_created":"2018-11-21T10:25:22.883282-08:00","date_modified":"2022-01-28T10:32:57.535473-08:00","dataset_source":9,"office":"3","docket_number":"1601106",

--- docket=4363763 call#5746 ---
URL: https://www.courtlistener.com/api/rest/v4/dockets/4363763/?format=json
Status: 200
Body: {"resource_uri":"https://www.courtlistener.com/api/rest/v4/dockets/4363763/?format=json","id":4363763,"court":"https://www.courtlistener.com/api/rest/v4/courts/ohsd/?format=json","court_id":"ohsd","original_court_info":null,"idb_data":{"resource_uri":"https://www.courtlistener.com/api/rest/v4/fjc-integrated-database/24842445/?format=json","date_created":"2018-11-21T10:25:34.340152-08:00","date_modified":"2022-01-28T08:58:51.703789-08:00","dataset_source":9,"office":"1","docket_number":"1500699",

--- docket=4366305 call#5747 ---
URL: https://www.courtlistener.com/api/rest/v4/dockets/4366305/?format=json
Status: 200
Body: {"resource_uri":"https://www.courtlistener.com/api/rest/v4/dockets/4366305/?format=json","id":4366305,"court":"https://www.courtlistener.com/api/rest/v4/courts/ord/?format=json","court_id":"ord","original_court_info":null,"idb_data":{"resource_uri":"https://www.courtlistener.com/api/rest/v4/fjc-integrated-database/25025952/?format=json","date_created":"2018-11-21T10:42:55.494013-08:00","date_modified":"2022-01-28T13:58:55.747556-08:00","dataset_source":9,"office":"3","docket_number":"1600438","o

--- docket=4366308 call#5748 ---
URL: https://www.courtlistener.com/api/rest/v4/dockets/4366308/?format=json
Status: 200
Body: {"resource_uri":"https://www.courtlistener.com/api/rest/v4/dockets/4366308/?format=json","id":4366308,"court":"https://www.courtlistener.com/api/rest/v4/courts/ord/?format=json","court_id":"ord","original_court_info":null,"idb_data":{"resource_uri":"https://www.courtlistener.com/api/rest/v4/fjc-integrated-database/24419184/?format=json","date_created":"2018-11-21T09:41:59.714318-08:00","date_modified":"2022-01-28T06:12:20.547927-08:00","dataset_source":9,"office":"3","docket_number":"1600483","o

--- docket=4387775 call#5749 ---
URL: https://www.courtlistener.com/api/rest/v4/dockets/4387775/?format=json
Status: 200
Body: {"resource_uri":"https://www.courtlistener.com/api/rest/v4/dockets/4387775/?format=json","id":4387775,"court":"https://www.courtlistener.com/api/rest/v4/courts/txed/?format=json","court_id":"txed","original_court_info":null,"idb_data":{"resource_uri":"https://www.courtlistener.com/api/rest/v4/fjc-integrated-database/24307087/?format=json","date_created":"2018-11-21T09:29:39.732293-08:00","date_modified":"2022-01-28T05:34:35.613704-08:00","dataset_source":9,"office":"4","docket_number":"1500338",

--- docket=4413268 call#5750 ---
URL: https://www.courtlistener.com/api/rest/v4/dockets/4413268/?format=json
Status: 200
Body: {"resource_uri":"https://www.courtlistener.com/api/rest/v4/dockets/4413268/?format=json","id":4413268,"court":"https://www.courtlistener.com/api/rest/v4/courts/wied/?format=json","court_id":"wied","original_court_info":null,"idb_data":{"resource_uri":"https://www.courtlistener.com/api/rest/v4/fjc-integrated-database/24908690/?format=json","date_created":"2018-11-21T10:31:52.487872-08:00","date_modified":"2022-01-28T07:26:46.604015-08:00","dataset_source":9,"office":"2","docket_number":"1600621",

--- docket=4489798 call#5751 ---
URL: https://www.courtlistener.com/api/rest/v4/dockets/4489798/?format=json
Status: 200
Body: {"resource_uri":"https://www.courtlistener.com/api/rest/v4/dockets/4489798/?format=json","id":4489798,"court":"https://www.courtlistener.com/api/rest/v4/courts/azd/?format=json","court_id":"azd","original_court_info":null,"idb_data":{"resource_uri":"https://www.courtlistener.com/api/rest/v4/fjc-integrated-database/24382180/?format=json","date_created":"2018-11-21T09:38:18.305283-08:00","date_modified":"2022-01-28T05:59:19.709379-08:00","dataset_source":9,"office":"2","docket_number":"1603461","o

--- docket=4492368 call#5752 ---
URL: https://www.courtlistener.com/api/rest/v4/dockets/4492368/?format=json
Status: 200
Body: {"resource_uri":"https://www.courtlistener.com/api/rest/v4/dockets/4492368/?format=json","id":4492368,"court":"https://www.courtlistener.com/api/rest/v4/courts/cacd/?format=json","court_id":"cacd","original_court_info":null,"idb_data":{"resource_uri":"https://www.courtlistener.com/api/rest/v4/fjc-integrated-database/24983257/?format=json","date_created":"2018-11-21T10:38:49.891301-08:00","date_modified":"2022-01-28T13:46:53.088159-08:00","dataset_source":9,"office":"2","docket_number":"1603250",

--- docket=4496549 call#5753 ---
URL: https://www.courtlistener.com/api/rest/v4/dockets/4496549/?format=json
Status: 200
Body: {"resource_uri":"https://www.courtlistener.com/api/rest/v4/dockets/4496549/?format=json","id":4496549,"court":"https://www.courtlistener.com/api/rest/v4/courts/casd/?format=json","court_id":"casd","original_court_info":null,"idb_data":{"resource_uri":"https://www.courtlistener.com/api/rest/v4/fjc-integrated-database/25008291/?format=json","date_created":"2018-11-21T10:41:12.695963-08:00","date_modified":"2022-01-28T13:54:13.663735-08:00","dataset_source":9,"office":"3","docket_number":"1602054",

--- docket=4507441 call#5754 ---
URL: https://www.courtlistener.com/api/rest/v4/dockets/4507441/?format=json
Status: 200
Body: {"resource_uri":"https://www.courtlistener.com/api/rest/v4/dockets/4507441/?format=json","id":4507441,"court":"https://www.courtlistener.com/api/rest/v4/courts/ilnd/?format=json","court_id":"ilnd","original_court_info":null,"idb_data":{"resource_uri":"https://www.courtlistener.com/api/rest/v4/fjc-integrated-database/24862689/?format=json","date_created":"2018-11-21T10:27:32.184784-08:00","date_modified":"2022-01-28T07:20:21.252196-08:00","dataset_source":9,"office":"1","docket_number":"1501944",

--- docket=4510598 call#5755 ---
URL: https://www.courtlistener.com/api/rest/v4/dockets/4510598/?format=json
Status: 200
Body: {"resource_uri":"https://www.courtlistener.com/api/rest/v4/dockets/4510598/?format=json","id":4510598,"court":"https://www.courtlistener.com/api/rest/v4/courts/laed/?format=json","court_id":"laed","original_court_info":null,"idb_data":{"resource_uri":"https://www.courtlistener.com/api/rest/v4/fjc-integrated-database/24719197/?format=json","date_created":"2018-11-21T10:13:22.209196-08:00","date_modified":"2022-01-28T10:14:48.692874-08:00","dataset_source":9,"office":"2","docket_number":"1502451",

--- docket=4512118 call#5756 ---
URL: https://www.courtlistener.com/api/rest/v4/dockets/4512118/?format=json
Status: 200
Body: {"resource_uri":"https://www.courtlistener.com/api/rest/v4/dockets/4512118/?format=json","id":4512118,"court":"https://www.courtlistener.com/api/rest/v4/courts/mad/?format=json","court_id":"mad","original_court_info":null,"idb_data":{"resource_uri":"https://www.courtlistener.com/api/rest/v4/fjc-integrated-database/24479347/?format=json","date_created":"2018-11-21T09:47:48.001179-08:00","date_modified":"2022-01-28T08:05:16.102446-08:00","dataset_source":9,"office":"1","docket_number":"1611745","o

--- docket=4512169 call#5757 ---
URL: https://www.courtlistener.com/api/rest/v4/dockets/4512169/?format=json
Status: 200
Body: {"resource_uri":"https://www.courtlistener.com/api/rest/v4/dockets/4512169/?format=json","id":4512169,"court":"https://www.courtlistener.com/api/rest/v4/courts/mad/?format=json","court_id":"mad","original_court_info":null,"idb_data":{"resource_uri":"https://www.courtlistener.com/api/rest/v4/fjc-integrated-database/24479413/?format=json","date_created":"2018-11-21T09:47:48.009257-08:00","date_modified":"2022-01-28T06:30:49.117534-08:00","dataset_source":9,"office":"1","docket_number":"1611943","o

--- docket=4517039 call#5758 ---
URL: https://www.courtlistener.com/api/rest/v4/dockets/4517039/?format=json
Status: 200
Body: {"resource_uri":"https://www.courtlistener.com/api/rest/v4/dockets/4517039/?format=json","id":4517039,"court":"https://www.courtlistener.com/api/rest/v4/courts/ndd/?format=json","court_id":"ndd","original_court_info":null,"idb_data":{"resource_uri":"https://www.courtlistener.com/api/rest/v4/fjc-integrated-database/24942291/?format=json","date_created":"2018-11-21T10:34:59.593153-08:00","date_modified":"2022-01-28T13:34:24.469685-08:00","dataset_source":9,"office":"1","docket_number":"1600339","o

--- docket=4521202 call#5759 ---
URL: https://www.courtlistener.com/api/rest/v4/dockets/4521202/?format=json
Status: 200
Body: {"resource_uri":"https://www.courtlistener.com/api/rest/v4/dockets/4521202/?format=json","id":4521202,"court":"https://www.courtlistener.com/api/rest/v4/courts/nyed/?format=json","court_id":"nyed","original_court_info":null,"idb_data":{"resource_uri":"https://www.courtlistener.com/api/rest/v4/fjc-integrated-database/24198442/?format=json","date_created":"2018-11-21T09:11:25.625203-08:00","date_modified":"2022-01-28T05:00:43.162658-08:00","dataset_source":9,"office":"2","docket_number":"1604757",

--- docket=4523073 call#5760 ---
URL: https://www.courtlistener.com/api/rest/v4/dockets/4523073/?format=json
Status: 200
Body: {"resource_uri":"https://www.courtlistener.com/api/rest/v4/dockets/4523073/?format=json","id":4523073,"court":"https://www.courtlistener.com/api/rest/v4/courts/nysd/?format=json","court_id":"nysd","original_court_info":null,"idb_data":{"resource_uri":"https://www.courtlistener.com/api/rest/v4/fjc-integrated-database/24518753/?format=json","date_created":"2018-11-21T09:51:40.745476-08:00","date_modified":"2022-01-28T11:34:23.511150-08:00","dataset_source":9,"office":"1","docket_number":"1502106",

--- docket=4524622 call#5761 ---
URL: https://www.courtlistener.com/api/rest/v4/dockets/4524622/?format=json
Status: 200
Body: {"resource_uri":"https://www.courtlistener.com/api/rest/v4/dockets/4524622/?format=json","id":4524622,"court":"https://www.courtlistener.com/api/rest/v4/courts/nysd/?format=json","court_id":"nysd","original_court_info":null,"idb_data":{"resource_uri":"https://www.courtlistener.com/api/rest/v4/fjc-integrated-database/24521486/?format=json","date_created":"2018-11-21T09:51:52.008097-08:00","date_modified":"2022-01-28T09:54:54.900125-08:00","dataset_source":9,"office":"1","docket_number":"1607544",

--- docket=4527146 call#5762 ---
URL: https://www.courtlistener.com/api/rest/v4/dockets/4527146/?format=json
Status: 200
Body: {"resource_uri":"https://www.courtlistener.com/api/rest/v4/dockets/4527146/?format=json","id":4527146,"court":"https://www.courtlistener.com/api/rest/v4/courts/okwd/?format=json","court_id":"okwd","original_court_info":null,"idb_data":{"resource_uri":"https://www.courtlistener.com/api/rest/v4/fjc-integrated-database/24142554/?format=json","date_created":"2018-11-21T08:58:52.647194-08:00","date_modified":"2022-01-28T04:42:10.020316-08:00","dataset_source":9,"office":"5","docket_number":"1500634",

--- docket=4530353 call#5763 ---
URL: https://www.courtlistener.com/api/rest/v4/dockets/4530353/?format=json
Status: 200
Body: {"resource_uri":"https://www.courtlistener.com/api/rest/v4/dockets/4530353/?format=json","id":4530353,"court":"https://www.courtlistener.com/api/rest/v4/courts/tnmd/?format=json","court_id":"tnmd","original_court_info":null,"idb_data":{"resource_uri":"https://www.courtlistener.com/api/rest/v4/fjc-integrated-database/24854984/?format=json","date_created":"2018-11-21T10:26:46.446585-08:00","date_modified":"2022-01-28T13:09:54.545854-08:00","dataset_source":9,"office":"3","docket_number":"1602267",

--- docket=4542905 call#5764 ---
URL: https://www.courtlistener.com/api/rest/v4/dockets/4542905/?format=json
Status: 200
Body: {"resource_uri":"https://www.courtlistener.com/api/rest/v4/dockets/4542905/?format=json","id":4542905,"court":"https://www.courtlistener.com/api/rest/v4/courts/flsd/?format=json","court_id":"flsd","original_court_info":null,"idb_data":{"resource_uri":"https://www.courtlistener.com/api/rest/v4/fjc-integrated-database/25098608/?format=json","date_created":"2018-11-21T10:49:48.214155-08:00","date_modified":"2022-01-28T15:44:48.084136-08:00","dataset_source":9,"office":"9","docket_number":"1681871",

--- docket=4554305 call#5765 ---
URL: https://www.courtlistener.com/api/rest/v4/dockets/4554305/?format=json
Status: 200
Body: {"resource_uri":"https://www.courtlistener.com/api/rest/v4/dockets/4554305/?format=json","id":4554305,"court":"https://www.courtlistener.com/api/rest/v4/courts/casd/?format=json","court_id":"casd","original_court_info":null,"idb_data":{"resource_uri":"https://www.courtlistener.com/api/rest/v4/fjc-integrated-database/25008618/?format=json","date_created":"2018-11-21T10:41:18.181142-08:00","date_modified":"2022-01-28T13:54:14.980261-08:00","dataset_source":9,"office":"3","docket_number":"1603044",

--- docket=4554330 call#5766 ---
URL: https://www.courtlistener.com/api/rest/v4/dockets/4554330/?format=json
Status: 200
Body: {"resource_uri":"https://www.courtlistener.com/api/rest/v4/dockets/4554330/?format=json","id":4554330,"court":"https://www.courtlistener.com/api/rest/v4/courts/njd/?format=json","court_id":"njd","original_court_info":null,"idb_data":{"resource_uri":"https://www.courtlistener.com/api/rest/v4/fjc-integrated-database/24559330/?format=json","date_created":"2018-11-21T09:57:01.678759-08:00","date_modified":"2022-01-28T10:01:20.685819-08:00","dataset_source":9,"office":"2","docket_number":"1609279","o

--- docket=4557735 call#5767 ---
URL: https://www.courtlistener.com/api/rest/v4/dockets/4557735/?format=json
Status: 200
Body: {"resource_uri":"https://www.courtlistener.com/api/rest/v4/dockets/4557735/?format=json","id":4557735,"court":"https://www.courtlistener.com/api/rest/v4/courts/cod/?format=json","court_id":"cod","original_court_info":null,"idb_data":{"resource_uri":"https://www.courtlistener.com/api/rest/v4/fjc-integrated-database/25037958/?format=json","date_created":"2018-11-21T10:44:04.788511-08:00","date_modified":"2022-01-28T11:05:00.181307-08:00","dataset_source":9,"office":"1","docket_number":"1603162","o

--- docket=4568363 call#5768 ---
URL: https://www.courtlistener.com/api/rest/v4/dockets/4568363/?format=json
Status: 502
Body: <!DOCTYPE html>
<html lang="en"><head>
<meta http-equiv="content-type" content="text/html; charset=UTF-8">
  <meta charset="utf-8">
  <meta http-equiv="Content-Language" content="en">
  <meta name="language" content="en_us">
  <meta name="viewport" content="width=device-width,initial-scale=1">
  <link href="/errors_5xx/error-assets/font-awesome.css" rel="stylesheet">

  <title>Yikes, something went wrong â CourtListener.com</title>

  <link rel="stylesheet" href="/errors_5xx/error-assets/boots

--- docket=4568363 call#5768 ---
URL: https://www.courtlistener.com/api/rest/v4/dockets/4568363/?format=json
Status: 200
Body: {"resource_uri":"https://www.courtlistener.com/api/rest/v4/dockets/4568363/?format=json","id":4568363,"court":"https://www.courtlistener.com/api/rest/v4/courts/ctd/?format=json","court_id":"ctd","original_court_info":null,"idb_data":{"resource_uri":"https://www.courtlistener.com/api/rest/v4/fjc-integrated-database/24492724/?format=json","date_created":"2018-11-21T09:49:07.251390-08:00","date_modified":"2022-01-28T11:27:24.707978-08:00","dataset_source":9,"office":"3","docket_number":"1602127","o

--- docket=4569150 call#5769 ---
URL: https://www.courtlistener.com/api/rest/v4/dockets/4569150/?format=json
Status: 200
Body: {"resource_uri":"https://www.courtlistener.com/api/rest/v4/dockets/4569150/?format=json","id":4569150,"court":"https://www.courtlistener.com/api/rest/v4/courts/casd/?format=json","court_id":"casd","original_court_info":null,"idb_data":{"resource_uri":"https://www.courtlistener.com/api/rest/v4/fjc-integrated-database/25008687/?format=json","date_created":"2018-11-21T10:41:18.189681-08:00","date_modified":"2022-01-28T10:59:42.280250-08:00","dataset_source":9,"office":"3","docket_number":"1700079",

--- docket=4569906 call#5770 ---
URL: https://www.courtlistener.com/api/rest/v4/dockets/4569906/?format=json
Status: 200
Body: {"resource_uri":"https://www.courtlistener.com/api/rest/v4/dockets/4569906/?format=json","id":4569906,"court":"https://www.courtlistener.com/api/rest/v4/courts/arwd/?format=json","court_id":"arwd","original_court_info":null,"idb_data":{"resource_uri":"https://www.courtlistener.com/api/rest/v4/fjc-integrated-database/24367267/?format=json","date_created":"2018-11-21T09:36:51.676282-08:00","date_modified":"2022-01-28T05:54:19.435949-08:00","dataset_source":9,"office":"5","docket_number":"1605340",

--- docket=4569932 call#5771 ---
URL: https://www.courtlistener.com/api/rest/v4/dockets/4569932/?format=json
Status: 200
Body: {"resource_uri":"https://www.courtlistener.com/api/rest/v4/dockets/4569932/?format=json","id":4569932,"court":"https://www.courtlistener.com/api/rest/v4/courts/cod/?format=json","court_id":"cod","original_court_info":null,"idb_data":{"resource_uri":"https://www.courtlistener.com/api/rest/v4/fjc-integrated-database/25037756/?format=json","date_created":"2018-11-21T10:44:04.753738-08:00","date_modified":"2022-01-28T07:47:59.588492-08:00","dataset_source":9,"office":"1","docket_number":"1602611","o

--- docket=4576232 call#5772 ---
URL: https://www.courtlistener.com/api/rest/v4/dockets/4576232/?format=json
Status: 200
Body: {"resource_uri":"https://www.courtlistener.com/api/rest/v4/dockets/4576232/?format=json","id":4576232,"court":"https://www.courtlistener.com/api/rest/v4/courts/ilnd/?format=json","court_id":"ilnd","original_court_info":null,"idb_data":{"resource_uri":"https://www.courtlistener.com/api/rest/v4/fjc-integrated-database/24867450/?format=json","date_created":"2018-11-21T10:27:54.344822-08:00","date_modified":"2022-01-28T10:35:59.184320-08:00","dataset_source":9,"office":"1","docket_number":"1603885",

--- docket=4576756 call#5773 ---
URL: https://www.courtlistener.com/api/rest/v4/dockets/4576756/?format=json
Status: 200
Body: {"resource_uri":"https://www.courtlistener.com/api/rest/v4/dockets/4576756/?format=json","id":4576756,"court":"https://www.courtlistener.com/api/rest/v4/courts/paed/?format=json","court_id":"paed","original_court_info":null,"idb_data":{"resource_uri":"https://www.courtlistener.com/api/rest/v4/fjc-integrated-database/24590007/?format=json","date_created":"2018-11-21T09:59:57.387716-08:00","date_modified":"2022-01-28T12:07:30.193685-08:00","dataset_source":9,"office":"2","docket_number":"1700341",

--- docket=4580660 call#5774 ---
URL: https://www.courtlistener.com/api/rest/v4/dockets/4580660/?format=json
Status: 200
Body: {"resource_uri":"https://www.courtlistener.com/api/rest/v4/dockets/4580660/?format=json","id":4580660,"court":"https://www.courtlistener.com/api/rest/v4/courts/casd/?format=json","court_id":"casd","original_court_info":null,"idb_data":{"resource_uri":"https://www.courtlistener.com/api/rest/v4/fjc-integrated-database/25008734/?format=json","date_created":"2018-11-21T10:41:18.195538-08:00","date_modified":"2022-01-28T13:54:15.233528-08:00","dataset_source":9,"office":"3","docket_number":"1700182",

--- docket=4580673 call#5775 ---
URL: https://www.courtlistener.com/api/rest/v4/dockets/4580673/?format=json
Status: 200
Body: {"resource_uri":"https://www.courtlistener.com/api/rest/v4/dockets/4580673/?format=json","id":4580673,"court":"https://www.courtlistener.com/api/rest/v4/courts/cod/?format=json","court_id":"cod","original_court_info":null,"idb_data":{"resource_uri":"https://www.courtlistener.com/api/rest/v4/fjc-integrated-database/25038074/?format=json","date_created":"2018-11-21T10:44:04.805971-08:00","date_modified":"2022-01-28T14:02:52.786108-08:00","dataset_source":9,"office":"1","docket_number":"1700304","o

--- docket=4583131 call#5776 ---
URL: https://www.courtlistener.com/api/rest/v4/dockets/4583131/?format=json
Status: 200
Body: {"resource_uri":"https://www.courtlistener.com/api/rest/v4/dockets/4583131/?format=json","id":4583131,"court":"https://www.courtlistener.com/api/rest/v4/courts/nysd/?format=json","court_id":"nysd","original_court_info":null,"idb_data":{"resource_uri":"https://www.courtlistener.com/api/rest/v4/fjc-integrated-database/24522641/?format=json","date_created":"2018-11-21T09:52:03.169120-08:00","date_modified":"2022-01-28T11:34:37.802556-08:00","dataset_source":9,"office":"1","docket_number":"1700916",

--- docket=4585144 call#5777 ---
URL: https://www.courtlistener.com/api/rest/v4/dockets/4585144/?format=json
Status: 200
Body: {"resource_uri":"https://www.courtlistener.com/api/rest/v4/dockets/4585144/?format=json","id":4585144,"court":"https://www.courtlistener.com/api/rest/v4/courts/njd/?format=json","court_id":"njd","original_court_info":null,"idb_data":{"resource_uri":"https://www.courtlistener.com/api/rest/v4/fjc-integrated-database/24559614/?format=json","date_created":"2018-11-21T09:57:07.509282-08:00","date_modified":"2022-01-28T11:46:07.462212-08:00","dataset_source":9,"office":"2","docket_number":"1700929","o

--- docket=4613802 call#5778 ---
URL: https://www.courtlistener.com/api/rest/v4/dockets/4613802/?format=json
Status: 200
Body: {"resource_uri":"https://www.courtlistener.com/api/rest/v4/dockets/4613802/?format=json","id":4613802,"court":"https://www.courtlistener.com/api/rest/v4/courts/ilnd/?format=json","court_id":"ilnd","original_court_info":null,"idb_data":{"resource_uri":"https://www.courtlistener.com/api/rest/v4/fjc-integrated-database/24871225/?format=json","date_created":"2018-11-21T10:28:17.020791-08:00","date_modified":"2022-01-28T09:03:26.416999-08:00","dataset_source":9,"office":"1","docket_number":"1701713",

--- docket=4621536 call#5779 ---
URL: https://www.courtlistener.com/api/rest/v4/dockets/4621536/?format=json
Status: 200
Body: {"resource_uri":"https://www.courtlistener.com/api/rest/v4/dockets/4621536/?format=json","id":4621536,"court":"https://www.courtlistener.com/api/rest/v4/courts/njd/?format=json","court_id":"njd","original_court_info":null,"idb_data":{"resource_uri":"https://www.courtlistener.com/api/rest/v4/fjc-integrated-database/24559859/?format=json","date_created":"2018-11-21T09:57:07.540154-08:00","date_modified":"2022-01-28T11:46:08.589401-08:00","dataset_source":9,"office":"2","docket_number":"1701882","o

--- docket=4669932 call#5780 ---
URL: https://www.courtlistener.com/api/rest/v4/dockets/4669932/?format=json
Status: 200
Body: {"resource_uri":"https://www.courtlistener.com/api/rest/v4/dockets/4669932/?format=json","id":4669932,"court":"https://www.courtlistener.com/api/rest/v4/courts/casd/?format=json","court_id":"casd","original_court_info":null,"idb_data":{"resource_uri":"https://www.courtlistener.com/api/rest/v4/fjc-integrated-database/25007731/?format=json","date_created":"2018-11-21T10:41:12.626922-08:00","date_modified":"2022-01-28T07:42:53.853741-08:00","dataset_source":9,"office":"3","docket_number":"1502324",

--- docket=15820319 call#5781 ---
URL: https://www.courtlistener.com/api/rest/v4/dockets/15820319/?format=json
Status: 200
Body: {"resource_uri":"https://www.courtlistener.com/api/rest/v4/dockets/15820319/?format=json","id":15820319,"court":"https://www.courtlistener.com/api/rest/v4/courts/azd/?format=json","court_id":"azd","original_court_info":null,"idb_data":{"resource_uri":"https://www.courtlistener.com/api/rest/v4/fjc-integrated-database/25606142/?format=json","date_created":"2020-08-27T02:08:07.985505-07:00","date_modified":"2022-01-28T13:36:01.180066-08:00","dataset_source":9,"office":"2","docket_number":"1904529",

--- docket=15884814 call#5782 ---
URL: https://www.courtlistener.com/api/rest/v4/dockets/15884814/?format=json
Status: 200
Body: {"resource_uri":"https://www.courtlistener.com/api/rest/v4/dockets/15884814/?format=json","id":15884814,"court":"https://www.courtlistener.com/api/rest/v4/courts/nvd/?format=json","court_id":"nvd","original_court_info":null,"idb_data":{"resource_uri":"https://www.courtlistener.com/api/rest/v4/fjc-integrated-database/25557562/?format=json","date_created":"2020-08-27T01:44:36.225682-07:00","date_modified":"2022-01-28T13:57:07.927300-08:00","dataset_source":9,"office":"2","docket_number":"1901132",

--- docket=15809815 call#5783 ---
URL: https://www.courtlistener.com/api/rest/v4/dockets/15809815/?format=json
Status: 200
Body: {"resource_uri":"https://www.courtlistener.com/api/rest/v4/dockets/15809815/?format=json","id":15809815,"court":"https://www.courtlistener.com/api/rest/v4/courts/azd/?format=json","court_id":"azd","original_court_info":null,"idb_data":{"resource_uri":"https://www.courtlistener.com/api/rest/v4/fjc-integrated-database/25606157/?format=json","date_created":"2020-08-27T02:08:08.255469-07:00","date_modified":"2022-01-28T10:49:28.767101-08:00","dataset_source":9,"office":"2","docket_number":"1904510",

--- docket=15826644 call#5784 ---
URL: https://www.courtlistener.com/api/rest/v4/dockets/15826644/?format=json
Status: 200
Body: {"resource_uri":"https://www.courtlistener.com/api/rest/v4/dockets/15826644/?format=json","id":15826644,"court":"https://www.courtlistener.com/api/rest/v4/courts/nysd/?format=json","court_id":"nysd","original_court_info":null,"idb_data":{"resource_uri":"https://www.courtlistener.com/api/rest/v4/fjc-integrated-database/25839441/?format=json","date_created":"2020-08-27T04:21:22.982694-07:00","date_modified":"2022-01-28T09:56:06.569948-08:00","dataset_source":9,"office":"1","docket_number":"1905913

--- docket=69045306 call#5785 ---
URL: https://www.courtlistener.com/api/rest/v4/dockets/69045306/?format=json
Status: 200
Body: {"resource_uri":"https://www.courtlistener.com/api/rest/v4/dockets/69045306/?format=json","id":69045306,"court":"https://www.courtlistener.com/api/rest/v4/courts/flmd/?format=json","court_id":"flmd","original_court_info":null,"idb_data":null,"clusters":["https://www.courtlistener.com/api/rest/v4/clusters/10619085/?format=json"],"audio_files":[],"assigned_to":"https://www.courtlistener.com/api/rest/v4/people/15318/?format=json","referred_to":null,"bankruptcy_information":null,"absolute_url":"/doc

--- docket=69075094 call#5786 ---
URL: https://www.courtlistener.com/api/rest/v4/dockets/69075094/?format=json
Status: 200
Body: {"resource_uri":"https://www.courtlistener.com/api/rest/v4/dockets/69075094/?format=json","id":69075094,"court":"https://www.courtlistener.com/api/rest/v4/courts/utd/?format=json","court_id":"utd","original_court_info":null,"idb_data":null,"clusters":["https://www.courtlistener.com/api/rest/v4/clusters/10650012/?format=json","https://www.courtlistener.com/api/rest/v4/clusters/10374032/?format=json"],"audio_files":[],"assigned_to":"https://www.courtlistener.com/api/rest/v4/people/524/?format=json

--- docket=66678711 call#5787 ---
URL: https://www.courtlistener.com/api/rest/v4/dockets/66678711/?format=json
Status: 200
Body: {"resource_uri":"https://www.courtlistener.com/api/rest/v4/dockets/66678711/?format=json","id":66678711,"court":"https://www.courtlistener.com/api/rest/v4/courts/ded/?format=json","court_id":"ded","original_court_info":null,"idb_data":null,"clusters":["https://www.courtlistener.com/api/rest/v4/clusters/9636135/?format=json","https://www.courtlistener.com/api/rest/v4/clusters/9636138/?format=json"],"audio_files":[],"assigned_to":null,"referred_to":null,"bankruptcy_information":null,"absolute_url"

--- docket=69919804 call#5788 ---
URL: https://www.courtlistener.com/api/rest/v4/dockets/69919804/?format=json
Status: 200
Body: {"resource_uri":"https://www.courtlistener.com/api/rest/v4/dockets/69919804/?format=json","id":69919804,"court":"https://www.courtlistener.com/api/rest/v4/courts/nysd/?format=json","court_id":"nysd","original_court_info":null,"idb_data":null,"clusters":["https://www.courtlistener.com/api/rest/v4/clusters/10580587/?format=json","https://www.courtlistener.com/api/rest/v4/clusters/10710947/?format=json"],"audio_files":[],"assigned_to":"https://www.courtlistener.com/api/rest/v4/people/2045/?format=j

--- docket=68102139 call#5789 ---
URL: https://www.courtlistener.com/api/rest/v4/dockets/68102139/?format=json
Status: 200
Body: {"resource_uri":"https://www.courtlistener.com/api/rest/v4/dockets/68102139/?format=json","id":68102139,"court":"https://www.courtlistener.com/api/rest/v4/courts/nysd/?format=json","court_id":"nysd","original_court_info":null,"idb_data":null,"clusters":["https://www.courtlistener.com/api/rest/v4/clusters/10195650/?format=json"],"audio_files":[],"assigned_to":"https://www.courtlistener.com/api/rest/v4/people/2867/?format=json","referred_to":null,"bankruptcy_information":null,"absolute_url":"/dock

--- docket=62984109 call#5790 ---
URL: https://www.courtlistener.com/api/rest/v4/dockets/62984109/?format=json
Status: 200
Body: {"resource_uri":"https://www.courtlistener.com/api/rest/v4/dockets/62984109/?format=json","id":62984109,"court":"https://www.courtlistener.com/api/rest/v4/courts/cand/?format=json","court_id":"cand","original_court_info":null,"idb_data":null,"clusters":["https://www.courtlistener.com/api/rest/v4/clusters/10172284/?format=json"],"audio_files":[],"assigned_to":"https://www.courtlistener.com/api/rest/v4/people/604/?format=json","referred_to":"https://www.courtlistener.com/api/rest/v4/people/9091/?f

--- docket=8023247 call#5791 ---
URL: https://www.courtlistener.com/api/rest/v4/dockets/8023247/?format=json
Status: 200
Body: {"resource_uri":"https://www.courtlistener.com/api/rest/v4/dockets/8023247/?format=json","id":8023247,"court":"https://www.courtlistener.com/api/rest/v4/courts/casd/?format=json","court_id":"casd","original_court_info":null,"idb_data":{"resource_uri":"https://www.courtlistener.com/api/rest/v4/fjc-integrated-database/25564466/?format=json","date_created":"2020-08-27T01:48:00.385287-07:00","date_modified":"2022-01-28T13:54:22.519356-08:00","dataset_source":9,"office":"3","docket_number":"1802287",

--- docket=17038997 call#5792 ---
URL: https://www.courtlistener.com/api/rest/v4/dockets/17038997/?format=json
Status: 200
Body: {"resource_uri":"https://www.courtlistener.com/api/rest/v4/dockets/17038997/?format=json","id":17038997,"court":"https://www.courtlistener.com/api/rest/v4/courts/txsd/?format=json","court_id":"txsd","original_court_info":null,"idb_data":{"resource_uri":"https://www.courtlistener.com/api/rest/v4/fjc-integrated-database/25701110/?format=json","date_created":"2020-08-27T02:56:51.081270-07:00","date_modified":"2022-01-28T12:50:02.608891-08:00","dataset_source":9,"office":"4","docket_number":"2001187

--- docket=18745871 call#5793 ---
URL: https://www.courtlistener.com/api/rest/v4/dockets/18745871/?format=json
Status: 200
Body: {"resource_uri":"https://www.courtlistener.com/api/rest/v4/dockets/18745871/?format=json","id":18745871,"court":"https://www.courtlistener.com/api/rest/v4/courts/nysd/?format=json","court_id":"nysd","original_court_info":null,"idb_data":null,"clusters":["https://www.courtlistener.com/api/rest/v4/clusters/10282068/?format=json"],"audio_files":[],"assigned_to":"https://www.courtlistener.com/api/rest/v4/people/2174/?format=json","referred_to":null,"bankruptcy_information":null,"absolute_url":"/dock

--- docket=63308487 call#5794 ---
URL: https://www.courtlistener.com/api/rest/v4/dockets/63308487/?format=json
Status: 200
Body: {"resource_uri":"https://www.courtlistener.com/api/rest/v4/dockets/63308487/?format=json","id":63308487,"court":"https://www.courtlistener.com/api/rest/v4/courts/nysd/?format=json","court_id":"nysd","original_court_info":null,"idb_data":null,"clusters":["https://www.courtlistener.com/api/rest/v4/clusters/9875149/?format=json"],"audio_files":[],"assigned_to":"https://www.courtlistener.com/api/rest/v4/people/1702/?format=json","referred_to":null,"bankruptcy_information":null,"absolute_url":"/docke

--- docket=6330419 call#5795 ---
URL: https://www.courtlistener.com/api/rest/v4/dockets/6330419/?format=json
Status: 200
Body: {"resource_uri":"https://www.courtlistener.com/api/rest/v4/dockets/6330419/?format=json","id":6330419,"court":"https://www.courtlistener.com/api/rest/v4/courts/nyed/?format=json","court_id":"nyed","original_court_info":null,"idb_data":{"resource_uri":"https://www.courtlistener.com/api/rest/v4/fjc-integrated-database/24508349/?format=json","date_created":"2018-11-21T09:50:33.076321-08:00","date_modified":"2022-01-28T09:52:45.526023-08:00","dataset_source":9,"office":"1","docket_number":"1801492",

--- docket=71269688 call#5796 ---
URL: https://www.courtlistener.com/api/rest/v4/dockets/71269688/?format=json
Status: 200
Body: {"resource_uri":"https://www.courtlistener.com/api/rest/v4/dockets/71269688/?format=json","id":71269688,"court":"https://www.courtlistener.com/api/rest/v4/courts/miwd/?format=json","court_id":"miwd","original_court_info":null,"idb_data":null,"clusters":["https://www.courtlistener.com/api/rest/v4/clusters/10715322/?format=json"],"audio_files":[],"assigned_to":null,"referred_to":"https://www.courtlistener.com/api/rest/v4/people/9320/?format=json","bankruptcy_information":null,"absolute_url":"/dock

--- docket=15935809 call#5797 ---
URL: https://www.courtlistener.com/api/rest/v4/dockets/15935809/?format=json
Status: 200
Body: {"resource_uri":"https://www.courtlistener.com/api/rest/v4/dockets/15935809/?format=json","id":15935809,"court":"https://www.courtlistener.com/api/rest/v4/courts/nysd/?format=json","court_id":"nysd","original_court_info":null,"idb_data":{"resource_uri":"https://www.courtlistener.com/api/rest/v4/fjc-integrated-database/25838907/?format=json","date_created":"2020-08-27T04:21:12.811385-07:00","date_modified":"2022-01-28T09:56:13.540424-08:00","dataset_source":9,"office":"1","docket_number":"1906703

--- docket=68871275 call#5798 ---
URL: https://www.courtlistener.com/api/rest/v4/dockets/68871275/?format=json
Status: 200
Body: {"resource_uri":"https://www.courtlistener.com/api/rest/v4/dockets/68871275/?format=json","id":68871275,"court":"https://www.courtlistener.com/api/rest/v4/courts/nysd/?format=json","court_id":"nysd","original_court_info":null,"idb_data":null,"clusters":["https://www.courtlistener.com/api/rest/v4/clusters/10195741/?format=json"],"audio_files":[],"assigned_to":"https://www.courtlistener.com/api/rest/v4/people/15332/?format=json","referred_to":"https://www.courtlistener.com/api/rest/v4/people/9437/

--- docket=68067927 call#5799 ---
URL: https://www.courtlistener.com/api/rest/v4/dockets/68067927/?format=json
Status: 200
Body: {"resource_uri":"https://www.courtlistener.com/api/rest/v4/dockets/68067927/?format=json","id":68067927,"court":"https://www.courtlistener.com/api/rest/v4/courts/nyed/?format=json","court_id":"nyed","original_court_info":null,"idb_data":null,"clusters":["https://www.courtlistener.com/api/rest/v4/clusters/9844537/?format=json"],"audio_files":[],"assigned_to":"https://www.courtlistener.com/api/rest/v4/people/2080/?format=json","referred_to":null,"bankruptcy_information":null,"absolute_url":"/docke

--- docket=15926303 call#5800 ---
URL: https://www.courtlistener.com/api/rest/v4/dockets/15926303/?format=json
Status: 200
Body: {"resource_uri":"https://www.courtlistener.com/api/rest/v4/dockets/15926303/?format=json","id":15926303,"court":"https://www.courtlistener.com/api/rest/v4/courts/cacd/?format=json","court_id":"cacd","original_court_info":null,"idb_data":{"resource_uri":"https://www.courtlistener.com/api/rest/v4/fjc-integrated-database/25580585/?format=json","date_created":"2020-08-27T01:54:41.592627-07:00","date_modified":"2022-01-28T13:47:28.683702-08:00","dataset_source":9,"office":"2","docket_number":"1906111

--- docket=15988562 call#5801 ---
URL: https://www.courtlistener.com/api/rest/v4/dockets/15988562/?format=json
Status: 200
Body: {"resource_uri":"https://www.courtlistener.com/api/rest/v4/dockets/15988562/?format=json","id":15988562,"court":"https://www.courtlistener.com/api/rest/v4/courts/nysd/?format=json","court_id":"nysd","original_court_info":null,"idb_data":{"resource_uri":"https://www.courtlistener.com/api/rest/v4/fjc-integrated-database/25838606/?format=json","date_created":"2020-08-27T04:20:56.494648-07:00","date_modified":"2022-01-28T11:35:55.120182-08:00","dataset_source":9,"office":"1","docket_number":"1907118

--- docket=15911294 call#5802 ---
URL: https://www.courtlistener.com/api/rest/v4/dockets/15911294/?format=json
Status: 200
Body: {"resource_uri":"https://www.courtlistener.com/api/rest/v4/dockets/15911294/?format=json","id":15911294,"court":"https://www.courtlistener.com/api/rest/v4/courts/njd/?format=json","court_id":"njd","original_court_info":null,"idb_data":{"resource_uri":"https://www.courtlistener.com/api/rest/v4/fjc-integrated-database/25805540/?format=json","date_created":"2020-08-27T04:05:01.558336-07:00","date_modified":"2022-01-28T11:50:31.885206-08:00","dataset_source":9,"office":"2","docket_number":"1915053",

--- docket=68894482 call#5803 ---
URL: https://www.courtlistener.com/api/rest/v4/dockets/68894482/?format=json
Status: 200
Body: {"resource_uri":"https://www.courtlistener.com/api/rest/v4/dockets/68894482/?format=json","id":68894482,"court":"https://www.courtlistener.com/api/rest/v4/courts/cand/?format=json","court_id":"cand","original_court_info":null,"idb_data":null,"clusters":["https://www.courtlistener.com/api/rest/v4/clusters/10173212/?format=json"],"audio_files":[],"assigned_to":"https://www.courtlistener.com/api/rest/v4/people/596/?format=json","referred_to":null,"bankruptcy_information":null,"absolute_url":"/docke

--- docket=15904805 call#5804 ---
URL: https://www.courtlistener.com/api/rest/v4/dockets/15904805/?format=json
Status: 200
Body: {"resource_uri":"https://www.courtlistener.com/api/rest/v4/dockets/15904805/?format=json","id":15904805,"court":"https://www.courtlistener.com/api/rest/v4/courts/nysd/?format=json","court_id":"nysd","original_court_info":null,"idb_data":{"resource_uri":"https://www.courtlistener.com/api/rest/v4/fjc-integrated-database/25839127/?format=json","date_created":"2020-08-27T04:21:17.044186-07:00","date_modified":"2022-01-28T11:35:51.713116-08:00","dataset_source":9,"office":"1","docket_number":"1906388

--- docket=15969790 call#5805 ---
URL: https://www.courtlistener.com/api/rest/v4/dockets/15969790/?format=json
Status: 200
Body: {"resource_uri":"https://www.courtlistener.com/api/rest/v4/dockets/15969790/?format=json","id":15969790,"court":"https://www.courtlistener.com/api/rest/v4/courts/nysd/?format=json","court_id":"nysd","original_court_info":null,"idb_data":{"resource_uri":"https://www.courtlistener.com/api/rest/v4/fjc-integrated-database/25838705/?format=json","date_created":"2020-08-27T04:20:58.442806-07:00","date_modified":"2022-01-28T11:35:54.491517-08:00","dataset_source":9,"office":"1","docket_number":"1906976

--- docket=17337898 call#5806 ---
URL: https://www.courtlistener.com/api/rest/v4/dockets/17337898/?format=json
Status: 200
Body: {"resource_uri":"https://www.courtlistener.com/api/rest/v4/dockets/17337898/?format=json","id":17337898,"court":"https://www.courtlistener.com/api/rest/v4/courts/nyed/?format=json","court_id":"nyed","original_court_info":null,"idb_data":null,"clusters":["https://www.courtlistener.com/api/rest/v4/clusters/9837942/?format=json"],"audio_files":[],"assigned_to":null,"referred_to":"https://www.courtlistener.com/api/rest/v4/people/15377/?format=json","bankruptcy_information":null,"absolute_url":"/dock

--- docket=68117687 call#5807 ---
URL: https://www.courtlistener.com/api/rest/v4/dockets/68117687/?format=json
Status: 200
Body: {"resource_uri":"https://www.courtlistener.com/api/rest/v4/dockets/68117687/?format=json","id":68117687,"court":"https://www.courtlistener.com/api/rest/v4/courts/cand/?format=json","court_id":"cand","original_court_info":null,"idb_data":null,"clusters":["https://www.courtlistener.com/api/rest/v4/clusters/9611426/?format=json","https://www.courtlistener.com/api/rest/v4/clusters/10368729/?format=json"],"audio_files":[],"assigned_to":"https://www.courtlistener.com/api/rest/v4/people/2899/?format=js

--- docket=67480383 call#5808 ---
URL: https://www.courtlistener.com/api/rest/v4/dockets/67480383/?format=json
Status: 200
Body: {"resource_uri":"https://www.courtlistener.com/api/rest/v4/dockets/67480383/?format=json","id":67480383,"court":"https://www.courtlistener.com/api/rest/v4/courts/cand/?format=json","court_id":"cand","original_court_info":null,"idb_data":null,"clusters":["https://www.courtlistener.com/api/rest/v4/clusters/10172070/?format=json","https://www.courtlistener.com/api/rest/v4/clusters/10693081/?format=json"],"audio_files":[],"assigned_to":"https://www.courtlistener.com/api/rest/v4/people/1206/?format=j

--- docket=68177150 call#5809 ---
URL: https://www.courtlistener.com/api/rest/v4/dockets/68177150/?format=json
Status: 200
Body: {"resource_uri":"https://www.courtlistener.com/api/rest/v4/dockets/68177150/?format=json","id":68177150,"court":"https://www.courtlistener.com/api/rest/v4/courts/njd/?format=json","court_id":"njd","original_court_info":null,"idb_data":null,"clusters":["https://www.courtlistener.com/api/rest/v4/clusters/10189340/?format=json","https://www.courtlistener.com/api/rest/v4/clusters/10294840/?format=json"],"audio_files":[],"assigned_to":"https://www.courtlistener.com/api/rest/v4/people/2955/?format=jso

--- docket=70551564 call#5810 ---
URL: https://www.courtlistener.com/api/rest/v4/dockets/70551564/?format=json
Status: 200
Body: {"resource_uri":"https://www.courtlistener.com/api/rest/v4/dockets/70551564/?format=json","id":70551564,"court":"https://www.courtlistener.com/api/rest/v4/courts/ctd/?format=json","court_id":"ctd","original_court_info":null,"idb_data":null,"clusters":["https://www.courtlistener.com/api/rest/v4/clusters/10633917/?format=json"],"audio_files":[],"assigned_to":"https://www.courtlistener.com/api/rest/v4/people/3209/?format=json","referred_to":null,"bankruptcy_information":null,"absolute_url":"/docket

--- docket=6162051 call#5811 ---
URL: https://www.courtlistener.com/api/rest/v4/dockets/6162051/?format=json
Status: 200
Body: {"resource_uri":"https://www.courtlistener.com/api/rest/v4/dockets/6162051/?format=json","id":6162051,"court":"https://www.courtlistener.com/api/rest/v4/courts/casd/?format=json","court_id":"casd","original_court_info":null,"idb_data":{"resource_uri":"https://www.courtlistener.com/api/rest/v4/fjc-integrated-database/25008710/?format=json","date_created":"2018-11-21T10:41:18.192553-08:00","date_modified":"2022-01-28T13:54:15.194999-08:00","dataset_source":9,"office":"3","docket_number":"1700121",

--- docket=65399959 call#5812 ---
URL: https://www.courtlistener.com/api/rest/v4/dockets/65399959/?format=json
Status: 200
Body: {"resource_uri":"https://www.courtlistener.com/api/rest/v4/dockets/65399959/?format=json","id":65399959,"court":"https://www.courtlistener.com/api/rest/v4/courts/nysd/?format=json","court_id":"nysd","original_court_info":null,"idb_data":null,"clusters":["https://www.courtlistener.com/api/rest/v4/clusters/9878587/?format=json","https://www.courtlistener.com/api/rest/v4/clusters/9878645/?format=json"],"audio_files":[],"assigned_to":"https://www.courtlistener.com/api/rest/v4/people/3144/?format=jso

--- docket=16065704 call#5813 ---
URL: https://www.courtlistener.com/api/rest/v4/dockets/16065704/?format=json
Status: 200
Body: {"resource_uri":"https://www.courtlistener.com/api/rest/v4/dockets/16065704/?format=json","id":16065704,"court":"https://www.courtlistener.com/api/rest/v4/courts/rid/?format=json","court_id":"rid","original_court_info":null,"idb_data":{"resource_uri":"https://www.courtlistener.com/api/rest/v4/fjc-integrated-database/25860843/?format=json","date_created":"2020-08-27T04:33:51.272492-07:00","date_modified":"2022-01-28T11:26:25.435632-08:00","dataset_source":9,"office":"1","docket_number":"1900434",

--- docket=69780911 call#5814 ---
URL: https://www.courtlistener.com/api/rest/v4/dockets/69780911/?format=json
Status: 200
Body: {"resource_uri":"https://www.courtlistener.com/api/rest/v4/dockets/69780911/?format=json","id":69780911,"court":"https://www.courtlistener.com/api/rest/v4/courts/cand/?format=json","court_id":"cand","original_court_info":null,"idb_data":null,"clusters":["https://www.courtlistener.com/api/rest/v4/clusters/10619602/?format=json","https://www.courtlistener.com/api/rest/v4/clusters/10701147/?format=json"],"audio_files":[],"assigned_to":"https://www.courtlistener.com/api/rest/v4/people/9086/?format=j

--- docket=68371316 call#5815 ---
URL: https://www.courtlistener.com/api/rest/v4/dockets/68371316/?format=json
Status: 200
Body: {"resource_uri":"https://www.courtlistener.com/api/rest/v4/dockets/68371316/?format=json","id":68371316,"court":"https://www.courtlistener.com/api/rest/v4/courts/nynd/?format=json","court_id":"nynd","original_court_info":null,"idb_data":null,"clusters":["https://www.courtlistener.com/api/rest/v4/clusters/10282576/?format=json"],"audio_files":[],"assigned_to":"https://www.courtlistener.com/api/rest/v4/people/783/?format=json","referred_to":"https://www.courtlistener.com/api/rest/v4/people/9436/?f

--- docket=20623375 call#5816 ---
URL: https://www.courtlistener.com/api/rest/v4/dockets/20623375/?format=json
Status: 200
Body: {"resource_uri":"https://www.courtlistener.com/api/rest/v4/dockets/20623375/?format=json","id":20623375,"court":"https://www.courtlistener.com/api/rest/v4/courts/txed/?format=json","court_id":"txed","original_court_info":null,"idb_data":null,"clusters":["https://www.courtlistener.com/api/rest/v4/clusters/9978303/?format=json"],"audio_files":[],"assigned_to":"https://www.courtlistener.com/api/rest/v4/people/14410/?format=json","referred_to":null,"bankruptcy_information":null,"absolute_url":"/dock

--- docket=7768884 call#5817 ---
URL: https://www.courtlistener.com/api/rest/v4/dockets/7768884/?format=json
Status: 200
Body: {"resource_uri":"https://www.courtlistener.com/api/rest/v4/dockets/7768884/?format=json","id":7768884,"court":"https://www.courtlistener.com/api/rest/v4/courts/mdd/?format=json","court_id":"mdd","original_court_info":null,"idb_data":{"resource_uri":"https://www.courtlistener.com/api/rest/v4/fjc-integrated-database/24614034/?format=json","date_created":"2018-11-21T10:03:10.815784-08:00","date_modified":"2022-01-28T12:14:50.037263-08:00","dataset_source":9,"office":"1","docket_number":"1802496","o

--- docket=16013541 call#5818 ---
URL: https://www.courtlistener.com/api/rest/v4/dockets/16013541/?format=json
Status: 200
Body: {"resource_uri":"https://www.courtlistener.com/api/rest/v4/dockets/16013541/?format=json","id":16013541,"court":"https://www.courtlistener.com/api/rest/v4/courts/njd/?format=json","court_id":"njd","original_court_info":null,"idb_data":{"resource_uri":"https://www.courtlistener.com/api/rest/v4/fjc-integrated-database/25805121/?format=json","date_created":"2020-08-27T04:04:53.281014-07:00","date_modified":"2022-01-28T11:50:38.003643-08:00","dataset_source":9,"office":"2","docket_number":"1916290",

--- docket=16070149 call#5819 ---
URL: https://www.courtlistener.com/api/rest/v4/dockets/16070149/?format=json
Status: 200
Body: {"resource_uri":"https://www.courtlistener.com/api/rest/v4/dockets/16070149/?format=json","id":16070149,"court":"https://www.courtlistener.com/api/rest/v4/courts/rid/?format=json","court_id":"rid","original_court_info":null,"idb_data":{"resource_uri":"https://www.courtlistener.com/api/rest/v4/fjc-integrated-database/25860840/?format=json","date_created":"2020-08-27T04:33:51.212091-07:00","date_modified":"2022-01-28T11:26:25.473345-08:00","dataset_source":9,"office":"1","docket_number":"1900437",

--- docket=5370627 call#5820 ---
URL: https://www.courtlistener.com/api/rest/v4/dockets/5370627/?format=json
Status: 200
Body: {"resource_uri":"https://www.courtlistener.com/api/rest/v4/dockets/5370627/?format=json","id":5370627,"court":"https://www.courtlistener.com/api/rest/v4/courts/wawd/?format=json","court_id":"wawd","original_court_info":null,"idb_data":{"resource_uri":"https://www.courtlistener.com/api/rest/v4/fjc-integrated-database/25031573/?format=json","date_created":"2018-11-21T10:43:29.983569-08:00","date_modified":"2022-01-28T14:00:42.076277-08:00","dataset_source":9,"office":"2","docket_number":"1601109",

--- docket=16003262 call#5821 ---
URL: https://www.courtlistener.com/api/rest/v4/dockets/16003262/?format=json
Status: 200
Body: {"resource_uri":"https://www.courtlistener.com/api/rest/v4/dockets/16003262/?format=json","id":16003262,"court":"https://www.courtlistener.com/api/rest/v4/courts/nysd/?format=json","court_id":"nysd","original_court_info":null,"idb_data":{"resource_uri":"https://www.courtlistener.com/api/rest/v4/fjc-integrated-database/25838547/?format=json","date_created":"2020-08-27T04:20:55.355734-07:00","date_modified":"2022-01-28T11:35:55.481764-08:00","dataset_source":9,"office":"1","docket_number":"1907199

--- docket=16098772 call#5822 ---
URL: https://www.courtlistener.com/api/rest/v4/dockets/16098772/?format=json
Status: 200
Body: {"resource_uri":"https://www.courtlistener.com/api/rest/v4/dockets/16098772/?format=json","id":16098772,"court":"https://www.courtlistener.com/api/rest/v4/courts/nysd/?format=json","court_id":"nysd","original_court_info":null,"idb_data":{"resource_uri":"https://www.courtlistener.com/api/rest/v4/fjc-integrated-database/25838023/?format=json","date_created":"2020-08-27T04:20:41.564612-07:00","date_modified":"2022-01-28T09:56:26.718365-08:00","dataset_source":9,"office":"1","docket_number":"1907881

--- docket=5587183 call#5823 ---
URL: https://www.courtlistener.com/api/rest/v4/dockets/5587183/?format=json
Status: 200
Body: {"resource_uri":"https://www.courtlistener.com/api/rest/v4/dockets/5587183/?format=json","id":5587183,"court":"https://www.courtlistener.com/api/rest/v4/courts/almd/?format=json","court_id":"almd","original_court_info":null,"idb_data":{"resource_uri":"https://www.courtlistener.com/api/rest/v4/fjc-integrated-database/25062766/?format=json","date_created":"2018-11-21T10:46:25.528960-08:00","date_modified":"2022-01-28T11:09:08.229645-08:00","dataset_source":9,"office":"1","docket_number":"1500538",

--- docket=5595938 call#5824 ---
URL: https://www.courtlistener.com/api/rest/v4/dockets/5595938/?format=json
Status: 200
Body: {"resource_uri":"https://www.courtlistener.com/api/rest/v4/dockets/5595938/?format=json","id":5595938,"court":"https://www.courtlistener.com/api/rest/v4/courts/nysd/?format=json","court_id":"nysd","original_court_info":null,"idb_data":{"resource_uri":"https://www.courtlistener.com/api/rest/v4/fjc-integrated-database/24519886/?format=json","date_created":"2018-11-21T09:51:46.328773-08:00","date_modified":"2022-01-28T09:54:50.341532-08:00","dataset_source":9,"office":"1","docket_number":"1600828",

--- docket=5596984 call#5825 ---
URL: https://www.courtlistener.com/api/rest/v4/dockets/5596984/?format=json
Status: 200
Body: {"resource_uri":"https://www.courtlistener.com/api/rest/v4/dockets/5596984/?format=json","id":5596984,"court":"https://www.courtlistener.com/api/rest/v4/courts/nysd/?format=json","court_id":"nysd","original_court_info":null,"idb_data":{"resource_uri":"https://www.courtlistener.com/api/rest/v4/fjc-integrated-database/24200723/?format=json","date_created":"2018-11-21T09:11:49.113260-08:00","date_modified":"2022-01-28T05:01:39.403707-08:00","dataset_source":9,"office":"1","docket_number":"1505955",

--- docket=16040635 call#5826 ---
URL: https://www.courtlistener.com/api/rest/v4/dockets/16040635/?format=json
Status: 200
Body: {"resource_uri":"https://www.courtlistener.com/api/rest/v4/dockets/16040635/?format=json","id":16040635,"court":"https://www.courtlistener.com/api/rest/v4/courts/cacd/?format=json","court_id":"cacd","original_court_info":null,"idb_data":{"resource_uri":"https://www.courtlistener.com/api/rest/v4/fjc-integrated-database/25579985/?format=json","date_created":"2020-08-27T01:54:28.108865-07:00","date_modified":"2022-01-28T13:47:31.870939-08:00","dataset_source":9,"office":"2","docket_number":"1906947

--- docket=5640685 call#5827 ---
URL: https://www.courtlistener.com/api/rest/v4/dockets/5640685/?format=json
Status: 200
Body: {"resource_uri":"https://www.courtlistener.com/api/rest/v4/dockets/5640685/?format=json","id":5640685,"court":"https://www.courtlistener.com/api/rest/v4/courts/ilnd/?format=json","court_id":"ilnd","original_court_info":null,"idb_data":{"resource_uri":"https://www.courtlistener.com/api/rest/v4/fjc-integrated-database/24869458/?format=json","date_created":"2018-11-21T10:28:05.841036-08:00","date_modified":"2022-01-28T09:03:21.071770-08:00","dataset_source":9,"office":"1","docket_number":"1609747",

--- docket=4524748 call#5828 ---
URL: https://www.courtlistener.com/api/rest/v4/dockets/4524748/?format=json
Status: 200
Body: {"resource_uri":"https://www.courtlistener.com/api/rest/v4/dockets/4524748/?format=json","id":4524748,"court":"https://www.courtlistener.com/api/rest/v4/courts/nysd/?format=json","court_id":"nysd","original_court_info":null,"idb_data":{"resource_uri":"https://www.courtlistener.com/api/rest/v4/fjc-integrated-database/24521590/?format=json","date_created":"2018-11-21T09:51:57.554490-08:00","date_modified":"2022-01-28T11:34:34.675556-08:00","dataset_source":9,"office":"1","docket_number":"1607926",

--- docket=16014461 call#5829 ---
URL: https://www.courtlistener.com/api/rest/v4/dockets/16014461/?format=json
Status: 200
Body: {"resource_uri":"https://www.courtlistener.com/api/rest/v4/dockets/16014461/?format=json","id":16014461,"court":"https://www.courtlistener.com/api/rest/v4/courts/nyed/?format=json","court_id":"nyed","original_court_info":null,"idb_data":{"resource_uri":"https://www.courtlistener.com/api/rest/v4/fjc-integrated-database/25850873/?format=json","date_created":"2020-08-27T04:28:10.807586-07:00","date_modified":"2022-01-28T11:30:21.601469-08:00","dataset_source":9,"office":"1","docket_number":"1904486

--- docket=67430918 call#5830 ---
URL: https://www.courtlistener.com/api/rest/v4/dockets/67430918/?format=json
Status: 200
Body: {"resource_uri":"https://www.courtlistener.com/api/rest/v4/dockets/67430918/?format=json","id":67430918,"court":"https://www.courtlistener.com/api/rest/v4/courts/flmd/?format=json","court_id":"flmd","original_court_info":null,"idb_data":null,"clusters":["https://www.courtlistener.com/api/rest/v4/clusters/10294913/?format=json","https://www.courtlistener.com/api/rest/v4/clusters/9647186/?format=json","https://www.courtlistener.com/api/rest/v4/clusters/9649526/?format=json","https://www.courtliste

--- docket=67855997 call#5831 ---
URL: https://www.courtlistener.com/api/rest/v4/dockets/67855997/?format=json
Status: 200
Body: {"resource_uri":"https://www.courtlistener.com/api/rest/v4/dockets/67855997/?format=json","id":67855997,"court":"https://www.courtlistener.com/api/rest/v4/courts/njd/?format=json","court_id":"njd","original_court_info":null,"idb_data":null,"clusters":["https://www.courtlistener.com/api/rest/v4/clusters/10687524/?format=json"],"audio_files":[],"assigned_to":"https://www.courtlistener.com/api/rest/v4/people/3464/?format=json","referred_to":null,"bankruptcy_information":null,"absolute_url":"/docket

--- docket=5966278 call#5832 ---
URL: https://www.courtlistener.com/api/rest/v4/dockets/5966278/?format=json
Status: 200
Body: {"resource_uri":"https://www.courtlistener.com/api/rest/v4/dockets/5966278/?format=json","id":5966278,"court":"https://www.courtlistener.com/api/rest/v4/courts/caed/?format=json","court_id":"caed","original_court_info":null,"idb_data":{"resource_uri":"https://www.courtlistener.com/api/rest/v4/fjc-integrated-database/24971984/?format=json","date_created":"2018-11-21T10:37:48.301953-08:00","date_modified":"2022-01-28T13:43:53.508695-08:00","dataset_source":9,"office":"1","docket_number":"1600344",

--- docket=6026424 call#5833 ---
URL: https://www.courtlistener.com/api/rest/v4/dockets/6026424/?format=json
Status: 200
Body: {"resource_uri":"https://www.courtlistener.com/api/rest/v4/dockets/6026424/?format=json","id":6026424,"court":"https://www.courtlistener.com/api/rest/v4/courts/casd/?format=json","court_id":"casd","original_court_info":null,"idb_data":{"resource_uri":"https://www.courtlistener.com/api/rest/v4/fjc-integrated-database/25007764/?format=json","date_created":"2018-11-21T10:41:12.630890-08:00","date_modified":"2022-01-28T07:42:53.986258-08:00","dataset_source":9,"office":"3","docket_number":"1502486",

--- docket=6049890 call#5834 ---
URL: https://www.courtlistener.com/api/rest/v4/dockets/6049890/?format=json
Status: 200
Body: {"resource_uri":"https://www.courtlistener.com/api/rest/v4/dockets/6049890/?format=json","id":6049890,"court":"https://www.courtlistener.com/api/rest/v4/courts/nvd/?format=json","court_id":"nvd","original_court_info":null,"idb_data":{"resource_uri":"https://www.courtlistener.com/api/rest/v4/fjc-integrated-database/25017345/?format=json","date_created":"2018-11-21T10:42:03.771060-08:00","date_modified":"2022-01-28T11:01:41.028371-08:00","dataset_source":9,"office":"2","docket_number":"1500071","o

--- docket=6052451 call#5835 ---
URL: https://www.courtlistener.com/api/rest/v4/dockets/6052451/?format=json
Status: 200
Body: {"resource_uri":"https://www.courtlistener.com/api/rest/v4/dockets/6052451/?format=json","id":6052451,"court":"https://www.courtlistener.com/api/rest/v4/courts/nvd/?format=json","court_id":"nvd","original_court_info":null,"idb_data":{"resource_uri":"https://www.courtlistener.com/api/rest/v4/fjc-integrated-database/25017715/?format=json","date_created":"2018-11-21T10:42:09.133318-08:00","date_modified":"2022-01-28T11:01:42.387639-08:00","dataset_source":9,"office":"2","docket_number":"1502043","o

--- docket=6054706 call#5836 ---
URL: https://www.courtlistener.com/api/rest/v4/dockets/6054706/?format=json
Status: 200
Body: {"resource_uri":"https://www.courtlistener.com/api/rest/v4/dockets/6054706/?format=json","id":6054706,"court":"https://www.courtlistener.com/api/rest/v4/courts/nvd/?format=json","court_id":"nvd","original_court_info":null,"idb_data":{"resource_uri":"https://www.courtlistener.com/api/rest/v4/fjc-integrated-database/25018410/?format=json","date_created":"2018-11-21T10:42:09.220651-08:00","date_modified":"2022-01-28T09:29:42.152045-08:00","dataset_source":9,"office":"2","docket_number":"1601664","o

--- docket=6059370 call#5837 ---
URL: https://www.courtlistener.com/api/rest/v4/dockets/6059370/?format=json
Status: 200
Body: {"resource_uri":"https://www.courtlistener.com/api/rest/v4/dockets/6059370/?format=json","id":6059370,"court":"https://www.courtlistener.com/api/rest/v4/courts/ded/?format=json","court_id":"ded","original_court_info":null,"idb_data":{"resource_uri":"https://www.courtlistener.com/api/rest/v4/fjc-integrated-database/24548488/?format=json","date_created":"2018-11-21T09:54:23.436757-08:00","date_modified":"2022-01-28T09:59:29.130644-08:00","dataset_source":9,"office":"1","docket_number":"1700478","o

--- docket=6060234 call#5838 ---
URL: https://www.courtlistener.com/api/rest/v4/dockets/6060234/?format=json
Status: 200
Body: {"resource_uri":"https://www.courtlistener.com/api/rest/v4/dockets/6060234/?format=json","id":6060234,"court":"https://www.courtlistener.com/api/rest/v4/courts/moed/?format=json","court_id":"moed","original_court_info":null,"idb_data":{"resource_uri":"https://www.courtlistener.com/api/rest/v4/fjc-integrated-database/24934453/?format=json","date_created":"2018-11-21T10:34:12.685033-08:00","date_modified":"2022-01-28T13:31:58.010593-08:00","dataset_source":9,"office":"4","docket_number":"1700806",

--- docket=6062165 call#5839 ---
URL: https://www.courtlistener.com/api/rest/v4/dockets/6062165/?format=json
Status: 200
Body: {"resource_uri":"https://www.courtlistener.com/api/rest/v4/dockets/6062165/?format=json","id":6062165,"court":"https://www.courtlistener.com/api/rest/v4/courts/nysd/?format=json","court_id":"nysd","original_court_info":null,"idb_data":{"resource_uri":"https://www.courtlistener.com/api/rest/v4/fjc-integrated-database/24523996/?format=json","date_created":"2018-11-21T09:52:08.935204-08:00","date_modified":"2022-01-28T11:34:40.196673-08:00","dataset_source":9,"office":"1","docket_number":"1703613",

--- docket=6073590 call#5840 ---
URL: https://www.courtlistener.com/api/rest/v4/dockets/6073590/?format=json
Status: 200
Body: {"resource_uri":"https://www.courtlistener.com/api/rest/v4/dockets/6073590/?format=json","id":6073590,"court":"https://www.courtlistener.com/api/rest/v4/courts/njd/?format=json","court_id":"njd","original_court_info":null,"idb_data":{"resource_uri":"https://www.courtlistener.com/api/rest/v4/fjc-integrated-database/25961985/?format=json","date_created":"2020-08-27T06:22:23.756659-07:00","date_modified":"2022-01-28T08:20:11.254856-08:00","dataset_source":9,"office":"3","docket_number":"1704056","o

--- docket=6074334 call#5841 ---
URL: https://www.courtlistener.com/api/rest/v4/dockets/6074334/?format=json
Status: 200
Body: {"resource_uri":"https://www.courtlistener.com/api/rest/v4/dockets/6074334/?format=json","id":6074334,"court":"https://www.courtlistener.com/api/rest/v4/courts/nysd/?format=json","court_id":"nysd","original_court_info":null,"idb_data":{"resource_uri":"https://www.courtlistener.com/api/rest/v4/fjc-integrated-database/24524346/?format=json","date_created":"2018-11-21T09:52:08.977976-08:00","date_modified":"2022-01-28T09:54:59.826613-08:00","dataset_source":9,"office":"1","docket_number":"1704179",

--- docket=6074424 call#5842 ---
URL: https://www.courtlistener.com/api/rest/v4/dockets/6074424/?format=json
Status: 200
Body: {"resource_uri":"https://www.courtlistener.com/api/rest/v4/dockets/6074424/?format=json","id":6074424,"court":"https://www.courtlistener.com/api/rest/v4/courts/nysd/?format=json","court_id":"nysd","original_court_info":null,"idb_data":{"resource_uri":"https://www.courtlistener.com/api/rest/v4/fjc-integrated-database/24524164/?format=json","date_created":"2018-11-21T09:52:08.955706-08:00","date_modified":"2022-01-28T11:34:40.417233-08:00","dataset_source":9,"office":"1","docket_number":"1703880",

--- docket=6076304 call#5843 ---
URL: https://www.courtlistener.com/api/rest/v4/dockets/6076304/?format=json
Status: 200
Body: {"resource_uri":"https://www.courtlistener.com/api/rest/v4/dockets/6076304/?format=json","id":6076304,"court":"https://www.courtlistener.com/api/rest/v4/courts/nysd/?format=json","court_id":"nysd","original_court_info":null,"idb_data":{"resource_uri":"https://www.courtlistener.com/api/rest/v4/fjc-integrated-database/24524600/?format=json","date_created":"2018-11-21T09:52:14.657197-08:00","date_modified":"2022-01-28T09:55:00.291988-08:00","dataset_source":9,"office":"1","docket_number":"1704572",

--- docket=6083589 call#5844 ---
URL: https://www.courtlistener.com/api/rest/v4/dockets/6083589/?format=json
Status: 200
Body: {"resource_uri":"https://www.courtlistener.com/api/rest/v4/dockets/6083589/?format=json","id":6083589,"court":"https://www.courtlistener.com/api/rest/v4/courts/nysd/?format=json","court_id":"nysd","original_court_info":null,"idb_data":{"resource_uri":"https://www.courtlistener.com/api/rest/v4/fjc-integrated-database/24524862/?format=json","date_created":"2018-11-21T09:52:14.691866-08:00","date_modified":"2022-01-28T09:55:00.562168-08:00","dataset_source":9,"office":"1","docket_number":"1704937",

--- docket=6086914 call#5845 ---
URL: https://www.courtlistener.com/api/rest/v4/dockets/6086914/?format=json
Status: 200
Body: {"resource_uri":"https://www.courtlistener.com/api/rest/v4/dockets/6086914/?format=json","id":6086914,"court":"https://www.courtlistener.com/api/rest/v4/courts/nysd/?format=json","court_id":"nysd","original_court_info":null,"idb_data":{"resource_uri":"https://www.courtlistener.com/api/rest/v4/fjc-integrated-database/24525003/?format=json","date_created":"2018-11-21T09:52:14.710278-08:00","date_modified":"2022-01-28T11:34:41.761863-08:00","dataset_source":9,"office":"1","docket_number":"1705137",

--- docket=6086936 call#5846 ---
URL: https://www.courtlistener.com/api/rest/v4/dockets/6086936/?format=json
Status: 200
Body: {"resource_uri":"https://www.courtlistener.com/api/rest/v4/dockets/6086936/?format=json","id":6086936,"court":"https://www.courtlistener.com/api/rest/v4/courts/nvd/?format=json","court_id":"nvd","original_court_info":null,"idb_data":{"resource_uri":"https://www.courtlistener.com/api/rest/v4/fjc-integrated-database/25020263/?format=json","date_created":"2018-11-21T10:42:20.529294-08:00","date_modified":"2022-01-28T13:56:52.681693-08:00","dataset_source":9,"office":"2","docket_number":"1701868","o

--- docket=6089329 call#5847 ---
URL: https://www.courtlistener.com/api/rest/v4/dockets/6089329/?format=json
Status: 200
Body: {"resource_uri":"https://www.courtlistener.com/api/rest/v4/dockets/6089329/?format=json","id":6089329,"court":"https://www.courtlistener.com/api/rest/v4/courts/ilnd/?format=json","court_id":"ilnd","original_court_info":null,"idb_data":{"resource_uri":"https://www.courtlistener.com/api/rest/v4/fjc-integrated-database/24871443/?format=json","date_created":"2018-11-21T10:28:17.052837-08:00","date_modified":"2022-01-28T10:36:12.613180-08:00","dataset_source":9,"office":"1","docket_number":"1702127",

--- docket=6121146 call#5848 ---
URL: https://www.courtlistener.com/api/rest/v4/dockets/6121146/?format=json
Status: 200
Body: {"resource_uri":"https://www.courtlistener.com/api/rest/v4/dockets/6121146/?format=json","id":6121146,"court":"https://www.courtlistener.com/api/rest/v4/courts/mad/?format=json","court_id":"mad","original_court_info":null,"idb_data":{"resource_uri":"https://www.courtlistener.com/api/rest/v4/fjc-integrated-database/24480570/?format=json","date_created":"2018-11-21T09:47:59.797859-08:00","date_modified":"2022-01-28T06:31:00.557367-08:00","dataset_source":9,"office":"1","docket_number":"1711226","o

--- docket=6125841 call#5849 ---
URL: https://www.courtlistener.com/api/rest/v4/dockets/6125841/?format=json
Status: 200
Body: {"resource_uri":"https://www.courtlistener.com/api/rest/v4/dockets/6125841/?format=json","id":6125841,"court":"https://www.courtlistener.com/api/rest/v4/courts/cand/?format=json","court_id":"cand","original_court_info":null,"idb_data":{"resource_uri":"https://www.courtlistener.com/api/rest/v4/fjc-integrated-database/24959040/?format=json","date_created":"2018-11-21T10:36:35.591981-08:00","date_modified":"2022-01-28T13:37:52.534194-08:00","dataset_source":9,"office":"3","docket_number":"1700851",

--- docket=6129375 call#5850 ---
URL: https://www.courtlistener.com/api/rest/v4/dockets/6129375/?format=json
Status: 200
Body: {"resource_uri":"https://www.courtlistener.com/api/rest/v4/dockets/6129375/?format=json","id":6129375,"court":"https://www.courtlistener.com/api/rest/v4/courts/mad/?format=json","court_id":"mad","original_court_info":null,"idb_data":{"resource_uri":"https://www.courtlistener.com/api/rest/v4/fjc-integrated-database/24480708/?format=json","date_created":"2018-11-21T09:47:59.830954-08:00","date_modified":"2022-01-28T09:49:42.012779-08:00","dataset_source":9,"office":"1","docket_number":"1711400","o

--- docket=6129749 call#5851 ---
URL: https://www.courtlistener.com/api/rest/v4/dockets/6129749/?format=json
Status: 200
Body: {"resource_uri":"https://www.courtlistener.com/api/rest/v4/dockets/6129749/?format=json","id":6129749,"court":"https://www.courtlistener.com/api/rest/v4/courts/nysd/?format=json","court_id":"nysd","original_court_info":null,"idb_data":{"resource_uri":"https://www.courtlistener.com/api/rest/v4/fjc-integrated-database/24525489/?format=json","date_created":"2018-11-21T09:52:14.772620-08:00","date_modified":"2022-01-28T11:34:42.504814-08:00","dataset_source":9,"office":"1","docket_number":"1705821",

--- docket=6139532 call#5852 ---
URL: https://www.courtlistener.com/api/rest/v4/dockets/6139532/?format=json
Status: 200
Body: {"resource_uri":"https://www.courtlistener.com/api/rest/v4/dockets/6139532/?format=json","id":6139532,"court":"https://www.courtlistener.com/api/rest/v4/courts/txed/?format=json","court_id":"txed","original_court_info":null,"idb_data":{"resource_uri":"https://www.courtlistener.com/api/rest/v4/fjc-integrated-database/24794556/?format=json","date_created":"2018-11-21T10:21:03.331964-08:00","date_modified":"2022-01-28T12:47:30.088235-08:00","dataset_source":9,"office":"4","docket_number":"1700336",

--- docket=6142786 call#5853 ---
URL: https://www.courtlistener.com/api/rest/v4/dockets/6142786/?format=json
Status: 200
Body: {"resource_uri":"https://www.courtlistener.com/api/rest/v4/dockets/6142786/?format=json","id":6142786,"court":"https://www.courtlistener.com/api/rest/v4/courts/ilnd/?format=json","court_id":"ilnd","original_court_info":null,"idb_data":{"resource_uri":"https://www.courtlistener.com/api/rest/v4/fjc-integrated-database/24873416/?format=json","date_created":"2018-11-21T10:28:28.183310-08:00","date_modified":"2022-01-28T10:36:16.527298-08:00","dataset_source":9,"office":"1","docket_number":"1705166",

--- docket=6144520 call#5854 ---
URL: https://www.courtlistener.com/api/rest/v4/dockets/6144520/?format=json
Status: 200
Body: {"resource_uri":"https://www.courtlistener.com/api/rest/v4/dockets/6144520/?format=json","id":6144520,"court":"https://www.courtlistener.com/api/rest/v4/courts/nvd/?format=json","court_id":"nvd","original_court_info":null,"idb_data":{"resource_uri":"https://www.courtlistener.com/api/rest/v4/fjc-integrated-database/25558549/?format=json","date_created":"2020-08-27T01:45:16.204152-07:00","date_modified":"2022-01-28T11:01:51.546828-08:00","dataset_source":9,"office":"2","docket_number":"1702189","o

--- docket=6146006 call#5855 ---
URL: https://www.courtlistener.com/api/rest/v4/dockets/6146006/?format=json
Status: 200
Body: {"resource_uri":"https://www.courtlistener.com/api/rest/v4/dockets/6146006/?format=json","id":6146006,"court":"https://www.courtlistener.com/api/rest/v4/courts/ilnd/?format=json","court_id":"ilnd","original_court_info":null,"idb_data":{"resource_uri":"https://www.courtlistener.com/api/rest/v4/fjc-integrated-database/24873072/?format=json","date_created":"2018-11-21T10:28:28.140633-08:00","date_modified":"2022-01-28T13:12:53.365262-08:00","dataset_source":9,"office":"1","docket_number":"1704686",

--- docket=6153580 call#5856 ---
URL: https://www.courtlistener.com/api/rest/v4/dockets/6153580/?format=json
Status: 200
Body: {"resource_uri":"https://www.courtlistener.com/api/rest/v4/dockets/6153580/?format=json","id":6153580,"court":"https://www.courtlistener.com/api/rest/v4/courts/tnmd/?format=json","court_id":"tnmd","original_court_info":null,"idb_data":{"resource_uri":"https://www.courtlistener.com/api/rest/v4/fjc-integrated-database/24855783/?format=json","date_created":"2018-11-21T10:26:52.501386-08:00","date_modified":"2022-01-28T13:09:55.781072-08:00","dataset_source":9,"office":"3","docket_number":"1701258",

--- docket=6153626 call#5857 ---
URL: https://www.courtlistener.com/api/rest/v4/dockets/6153626/?format=json
Status: 200
Body: {"resource_uri":"https://www.courtlistener.com/api/rest/v4/dockets/6153626/?format=json","id":6153626,"court":"https://www.courtlistener.com/api/rest/v4/courts/njd/?format=json","court_id":"njd","original_court_info":null,"idb_data":{"resource_uri":"https://www.courtlistener.com/api/rest/v4/fjc-integrated-database/24575488/?format=json","date_created":"2018-11-21T09:58:32.669237-08:00","date_modified":"2022-01-28T11:54:27.594879-08:00","dataset_source":9,"office":"3","docket_number":"1707173","o

--- docket=6153627 call#5858 ---
URL: https://www.courtlistener.com/api/rest/v4/dockets/6153627/?format=json
Status: 200
Body: {"resource_uri":"https://www.courtlistener.com/api/rest/v4/dockets/6153627/?format=json","id":6153627,"court":"https://www.courtlistener.com/api/rest/v4/courts/wawd/?format=json","court_id":"wawd","original_court_info":null,"idb_data":{"resource_uri":"https://www.courtlistener.com/api/rest/v4/fjc-integrated-database/25032645/?format=json","date_created":"2018-11-21T10:43:35.753553-08:00","date_modified":"2022-01-28T14:00:43.218322-08:00","dataset_source":9,"office":"2","docket_number":"1701387",

--- docket=6161665 call#5859 ---
URL: https://www.courtlistener.com/api/rest/v4/dockets/6161665/?format=json
Status: 200
Body: {"resource_uri":"https://www.courtlistener.com/api/rest/v4/dockets/6161665/?format=json","id":6161665,"court":"https://www.courtlistener.com/api/rest/v4/courts/ctd/?format=json","court_id":"ctd","original_court_info":null,"idb_data":{"resource_uri":"https://www.courtlistener.com/api/rest/v4/fjc-integrated-database/24493957/?format=json","date_created":"2018-11-21T09:49:12.920336-08:00","date_modified":"2022-01-28T09:51:19.024810-08:00","dataset_source":9,"office":"3","docket_number":"1701617","o

--- docket=6169858 call#5860 ---
URL: https://www.courtlistener.com/api/rest/v4/dockets/6169858/?format=json
Status: 200
Body: {"resource_uri":"https://www.courtlistener.com/api/rest/v4/dockets/6169858/?format=json","id":6169858,"court":"https://www.courtlistener.com/api/rest/v4/courts/mad/?format=json","court_id":"mad","original_court_info":null,"idb_data":{"resource_uri":"https://www.courtlistener.com/api/rest/v4/fjc-integrated-database/24481249/?format=json","date_created":"2018-11-21T09:47:59.912044-08:00","date_modified":"2022-01-28T08:05:24.687866-08:00","dataset_source":9,"office":"1","docket_number":"1711980","o

--- docket=6169861 call#5861 ---
URL: https://www.courtlistener.com/api/rest/v4/dockets/6169861/?format=json
Status: 200
Body: {"resource_uri":"https://www.courtlistener.com/api/rest/v4/dockets/6169861/?format=json","id":6169861,"court":"https://www.courtlistener.com/api/rest/v4/courts/prd/?format=json","court_id":"prd","original_court_info":null,"idb_data":{"resource_uri":"https://www.courtlistener.com/api/rest/v4/fjc-integrated-database/24490535/?format=json","date_created":"2018-11-21T09:48:55.823126-08:00","date_modified":"2022-01-28T09:51:01.243546-08:00","dataset_source":9,"office":"3","docket_number":"1702243","o

--- docket=6170516 call#5862 ---
URL: https://www.courtlistener.com/api/rest/v4/dockets/6170516/?format=json
Status: 200
Body: {"resource_uri":"https://www.courtlistener.com/api/rest/v4/dockets/6170516/?format=json","id":6170516,"court":"https://www.courtlistener.com/api/rest/v4/courts/casd/?format=json","court_id":"casd","original_court_info":null,"idb_data":{"resource_uri":"https://www.courtlistener.com/api/rest/v4/fjc-integrated-database/25010092/?format=json","date_created":"2018-11-21T10:41:23.818317-08:00","date_modified":"2022-01-28T13:54:17.840381-08:00","dataset_source":9,"office":"3","docket_number":"1702086",

--- docket=6172881 call#5863 ---
URL: https://www.courtlistener.com/api/rest/v4/dockets/6172881/?format=json
Status: 200
Body: {"resource_uri":"https://www.courtlistener.com/api/rest/v4/dockets/6172881/?format=json","id":6172881,"court":"https://www.courtlistener.com/api/rest/v4/courts/nysd/?format=json","court_id":"nysd","original_court_info":null,"idb_data":{"resource_uri":"https://www.courtlistener.com/api/rest/v4/fjc-integrated-database/24527291/?format=json","date_created":"2018-11-21T09:52:26.086572-08:00","date_modified":"2022-01-28T11:34:44.941100-08:00","dataset_source":9,"office":"1","docket_number":"1707994",

--- docket=6173901 call#5864 ---
URL: https://www.courtlistener.com/api/rest/v4/dockets/6173901/?format=json
Status: 200
Body: {"resource_uri":"https://www.courtlistener.com/api/rest/v4/dockets/6173901/?format=json","id":6173901,"court":"https://www.courtlistener.com/api/rest/v4/courts/nysd/?format=json","court_id":"nysd","original_court_info":null,"idb_data":{"resource_uri":"https://www.courtlistener.com/api/rest/v4/fjc-integrated-database/24527392/?format=json","date_created":"2018-11-21T09:52:26.100369-08:00","date_modified":"2022-01-28T08:11:48.863312-08:00","dataset_source":9,"office":"1","docket_number":"1708107",

--- docket=6175312 call#5865 ---
URL: https://www.courtlistener.com/api/rest/v4/dockets/6175312/?format=json
Status: 200
Body: {"resource_uri":"https://www.courtlistener.com/api/rest/v4/dockets/6175312/?format=json","id":6175312,"court":"https://www.courtlistener.com/api/rest/v4/courts/ilnd/?format=json","court_id":"ilnd","original_court_info":null,"idb_data":{"resource_uri":"https://www.courtlistener.com/api/rest/v4/fjc-integrated-database/24875088/?format=json","date_created":"2018-11-21T10:28:39.409737-08:00","date_modified":"2022-01-28T07:22:04.687343-08:00","dataset_source":9,"office":"1","docket_number":"1707057",

--- docket=6175624 call#5866 ---
URL: https://www.courtlistener.com/api/rest/v4/dockets/6175624/?format=json
Status: 200
Body: {"resource_uri":"https://www.courtlistener.com/api/rest/v4/dockets/6175624/?format=json","id":6175624,"court":"https://www.courtlistener.com/api/rest/v4/courts/nyed/?format=json","court_id":"nyed","original_court_info":null,"idb_data":{"resource_uri":"https://www.courtlistener.com/api/rest/v4/fjc-integrated-database/24514744/?format=json","date_created":"2018-11-21T09:51:17.054026-08:00","date_modified":"2022-01-28T11:32:52.414567-08:00","dataset_source":9,"office":"2","docket_number":"1706160",

--- docket=6180238 call#5867 ---
URL: https://www.courtlistener.com/api/rest/v4/dockets/6180238/?format=json
Status: 200
Body: {"resource_uri":"https://www.courtlistener.com/api/rest/v4/dockets/6180238/?format=json","id":6180238,"court":"https://www.courtlistener.com/api/rest/v4/courts/njd/?format=json","court_id":"njd","original_court_info":null,"idb_data":{"resource_uri":"https://www.courtlistener.com/api/rest/v4/fjc-integrated-database/24558291/?format=json","date_created":"2018-11-21T09:56:19.483728-08:00","date_modified":"2022-01-28T08:18:33.869669-08:00","dataset_source":9,"office":"2","docket_number":"1600845","o

--- docket=6183633 call#5868 ---
URL: https://www.courtlistener.com/api/rest/v4/dockets/6183633/?format=json
Status: 200
Body: {"resource_uri":"https://www.courtlistener.com/api/rest/v4/dockets/6183633/?format=json","id":6183633,"court":"https://www.courtlistener.com/api/rest/v4/courts/mad/?format=json","court_id":"mad","original_court_info":null,"idb_data":{"resource_uri":"https://www.courtlistener.com/api/rest/v4/fjc-integrated-database/24481407/?format=json","date_created":"2018-11-21T09:47:59.931560-08:00","date_modified":"2022-01-28T08:05:25.443228-08:00","dataset_source":9,"office":"1","docket_number":"1712137","o

--- docket=6184285 call#5869 ---
URL: https://www.courtlistener.com/api/rest/v4/dockets/6184285/?format=json
Status: 200
Body: {"resource_uri":"https://www.courtlistener.com/api/rest/v4/dockets/6184285/?format=json","id":6184285,"court":"https://www.courtlistener.com/api/rest/v4/courts/njd/?format=json","court_id":"njd","original_court_info":null,"idb_data":{"resource_uri":"https://www.courtlistener.com/api/rest/v4/fjc-integrated-database/24562126/?format=json","date_created":"2018-11-21T09:57:18.933189-08:00","date_modified":"2022-01-28T11:46:20.612044-08:00","dataset_source":9,"office":"2","docket_number":"1710467","o

--- docket=6241908 call#5870 ---
URL: https://www.courtlistener.com/api/rest/v4/dockets/6241908/?format=json
Status: 200
Body: {"resource_uri":"https://www.courtlistener.com/api/rest/v4/dockets/6241908/?format=json","id":6241908,"court":"https://www.courtlistener.com/api/rest/v4/courts/mad/?format=json","court_id":"mad","original_court_info":null,"idb_data":{"resource_uri":"https://www.courtlistener.com/api/rest/v4/fjc-integrated-database/24479747/?format=json","date_created":"2018-11-21T09:47:54.169238-08:00","date_modified":"2022-01-28T09:49:39.525957-08:00","dataset_source":9,"office":"1","docket_number":"1612647","o

--- docket=6189560 call#5871 ---
URL: https://www.courtlistener.com/api/rest/v4/dockets/6189560/?format=json
Status: 200
Body: {"resource_uri":"https://www.courtlistener.com/api/rest/v4/dockets/6189560/?format=json","id":6189560,"court":"https://www.courtlistener.com/api/rest/v4/courts/nvd/?format=json","court_id":"nvd","original_court_info":null,"idb_data":{"resource_uri":"https://www.courtlistener.com/api/rest/v4/fjc-integrated-database/25020459/?format=json","date_created":"2018-11-21T10:42:20.553227-08:00","date_modified":"2022-01-28T13:56:53.038598-08:00","dataset_source":9,"office":"2","docket_number":"1702106","o

--- docket=6191534 call#5872 ---
URL: https://www.courtlistener.com/api/rest/v4/dockets/6191534/?format=json
Status: 200
Body: {"resource_uri":"https://www.courtlistener.com/api/rest/v4/dockets/6191534/?format=json","id":6191534,"court":"https://www.courtlistener.com/api/rest/v4/courts/ded/?format=json","court_id":"ded","original_court_info":null,"idb_data":{"resource_uri":"https://www.courtlistener.com/api/rest/v4/fjc-integrated-database/24548465/?format=json","date_created":"2018-11-21T09:54:23.433999-08:00","date_modified":"2022-01-28T11:43:37.509314-08:00","dataset_source":9,"office":"1","docket_number":"1700448","o

--- docket=6193549 call#5873 ---
URL: https://www.courtlistener.com/api/rest/v4/dockets/6193549/?format=json
Status: 200
Body: {"resource_uri":"https://www.courtlistener.com/api/rest/v4/dockets/6193549/?format=json","id":6193549,"court":"https://www.courtlistener.com/api/rest/v4/courts/ilnd/?format=json","court_id":"ilnd","original_court_info":null,"idb_data":{"resource_uri":"https://www.courtlistener.com/api/rest/v4/fjc-integrated-database/24872500/?format=json","date_created":"2018-11-21T10:28:22.500012-08:00","date_modified":"2022-01-28T10:36:14.683770-08:00","dataset_source":9,"office":"1","docket_number":"1703900",

--- docket=6195930 call#5874 ---
URL: https://www.courtlistener.com/api/rest/v4/dockets/6195930/?format=json
Status: 200
Body: {"resource_uri":"https://www.courtlistener.com/api/rest/v4/dockets/6195930/?format=json","id":6195930,"court":"https://www.courtlistener.com/api/rest/v4/courts/njd/?format=json","court_id":"njd","original_court_info":null,"idb_data":{"resource_uri":"https://www.courtlistener.com/api/rest/v4/fjc-integrated-database/24559508/?format=json","date_created":"2018-11-21T09:57:01.700408-08:00","date_modified":"2022-01-28T06:43:04.084351-08:00","dataset_source":9,"office":"2","docket_number":"1700497","o

--- docket=6243150 call#5875 ---
URL: https://www.courtlistener.com/api/rest/v4/dockets/6243150/?format=json
Status: 200
Body: {"resource_uri":"https://www.courtlistener.com/api/rest/v4/dockets/6243150/?format=json","id":6243150,"court":"https://www.courtlistener.com/api/rest/v4/courts/cod/?format=json","court_id":"cod","original_court_info":null,"idb_data":{"resource_uri":"https://www.courtlistener.com/api/rest/v4/fjc-integrated-database/25040050/?format=json","date_created":"2018-11-21T10:44:16.115084-08:00","date_modified":"2022-01-28T09:33:14.774614-08:00","dataset_source":9,"office":"1","docket_number":"1702992","o

--- docket=6243167 call#5876 ---
URL: https://www.courtlistener.com/api/rest/v4/dockets/6243167/?format=json
Status: 200
Body: {"resource_uri":"https://www.courtlistener.com/api/rest/v4/dockets/6243167/?format=json","id":6243167,"court":"https://www.courtlistener.com/api/rest/v4/courts/ilnd/?format=json","court_id":"ilnd","original_court_info":null,"idb_data":{"resource_uri":"https://www.courtlistener.com/api/rest/v4/fjc-integrated-database/24877031/?format=json","date_created":"2018-11-21T10:28:50.572861-08:00","date_modified":"2022-01-28T07:22:29.662548-08:00","dataset_source":9,"office":"1","docket_number":"1709009",

--- docket=6243306 call#5877 ---
URL: https://www.courtlistener.com/api/rest/v4/dockets/6243306/?format=json
Status: 200
Body: {"resource_uri":"https://www.courtlistener.com/api/rest/v4/dockets/6243306/?format=json","id":6243306,"court":"https://www.courtlistener.com/api/rest/v4/courts/flsd/?format=json","court_id":"flsd","original_court_info":null,"idb_data":{"resource_uri":"https://www.courtlistener.com/api/rest/v4/fjc-integrated-database/25093636/?format=json","date_created":"2018-11-21T10:49:19.760577-08:00","date_modified":"2022-01-28T15:42:46.008180-08:00","dataset_source":9,"office":"1","docket_number":"1724500",

--- docket=6201088 call#5878 ---
URL: https://www.courtlistener.com/api/rest/v4/dockets/6201088/?format=json
Status: 200
Body: {"resource_uri":"https://www.courtlistener.com/api/rest/v4/dockets/6201088/?format=json","id":6201088,"court":"https://www.courtlistener.com/api/rest/v4/courts/mnd/?format=json","court_id":"mnd","original_court_info":null,"idb_data":{"resource_uri":"https://www.courtlistener.com/api/rest/v4/fjc-integrated-database/24924712/?format=json","date_created":"2018-11-21T10:33:22.541852-08:00","date_modified":"2022-01-28T09:12:33.749958-08:00","dataset_source":9,"office":"0","docket_number":"1603873","o

--- docket=6207501 call#5879 ---
URL: https://www.courtlistener.com/api/rest/v4/dockets/6207501/?format=json
Status: 200
Body: {"resource_uri":"https://www.courtlistener.com/api/rest/v4/dockets/6207501/?format=json","id":6207501,"court":"https://www.courtlistener.com/api/rest/v4/courts/nysd/?format=json","court_id":"nysd","original_court_info":null,"idb_data":{"resource_uri":"https://www.courtlistener.com/api/rest/v4/fjc-integrated-database/24521305/?format=json","date_created":"2018-11-21T09:51:51.984519-08:00","date_modified":"2022-01-28T11:34:33.752467-08:00","dataset_source":9,"office":"1","docket_number":"1606964",

--- docket=6217408 call#5880 ---
URL: https://www.courtlistener.com/api/rest/v4/dockets/6217408/?format=json
Status: 200
Body: {"resource_uri":"https://www.courtlistener.com/api/rest/v4/dockets/6217408/?format=json","id":6217408,"court":"https://www.courtlistener.com/api/rest/v4/courts/ilnd/?format=json","court_id":"ilnd","original_court_info":null,"idb_data":{"resource_uri":"https://www.courtlistener.com/api/rest/v4/fjc-integrated-database/24875926/?format=json","date_created":"2018-11-21T10:28:44.927429-08:00","date_modified":"2022-01-28T10:36:19.711879-08:00","dataset_source":9,"office":"1","docket_number":"1707896",

--- docket=6218200 call#5881 ---
URL: https://www.courtlistener.com/api/rest/v4/dockets/6218200/?format=json
Status: 200
Body: {"resource_uri":"https://www.courtlistener.com/api/rest/v4/dockets/6218200/?format=json","id":6218200,"court":"https://www.courtlistener.com/api/rest/v4/courts/mdd/?format=json","court_id":"mdd","original_court_info":null,"idb_data":{"resource_uri":"https://www.courtlistener.com/api/rest/v4/fjc-integrated-database/24612167/?format=json","date_created":"2018-11-21T10:02:59.843363-08:00","date_modified":"2022-01-28T12:14:43.401287-08:00","dataset_source":9,"office":"1","docket_number":"1703230","o

--- docket=6221624 call#5882 ---
URL: https://www.courtlistener.com/api/rest/v4/dockets/6221624/?format=json
Status: 200
Body: {"resource_uri":"https://www.courtlistener.com/api/rest/v4/dockets/6221624/?format=json","id":6221624,"court":"https://www.courtlistener.com/api/rest/v4/courts/cod/?format=json","court_id":"cod","original_court_info":null,"idb_data":{"resource_uri":"https://www.courtlistener.com/api/rest/v4/fjc-integrated-database/25039733/?format=json","date_created":"2018-11-21T10:44:16.076096-08:00","date_modified":"2022-01-28T11:05:02.282478-08:00","dataset_source":9,"office":"1","docket_number":"1702670","o

--- docket=6222944 call#5883 ---
URL: https://www.courtlistener.com/api/rest/v4/dockets/6222944/?format=json
Status: 200
Body: {"resource_uri":"https://www.courtlistener.com/api/rest/v4/dockets/6222944/?format=json","id":6222944,"court":"https://www.courtlistener.com/api/rest/v4/courts/njd/?format=json","court_id":"njd","original_court_info":null,"idb_data":{"resource_uri":"https://www.courtlistener.com/api/rest/v4/fjc-integrated-database/24562179/?format=json","date_created":"2018-11-21T09:57:18.939593-08:00","date_modified":"2022-01-28T11:46:20.959075-08:00","dataset_source":9,"office":"2","docket_number":"1711089","o

--- docket=6223845 call#5884 ---
URL: https://www.courtlistener.com/api/rest/v4/dockets/6223845/?format=json
Status: 200
Body: {"resource_uri":"https://www.courtlistener.com/api/rest/v4/dockets/6223845/?format=json","id":6223845,"court":"https://www.courtlistener.com/api/rest/v4/courts/paed/?format=json","court_id":"paed","original_court_info":null,"idb_data":{"resource_uri":"https://www.courtlistener.com/api/rest/v4/fjc-integrated-database/24593060/?format=json","date_created":"2018-11-21T10:00:32.032470-08:00","date_modified":"2022-01-28T08:21:36.249219-08:00","dataset_source":9,"office":"2","docket_number":"1705114",

--- docket=6224570 call#5885 ---
URL: https://www.courtlistener.com/api/rest/v4/dockets/6224570/?format=json
Status: 200
Body: {"resource_uri":"https://www.courtlistener.com/api/rest/v4/dockets/6224570/?format=json","id":6224570,"court":"https://www.courtlistener.com/api/rest/v4/courts/mied/?format=json","court_id":"mied","original_court_info":null,"idb_data":{"resource_uri":"https://www.courtlistener.com/api/rest/v4/fjc-integrated-database/24826570/?format=json","date_created":"2018-11-21T10:24:09.472438-08:00","date_modified":"2022-01-28T08:56:05.869946-08:00","dataset_source":9,"office":"2","docket_number":"1713703",

--- docket=6224579 call#5886 ---
URL: https://www.courtlistener.com/api/rest/v4/dockets/6224579/?format=json
Status: 200
Body: {"resource_uri":"https://www.courtlistener.com/api/rest/v4/dockets/6224579/?format=json","id":6224579,"court":"https://www.courtlistener.com/api/rest/v4/courts/laed/?format=json","court_id":"laed","original_court_info":null,"idb_data":{"resource_uri":"https://www.courtlistener.com/api/rest/v4/fjc-integrated-database/24746065/?format=json","date_created":"2018-11-21T10:16:10.940762-08:00","date_modified":"2022-01-28T12:30:20.592774-08:00","dataset_source":9,"office":"2","docket_number":"1712039",

--- docket=6226834 call#5887 ---
URL: https://www.courtlistener.com/api/rest/v4/dockets/6226834/?format=json
Status: 200
Body: {"resource_uri":"https://www.courtlistener.com/api/rest/v4/dockets/6226834/?format=json","id":6226834,"court":"https://www.courtlistener.com/api/rest/v4/courts/ohsd/?format=json","court_id":"ohsd","original_court_info":null,"idb_data":{"resource_uri":"https://www.courtlistener.com/api/rest/v4/fjc-integrated-database/25676665/?format=json","date_created":"2020-08-27T02:45:05.304708-07:00","date_modified":"2022-01-28T10:33:24.357345-08:00","dataset_source":9,"office":"1","docket_number":"1700774",

--- docket=6230649 call#5888 ---
URL: https://www.courtlistener.com/api/rest/v4/dockets/6230649/?format=json
Status: 200
Body: {"resource_uri":"https://www.courtlistener.com/api/rest/v4/dockets/6230649/?format=json","id":6230649,"court":"https://www.courtlistener.com/api/rest/v4/courts/nysd/?format=json","court_id":"nysd","original_court_info":null,"idb_data":{"resource_uri":"https://www.courtlistener.com/api/rest/v4/fjc-integrated-database/24528327/?format=json","date_created":"2018-11-21T09:52:31.423345-08:00","date_modified":"2022-01-28T08:11:52.518599-08:00","dataset_source":9,"office":"1","docket_number":"1709178",

--- docket=6231421 call#5889 ---
URL: https://www.courtlistener.com/api/rest/v4/dockets/6231421/?format=json
Status: 200
Body: {"resource_uri":"https://www.courtlistener.com/api/rest/v4/dockets/6231421/?format=json","id":6231421,"court":"https://www.courtlistener.com/api/rest/v4/courts/ilnd/?format=json","court_id":"ilnd","original_court_info":null,"idb_data":{"resource_uri":"https://www.courtlistener.com/api/rest/v4/fjc-integrated-database/24873169/?format=json","date_created":"2018-11-21T10:28:28.152745-08:00","date_modified":"2022-01-28T10:36:16.128461-08:00","dataset_source":9,"office":"1","docket_number":"1704825",

--- docket=6237465 call#5890 ---
URL: https://www.courtlistener.com/api/rest/v4/dockets/6237465/?format=json
Status: 200
Body: {"resource_uri":"https://www.courtlistener.com/api/rest/v4/dockets/6237465/?format=json","id":6237465,"court":"https://www.courtlistener.com/api/rest/v4/courts/cand/?format=json","court_id":"cand","original_court_info":null,"idb_data":{"resource_uri":"https://www.courtlistener.com/api/rest/v4/fjc-integrated-database/24961947/?format=json","date_created":"2018-11-21T10:36:52.044487-08:00","date_modified":"2022-01-28T09:19:28.653115-08:00","dataset_source":9,"office":"3","docket_number":"1706956",

--- docket=6243879 call#5891 ---
URL: https://www.courtlistener.com/api/rest/v4/dockets/6243879/?format=json
Status: 200
Body: {"resource_uri":"https://www.courtlistener.com/api/rest/v4/dockets/6243879/?format=json","id":6243879,"court":"https://www.courtlistener.com/api/rest/v4/courts/nysd/?format=json","court_id":"nysd","original_court_info":null,"idb_data":{"resource_uri":"https://www.courtlistener.com/api/rest/v4/fjc-integrated-database/24528818/?format=json","date_created":"2018-11-21T09:52:36.765813-08:00","date_modified":"2022-01-28T11:34:47.249277-08:00","dataset_source":9,"office":"1","docket_number":"1709741",

--- docket=6247646 call#5892 ---
URL: https://www.courtlistener.com/api/rest/v4/dockets/6247646/?format=json
Status: 200
Body: {"resource_uri":"https://www.courtlistener.com/api/rest/v4/dockets/6247646/?format=json","id":6247646,"court":"https://www.courtlistener.com/api/rest/v4/courts/nysd/?format=json","court_id":"nysd","original_court_info":null,"idb_data":{"resource_uri":"https://www.courtlistener.com/api/rest/v4/fjc-integrated-database/24529056/?format=json","date_created":"2018-11-21T09:52:36.795855-08:00","date_modified":"2022-01-28T11:34:47.673610-08:00","dataset_source":9,"office":"1","docket_number":"1710014",

--- docket=6250480 call#5893 ---
URL: https://www.courtlistener.com/api/rest/v4/dockets/6250480/?format=json
Status: 200
Body: {"resource_uri":"https://www.courtlistener.com/api/rest/v4/dockets/6250480/?format=json","id":6250480,"court":"https://www.courtlistener.com/api/rest/v4/courts/mnd/?format=json","court_id":"mnd","original_court_info":null,"idb_data":{"resource_uri":"https://www.courtlistener.com/api/rest/v4/fjc-integrated-database/24930034/?format=json","date_created":"2018-11-21T10:33:49.311569-08:00","date_modified":"2022-01-28T07:29:55.839179-08:00","dataset_source":9,"office":"0","docket_number":"1705580","o

--- docket=6255848 call#5894 ---
URL: https://www.courtlistener.com/api/rest/v4/dockets/6255848/?format=json
Status: 200
Body: {"resource_uri":"https://www.courtlistener.com/api/rest/v4/dockets/6255848/?format=json","id":6255848,"court":"https://www.courtlistener.com/api/rest/v4/courts/cod/?format=json","court_id":"cod","original_court_info":null,"idb_data":{"resource_uri":"https://www.courtlistener.com/api/rest/v4/fjc-integrated-database/25037136/?format=json","date_created":"2018-11-21T10:43:58.867840-08:00","date_modified":"2022-01-28T09:33:01.693677-08:00","dataset_source":9,"office":"1","docket_number":"1502118","o

--- docket=6256688 call#5895 ---
URL: https://www.courtlistener.com/api/rest/v4/dockets/6256688/?format=json
Status: 200
Body: {"resource_uri":"https://www.courtlistener.com/api/rest/v4/dockets/6256688/?format=json","id":6256688,"court":"https://www.courtlistener.com/api/rest/v4/courts/njd/?format=json","court_id":"njd","original_court_info":null,"idb_data":{"resource_uri":"https://www.courtlistener.com/api/rest/v4/fjc-integrated-database/24555207/?format=json","date_created":"2018-11-21T09:55:03.906309-08:00","date_modified":"2022-01-28T11:44:49.719948-08:00","dataset_source":9,"office":"1","docket_number":"1708373","o

--- docket=6257231 call#5896 ---
URL: https://www.courtlistener.com/api/rest/v4/dockets/6257231/?format=json
Status: 200
Body: {"resource_uri":"https://www.courtlistener.com/api/rest/v4/dockets/6257231/?format=json","id":6257231,"court":"https://www.courtlistener.com/api/rest/v4/courts/casd/?format=json","court_id":"casd","original_court_info":null,"idb_data":{"resource_uri":"https://www.courtlistener.com/api/rest/v4/fjc-integrated-database/25008673/?format=json","date_created":"2018-11-21T10:41:18.187954-08:00","date_modified":"2022-01-28T13:54:15.135299-08:00","dataset_source":9,"office":"3","docket_number":"1700053",

--- docket=6257796 call#5897 ---
URL: https://www.courtlistener.com/api/rest/v4/dockets/6257796/?format=json
Status: 200
Body: {"resource_uri":"https://www.courtlistener.com/api/rest/v4/dockets/6257796/?format=json","id":6257796,"court":"https://www.courtlistener.com/api/rest/v4/courts/flmd/?format=json","court_id":"flmd","original_court_info":null,"idb_data":{"resource_uri":"https://www.courtlistener.com/api/rest/v4/fjc-integrated-database/25359964/?format=json","date_created":"2020-08-27T00:28:29.966945-07:00","date_modified":"2022-01-28T11:14:07.877138-08:00","dataset_source":9,"office":"8","docket_number":"1702186",

--- docket=6259461 call#5898 ---
URL: https://www.courtlistener.com/api/rest/v4/dockets/6259461/?format=json
Status: 200
Body: {"resource_uri":"https://www.courtlistener.com/api/rest/v4/dockets/6259461/?format=json","id":6259461,"court":"https://www.courtlistener.com/api/rest/v4/courts/njd/?format=json","court_id":"njd","original_court_info":null,"idb_data":{"resource_uri":"https://www.courtlistener.com/api/rest/v4/fjc-integrated-database/25798630/?format=json","date_created":"2020-08-27T04:01:15.107151-07:00","date_modified":"2022-01-28T11:54:45.236713-08:00","dataset_source":9,"office":"3","docket_number":"1708945","o

--- docket=6260561 call#5899 ---
URL: https://www.courtlistener.com/api/rest/v4/dockets/6260561/?format=json
Status: 200
Body: {"resource_uri":"https://www.courtlistener.com/api/rest/v4/dockets/6260561/?format=json","id":6260561,"court":"https://www.courtlistener.com/api/rest/v4/courts/ohnd/?format=json","court_id":"ohnd","original_court_info":null,"idb_data":{"resource_uri":"https://www.courtlistener.com/api/rest/v4/fjc-integrated-database/24836243/?format=json","date_created":"2018-11-21T10:25:00.420701-08:00","date_modified":"2022-01-28T10:32:29.952686-08:00","dataset_source":9,"office":"1","docket_number":"1701677",

--- docket=6260615 call#5900 ---
URL: https://www.courtlistener.com/api/rest/v4/dockets/6260615/?format=json
Status: 200
Body: {"resource_uri":"https://www.courtlistener.com/api/rest/v4/dockets/6260615/?format=json","id":6260615,"court":"https://www.courtlistener.com/api/rest/v4/courts/nyed/?format=json","court_id":"nyed","original_court_info":null,"idb_data":null,"clusters":["https://www.courtlistener.com/api/rest/v4/clusters/9836175/?format=json"],"audio_files":[],"assigned_to":"https://www.courtlistener.com/api/rest/v4/people/664/?format=json","referred_to":null,"bankruptcy_information":null,"absolute_url":"/docket/6

--- docket=6261186 call#5901 ---
URL: https://www.courtlistener.com/api/rest/v4/dockets/6261186/?format=json
Status: 200
Body: {"resource_uri":"https://www.courtlistener.com/api/rest/v4/dockets/6261186/?format=json","id":6261186,"court":"https://www.courtlistener.com/api/rest/v4/courts/nyed/?format=json","court_id":"nyed","original_court_info":null,"idb_data":{"resource_uri":"https://www.courtlistener.com/api/rest/v4/fjc-integrated-database/24505717/?format=json","date_created":"2018-11-21T09:50:21.077724-08:00","date_modified":"2022-01-28T11:29:47.705256-08:00","dataset_source":9,"office":"1","docket_number":"1705092",

--- docket=6261294 call#5902 ---
URL: https://www.courtlistener.com/api/rest/v4/dockets/6261294/?format=json
Status: 200
Body: {"resource_uri":"https://www.courtlistener.com/api/rest/v4/dockets/6261294/?format=json","id":6261294,"court":"https://www.courtlistener.com/api/rest/v4/courts/cand/?format=json","court_id":"cand","original_court_info":null,"idb_data":{"resource_uri":"https://www.courtlistener.com/api/rest/v4/fjc-integrated-database/24967055/?format=json","date_created":"2018-11-21T10:37:19.544474-08:00","date_modified":"2022-01-28T13:41:59.141958-08:00","dataset_source":9,"office":"4","docket_number":"1707142",

--- docket=6266189 call#5903 ---
URL: https://www.courtlistener.com/api/rest/v4/dockets/6266189/?format=json
Status: 200
Body: {"resource_uri":"https://www.courtlistener.com/api/rest/v4/dockets/6266189/?format=json","id":6266189,"court":"https://www.courtlistener.com/api/rest/v4/courts/nysd/?format=json","court_id":"nysd","original_court_info":null,"idb_data":{"resource_uri":"https://www.courtlistener.com/api/rest/v4/fjc-integrated-database/24525726/?format=json","date_created":"2018-11-21T09:52:20.464137-08:00","date_modified":"2022-01-28T11:34:42.795166-08:00","dataset_source":9,"office":"1","docket_number":"1706130",

--- docket=6275848 call#5904 ---
URL: https://www.courtlistener.com/api/rest/v4/dockets/6275848/?format=json
Status: 200
Body: {"resource_uri":"https://www.courtlistener.com/api/rest/v4/dockets/6275848/?format=json","id":6275848,"court":"https://www.courtlistener.com/api/rest/v4/courts/nysd/?format=json","court_id":"nysd","original_court_info":null,"idb_data":{"resource_uri":"https://www.courtlistener.com/api/rest/v4/fjc-integrated-database/24523426/?format=json","date_created":"2018-11-21T09:52:03.266851-08:00","date_modified":"2022-01-28T09:54:58.653366-08:00","dataset_source":9,"office":"1","docket_number":"1702630",

--- docket=6279025 call#5905 ---
URL: https://www.courtlistener.com/api/rest/v4/dockets/6279025/?format=json
Status: 200
Body: {"resource_uri":"https://www.courtlistener.com/api/rest/v4/dockets/6279025/?format=json","id":6279025,"court":"https://www.courtlistener.com/api/rest/v4/courts/okwd/?format=json","court_id":"okwd","original_court_info":null,"idb_data":{"resource_uri":"https://www.courtlistener.com/api/rest/v4/fjc-integrated-database/25053600/?format=json","date_created":"2018-11-21T10:45:35.330498-08:00","date_modified":"2022-01-28T14:07:06.683295-08:00","dataset_source":9,"office":"5","docket_number":"1800041",

--- docket=6282447 call#5906 ---
URL: https://www.courtlistener.com/api/rest/v4/dockets/6282447/?format=json
Status: 200
Body: {"resource_uri":"https://www.courtlistener.com/api/rest/v4/dockets/6282447/?format=json","id":6282447,"court":"https://www.courtlistener.com/api/rest/v4/courts/txnd/?format=json","court_id":"txnd","original_court_info":null,"idb_data":{"resource_uri":"https://www.courtlistener.com/api/rest/v4/fjc-integrated-database/24786060/?format=json","date_created":"2018-11-21T10:19:53.958006-08:00","date_modified":"2022-01-28T08:48:44.554358-08:00","dataset_source":9,"office":"3","docket_number":"1800007",

--- docket=6285448 call#5907 ---
URL: https://www.courtlistener.com/api/rest/v4/dockets/6285448/?format=json
Status: 200
Body: {"resource_uri":"https://www.courtlistener.com/api/rest/v4/dockets/6285448/?format=json","id":6285448,"court":"https://www.courtlistener.com/api/rest/v4/courts/nced/?format=json","court_id":"nced","original_court_info":null,"idb_data":{"resource_uri":"https://www.courtlistener.com/api/rest/v4/fjc-integrated-database/24619671/?format=json","date_created":"2018-11-21T10:03:43.893743-08:00","date_modified":"2022-01-28T12:17:20.004416-08:00","dataset_source":9,"office":"5","docket_number":"1800029",

--- docket=6290774 call#5908 ---
URL: https://www.courtlistener.com/api/rest/v4/dockets/6290774/?format=json
Status: 200
Body: {"resource_uri":"https://www.courtlistener.com/api/rest/v4/dockets/6290774/?format=json","id":6290774,"court":"https://www.courtlistener.com/api/rest/v4/courts/nced/?format=json","court_id":"nced","original_court_info":null,"idb_data":{"resource_uri":"https://www.courtlistener.com/api/rest/v4/fjc-integrated-database/24619225/?format=json","date_created":"2018-11-21T10:03:38.482465-08:00","date_modified":"2022-01-28T12:17:19.675418-08:00","dataset_source":9,"office":"5","docket_number":"1700630",

--- docket=6381531 call#5909 ---
URL: https://www.courtlistener.com/api/rest/v4/dockets/6381531/?format=json
Status: 200
Body: {"resource_uri":"https://www.courtlistener.com/api/rest/v4/dockets/6381531/?format=json","id":6381531,"court":"https://www.courtlistener.com/api/rest/v4/courts/prd/?format=json","court_id":"prd","original_court_info":null,"idb_data":{"resource_uri":"https://www.courtlistener.com/api/rest/v4/fjc-integrated-database/24488393/?format=json","date_created":"2018-11-21T09:48:39.207740-08:00","date_modified":"2022-01-28T06:32:04.091803-08:00","dataset_source":9,"office":"3","docket_number":"1502365","o

--- docket=6302127 call#5910 ---
URL: https://www.courtlistener.com/api/rest/v4/dockets/6302127/?format=json
Status: 200
Body: {"resource_uri":"https://www.courtlistener.com/api/rest/v4/dockets/6302127/?format=json","id":6302127,"court":"https://www.courtlistener.com/api/rest/v4/courts/nysd/?format=json","court_id":"nysd","original_court_info":null,"idb_data":{"resource_uri":"https://www.courtlistener.com/api/rest/v4/fjc-integrated-database/24530322/?format=json","date_created":"2018-11-21T09:52:42.278213-08:00","date_modified":"2022-01-28T08:12:03.214058-08:00","dataset_source":9,"office":"1","docket_number":"1801148",

--- docket=6302135 call#5911 ---
URL: https://www.courtlistener.com/api/rest/v4/dockets/6302135/?format=json
Status: 200
Body: {"resource_uri":"https://www.courtlistener.com/api/rest/v4/dockets/6302135/?format=json","id":6302135,"court":"https://www.courtlistener.com/api/rest/v4/courts/ilnd/?format=json","court_id":"ilnd","original_court_info":null,"idb_data":{"resource_uri":"https://www.courtlistener.com/api/rest/v4/fjc-integrated-database/24878438/?format=json","date_created":"2018-11-21T10:28:56.211577-08:00","date_modified":"2022-01-28T10:36:23.783300-08:00","dataset_source":9,"office":"1","docket_number":"1801039",

--- docket=6302246 call#5912 ---
URL: https://www.courtlistener.com/api/rest/v4/dockets/6302246/?format=json
Status: 200
Body: {"resource_uri":"https://www.courtlistener.com/api/rest/v4/dockets/6302246/?format=json","id":6302246,"court":"https://www.courtlistener.com/api/rest/v4/courts/nysd/?format=json","court_id":"nysd","original_court_info":null,"idb_data":{"resource_uri":"https://www.courtlistener.com/api/rest/v4/fjc-integrated-database/24529908/?format=json","date_created":"2018-11-21T09:52:42.227212-08:00","date_modified":"2022-01-28T11:34:48.984961-08:00","dataset_source":9,"office":"1","docket_number":"1800701",

--- docket=6303896 call#5913 ---
URL: https://www.courtlistener.com/api/rest/v4/dockets/6303896/?format=json
Status: 200
Body: {"resource_uri":"https://www.courtlistener.com/api/rest/v4/dockets/6303896/?format=json","id":6303896,"court":"https://www.courtlistener.com/api/rest/v4/courts/nysd/?format=json","court_id":"nysd","original_court_info":null,"idb_data":{"resource_uri":"https://www.courtlistener.com/api/rest/v4/fjc-integrated-database/24522350/?format=json","date_created":"2018-11-21T09:51:57.659077-08:00","date_modified":"2022-01-28T09:54:56.724438-08:00","dataset_source":9,"office":"1","docket_number":"1700139",

--- docket=6309152 call#5914 ---
URL: https://www.courtlistener.com/api/rest/v4/dockets/6309152/?format=json
Status: 200
Body: {"resource_uri":"https://www.courtlistener.com/api/rest/v4/dockets/6309152/?format=json","id":6309152,"court":"https://www.courtlistener.com/api/rest/v4/courts/nysd/?format=json","court_id":"nysd","original_court_info":null,"idb_data":{"resource_uri":"https://www.courtlistener.com/api/rest/v4/fjc-integrated-database/24530448/?format=json","date_created":"2018-11-21T09:52:42.293755-08:00","date_modified":"2022-01-28T08:12:03.836145-08:00","dataset_source":9,"office":"1","docket_number":"1801284",

--- docket=6315493 call#5915 ---
URL: https://www.courtlistener.com/api/rest/v4/dockets/6315493/?format=json
Status: 200
Body: {"resource_uri":"https://www.courtlistener.com/api/rest/v4/dockets/6315493/?format=json","id":6315493,"court":"https://www.courtlistener.com/api/rest/v4/courts/ded/?format=json","court_id":"ded","original_court_info":null,"idb_data":{"resource_uri":"https://www.courtlistener.com/api/rest/v4/fjc-integrated-database/24550009/?format=json","date_created":"2018-11-21T09:54:34.563308-08:00","date_modified":"2022-01-28T08:16:34.300086-08:00","dataset_source":9,"office":"1","docket_number":"1800286","o

--- docket=6322477 call#5916 ---
URL: https://www.courtlistener.com/api/rest/v4/dockets/6322477/?format=json
Status: 200
Body: {"resource_uri":"https://www.courtlistener.com/api/rest/v4/dockets/6322477/?format=json","id":6322477,"court":"https://www.courtlistener.com/api/rest/v4/courts/ilnd/?format=json","court_id":"ilnd","original_court_info":null,"idb_data":{"resource_uri":"https://www.courtlistener.com/api/rest/v4/fjc-integrated-database/24873883/?format=json","date_created":"2018-11-21T10:28:33.895510-08:00","date_modified":"2022-01-28T09:03:35.771757-08:00","dataset_source":9,"office":"1","docket_number":"1705742",

--- docket=6323809 call#5917 ---
URL: https://www.courtlistener.com/api/rest/v4/dockets/6323809/?format=json
Status: 200
Body: {"resource_uri":"https://www.courtlistener.com/api/rest/v4/dockets/6323809/?format=json","id":6323809,"court":"https://www.courtlistener.com/api/rest/v4/courts/ncwd/?format=json","court_id":"ncwd","original_court_info":null,"idb_data":{"resource_uri":"https://www.courtlistener.com/api/rest/v4/fjc-integrated-database/24625165/?format=json","date_created":"2018-11-21T10:04:11.635586-08:00","date_modified":"2022-01-28T10:10:16.164559-08:00","dataset_source":9,"office":"3","docket_number":"1800096",

--- docket=6325828 call#5918 ---
URL: https://www.courtlistener.com/api/rest/v4/dockets/6325828/?format=json
Status: 200
Body: {"resource_uri":"https://www.courtlistener.com/api/rest/v4/dockets/6325828/?format=json","id":6325828,"court":"https://www.courtlistener.com/api/rest/v4/courts/mad/?format=json","court_id":"mad","original_court_info":null,"idb_data":{"resource_uri":"https://www.courtlistener.com/api/rest/v4/fjc-integrated-database/24482255/?format=json","date_created":"2018-11-21T09:48:05.405077-08:00","date_modified":"2022-01-28T11:23:33.505087-08:00","dataset_source":9,"office":"1","docket_number":"1810421","o

--- docket=6330409 call#5919 ---
URL: https://www.courtlistener.com/api/rest/v4/dockets/6330409/?format=json
Status: 200
Body: {"resource_uri":"https://www.courtlistener.com/api/rest/v4/dockets/6330409/?format=json","id":6330409,"court":"https://www.courtlistener.com/api/rest/v4/courts/flsd/?format=json","court_id":"flsd","original_court_info":null,"idb_data":{"resource_uri":"https://www.courtlistener.com/api/rest/v4/fjc-integrated-database/25094621/?format=json","date_created":"2018-11-21T10:49:25.643405-08:00","date_modified":"2022-01-28T11:15:57.143628-08:00","dataset_source":9,"office":"1","docket_number":"1820866",

--- docket=6343730 call#5920 ---
URL: https://www.courtlistener.com/api/rest/v4/dockets/6343730/?format=json
Status: 200
Body: {"resource_uri":"https://www.courtlistener.com/api/rest/v4/dockets/6343730/?format=json","id":6343730,"court":"https://www.courtlistener.com/api/rest/v4/courts/cand/?format=json","court_id":"cand","original_court_info":null,"idb_data":{"resource_uri":"https://www.courtlistener.com/api/rest/v4/fjc-integrated-database/24967466/?format=json","date_created":"2018-11-21T10:37:19.595147-08:00","date_modified":"2022-01-28T10:52:03.855871-08:00","dataset_source":9,"office":"4","docket_number":"1801792",

--- docket=6353464 call#5921 ---
URL: https://www.courtlistener.com/api/rest/v4/dockets/6353464/?format=json
Status: 200
Body: {"resource_uri":"https://www.courtlistener.com/api/rest/v4/dockets/6353464/?format=json","id":6353464,"court":"https://www.courtlistener.com/api/rest/v4/courts/nvd/?format=json","court_id":"nvd","original_court_info":null,"idb_data":{"resource_uri":"https://www.courtlistener.com/api/rest/v4/fjc-integrated-database/25021866/?format=json","date_created":"2018-11-21T10:42:31.507830-08:00","date_modified":"2022-01-28T13:56:55.861639-08:00","dataset_source":9,"office":"2","docket_number":"1800479","o

--- docket=6354695 call#5922 ---
URL: https://www.courtlistener.com/api/rest/v4/dockets/6354695/?format=json
Status: 200
Body: {"resource_uri":"https://www.courtlistener.com/api/rest/v4/dockets/6354695/?format=json","id":6354695,"court":"https://www.courtlistener.com/api/rest/v4/courts/txnd/?format=json","court_id":"txnd","original_court_info":null,"idb_data":{"resource_uri":"https://www.courtlistener.com/api/rest/v4/fjc-integrated-database/25719053/?format=json","date_created":"2020-08-27T03:04:22.035218-07:00","date_modified":"2022-01-28T10:23:13.034010-08:00","dataset_source":9,"office":"3","docket_number":"1800534",

--- docket=6354731 call#5923 ---
URL: https://www.courtlistener.com/api/rest/v4/dockets/6354731/?format=json
Status: 200
Body: {"resource_uri":"https://www.courtlistener.com/api/rest/v4/dockets/6354731/?format=json","id":6354731,"court":"https://www.courtlistener.com/api/rest/v4/courts/ared/?format=json","court_id":"ared","original_court_info":null,"idb_data":{"resource_uri":"https://www.courtlistener.com/api/rest/v4/fjc-integrated-database/24915648/?format=json","date_created":"2018-11-21T10:32:32.946254-08:00","date_modified":"2022-01-28T13:28:12.906035-08:00","dataset_source":9,"office":"4","docket_number":"1800202",

--- docket=6359669 call#5924 ---
URL: https://www.courtlistener.com/api/rest/v4/dockets/6359669/?format=json
Status: 200
Body: {"resource_uri":"https://www.courtlistener.com/api/rest/v4/dockets/6359669/?format=json","id":6359669,"court":"https://www.courtlistener.com/api/rest/v4/courts/nysd/?format=json","court_id":"nysd","original_court_info":null,"idb_data":{"resource_uri":"https://www.courtlistener.com/api/rest/v4/fjc-integrated-database/24531991/?format=json","date_created":"2018-11-21T09:52:53.347437-08:00","date_modified":"2022-01-28T09:55:11.163106-08:00","dataset_source":9,"office":"1","docket_number":"1803021",

--- docket=6363371 call#5925 ---
URL: https://www.courtlistener.com/api/rest/v4/dockets/6363371/?format=json
Status: 200
Body: {"resource_uri":"https://www.courtlistener.com/api/rest/v4/dockets/6363371/?format=json","id":6363371,"court":"https://www.courtlistener.com/api/rest/v4/courts/kywd/?format=json","court_id":"kywd","original_court_info":null,"idb_data":null,"clusters":["https://www.courtlistener.com/api/rest/v4/clusters/9715203/?format=json"],"audio_files":[],"assigned_to":"https://www.courtlistener.com/api/rest/v4/people/8584/?format=json","referred_to":null,"bankruptcy_information":null,"absolute_url":"/docket/

--- docket=6363385 call#5926 ---
URL: https://www.courtlistener.com/api/rest/v4/dockets/6363385/?format=json
Status: 200
Body: {"resource_uri":"https://www.courtlistener.com/api/rest/v4/dockets/6363385/?format=json","id":6363385,"court":"https://www.courtlistener.com/api/rest/v4/courts/ded/?format=json","court_id":"ded","original_court_info":null,"idb_data":{"resource_uri":"https://www.courtlistener.com/api/rest/v4/fjc-integrated-database/24550274/?format=json","date_created":"2018-11-21T09:54:34.595955-08:00","date_modified":"2022-01-28T11:43:42.268817-08:00","dataset_source":9,"office":"1","docket_number":"1800551","o

--- docket=6366843 call#5927 ---
URL: https://www.courtlistener.com/api/rest/v4/dockets/6366843/?format=json
Status: 200
Body: {"resource_uri":"https://www.courtlistener.com/api/rest/v4/dockets/6366843/?format=json","id":6366843,"court":"https://www.courtlistener.com/api/rest/v4/courts/mad/?format=json","court_id":"mad","original_court_info":null,"idb_data":{"resource_uri":"https://www.courtlistener.com/api/rest/v4/fjc-integrated-database/24481927/?format=json","date_created":"2018-11-21T09:48:05.364698-08:00","date_modified":"2022-01-28T11:23:32.819674-08:00","dataset_source":9,"office":"1","docket_number":"1810077","o

--- docket=6366935 call#5928 ---
URL: https://www.courtlistener.com/api/rest/v4/dockets/6366935/?format=json
Status: 200
Body: {"resource_uri":"https://www.courtlistener.com/api/rest/v4/dockets/6366935/?format=json","id":6366935,"court":"https://www.courtlistener.com/api/rest/v4/courts/kywd/?format=json","court_id":"kywd","original_court_info":null,"idb_data":{"resource_uri":"https://www.courtlistener.com/api/rest/v4/fjc-integrated-database/24820414/?format=json","date_created":"2018-11-21T10:23:28.328729-08:00","date_modified":"2022-01-28T12:55:47.257961-08:00","dataset_source":9,"office":"3","docket_number":"1800109",

--- docket=6370178 call#5929 ---
URL: https://www.courtlistener.com/api/rest/v4/dockets/6370178/?format=json
Status: 200
Body: {"resource_uri":"https://www.courtlistener.com/api/rest/v4/dockets/6370178/?format=json","id":6370178,"court":"https://www.courtlistener.com/api/rest/v4/courts/lawd/?format=json","court_id":"lawd","original_court_info":null,"idb_data":null,"clusters":["https://www.courtlistener.com/api/rest/v4/clusters/9726599/?format=json","https://www.courtlistener.com/api/rest/v4/clusters/9727543/?format=json","https://www.courtlistener.com/api/rest/v4/clusters/9727046/?format=json","https://www.courtlistener

--- docket=6370203 call#5930 ---
URL: https://www.courtlistener.com/api/rest/v4/dockets/6370203/?format=json
Status: 200
Body: {"resource_uri":"https://www.courtlistener.com/api/rest/v4/dockets/6370203/?format=json","id":6370203,"court":"https://www.courtlistener.com/api/rest/v4/courts/lawd/?format=json","court_id":"lawd","original_court_info":null,"idb_data":{"resource_uri":"https://www.courtlistener.com/api/rest/v4/fjc-integrated-database/24766116/?format=json","date_created":"2018-11-21T10:18:01.609831-08:00","date_modified":"2022-01-28T10:20:55.987560-08:00","dataset_source":9,"office":"5","docket_number":"1800548",

--- docket=6374197 call#5931 ---
URL: https://www.courtlistener.com/api/rest/v4/dockets/6374197/?format=json
Status: 200
Body: {"resource_uri":"https://www.courtlistener.com/api/rest/v4/dockets/6374197/?format=json","id":6374197,"court":"https://www.courtlistener.com/api/rest/v4/courts/nysd/?format=json","court_id":"nysd","original_court_info":null,"idb_data":{"resource_uri":"https://www.courtlistener.com/api/rest/v4/fjc-integrated-database/24532500/?format=json","date_created":"2018-11-21T09:52:53.409313-08:00","date_modified":"2022-01-28T11:34:55.067465-08:00","dataset_source":9,"office":"1","docket_number":"1803608",

--- docket=6379051 call#5932 ---
URL: https://www.courtlistener.com/api/rest/v4/dockets/6379051/?format=json
Status: 200
Body: {"resource_uri":"https://www.courtlistener.com/api/rest/v4/dockets/6379051/?format=json","id":6379051,"court":"https://www.courtlistener.com/api/rest/v4/courts/nysd/?format=json","court_id":"nysd","original_court_info":null,"idb_data":{"resource_uri":"https://www.courtlistener.com/api/rest/v4/fjc-integrated-database/24532542/?format=json","date_created":"2018-11-21T09:52:59.051600-08:00","date_modified":"2022-01-28T11:34:55.215365-08:00","dataset_source":9,"office":"1","docket_number":"1803655",

--- docket=6379058 call#5933 ---
URL: https://www.courtlistener.com/api/rest/v4/dockets/6379058/?format=json
Status: 429
Body: {"detail":"Request was throttled. Expected available in 649 seconds."}

--- docket=6379058 call#5934 ---
URL: https://www.courtlistener.com/api/rest/v4/dockets/6379058/?format=json
Status: 429
Body: {"detail":"Request was throttled. Expected available in 589 seconds."}

--- docket=6379058 call#5935 ---
URL: https://www.courtlistener.com/api/rest/v4/dockets/6379058/?format=json
Status: 429
Body: {"detail":"Request was throttled. Expected available in 465 seconds."}
